phase,assigner_call,sample_index,gt_index,area_px,area_bin,positive_count
train,0,0,0,62.93749237060547,small,3
train,0,0,1,310.7715148925781,small,5
train,0,0,2,1140.3494873046875,medium,10
train,0,0,3,422.08453369140625,small,7
train,0,0,4,2755.05908203125,medium,10
train,0,0,5,27.192323684692383,small,0
train,0,0,6,21.364376068115234,small,0
train,0,0,7,12.23581314086914,small,0
train,0,0,8,10.875923156738281,small,0
train,0,0,9,34.18645477294922,small,1
train,0,0,10,32.049224853515625,small,1
train,0,0,11,15.733039855957031,small,1
train,0,0,12,13.984277725219727,small,0
train,0,1,0,6816.50537109375,medium,10
train,0,1,1,1683.5150146484375,medium,10
train,0,1,2,1646.141357421875,medium,10
train,0,1,3,3469.84765625,medium,10
train,0,1,4,2948.7177734375,medium,10
train,0,1,5,3354.304931640625,medium,10
train,0,1,6,1701.01220703125,medium,10
train,0,1,7,1769.3863525390625,medium,10
train,0,1,8,1713.4476318359375,medium,10
train,0,1,9,1391.933349609375,medium,10
train,0,1,10,1764.35791015625,medium,10
train,0,1,11,996.6757202148438,small,10
train,0,1,12,888.0123291015625,small,10
train,0,1,13,865.226806640625,small,10
train,0,1,14,496.22113037109375,small,8
train,0,1,15,1024.2757568359375,medium,8
train,0,1,16,2035.78271484375,medium,10
train,0,1,17,1730.169677734375,medium,9
train,0,1,18,1183.3104248046875,medium,10
train,0,1,19,152.6923065185547,small,3
train,0,1,20,257.65045166015625,small,5
train,0,1,21,305.364990234375,small,5
train,0,1,22,185.55868530273438,small,3
train,0,1,23,432.6138610839844,small,9
train,0,1,24,278.3301086425781,small,6
train,0,1,25,472.3710021972656,small,9
train,0,1,26,164.35256958007812,small,2
train,0,1,27,229.02374267578125,small,2
train,0,1,28,369.5274353027344,small,8
train,0,1,29,166.995849609375,small,5
train,0,1,30,181.3093719482422,small,3
train,0,1,31,749.9188232421875,small,10
train,0,1,32,3015.55908203125,medium,10
train,0,1,33,868.3971557617188,small,10
train,0,1,34,209.93588256835938,small,1
train,0,2,0,116.91612243652344,small,6
train,0,2,1,165.71836853027344,small,6
train,0,2,2,774.5348510742188,small,10
train,0,2,3,389.7177429199219,small,5
train,0,2,4,271.1640625,small,0
train,0,2,5,64.95199584960938,small,3
train,0,2,6,74.23445129394531,small,3
train,0,2,7,29.80207061767578,small,2
train,0,2,8,21.614154815673828,small,1
train,0,2,9,24.126047134399414,small,4
train,0,2,10,14.192164421081543,small,2
train,0,2,11,39.30123519897461,small,3
train,0,2,12,80.89080810546875,small,4
train,0,2,13,100.4346694946289,small,4
train,0,2,14,43.230323791503906,small,0
train,0,2,15,42.02780532836914,small,0
train,0,2,16,356.3194885253906,small,9
train,0,3,0,22.425247192382812,small,3
train,0,3,1,26.16448402404785,small,2
train,0,3,2,12.615421295166016,small,0
train,0,3,3,18.687427520751953,small,0
train,0,3,4,25.693408966064453,small,0
train,0,3,5,14.950275421142578,small,0
train,0,3,6,16.818391799926758,small,0
train,0,3,7,292.9383239746094,small,4
train,0,3,8,224.2681884765625,small,5
train,0,3,9,176.140380859375,small,4
train,0,3,10,196.23204040527344,small,4
train,0,3,11,203.24295043945312,small,4
train,0,3,12,224.26815795898438,small,4
train,0,3,13,224.2694854736328,small,4
train,0,3,14,143.89773559570312,small,3
train,0,3,15,216.78607177734375,small,7
train,0,3,16,196.23609924316406,small,2
train,0,3,17,151.8566131591797,small,5
train,0,3,18,139.70484924316406,small,3
train,0,3,19,230.33151245117188,small,4
train,0,3,20,196.2373504638672,small,4
train,0,3,21,231.74195861816406,small,4
train,0,3,22,231.74229431152344,small,4
train,0,3,23,201.84078979492188,small,5
train,0,3,24,196.23641967773438,small,2
train,0,3,25,182.21533203125,small,4
train,0,3,26,163.99728393554688,small,2
train,0,3,27,175.2099151611328,small,3
train,0,3,28,150.4459991455078,small,3
train,0,3,29,182.21583557128906,small,2
train,0,3,30,168.20938110351562,small,2
train,0,3,31,170.06924438476562,small,2
train,0,3,32,176.6077880859375,small,4
train,0,3,33,163.52197265625,small,4
train,0,3,34,189.68470764160156,small,2
train,0,3,35,443.87139892578125,small,10
train,0,3,36,29.433208465576172,small,4
train,0,3,37,176.1417694091797,small,3
train,0,3,38,176.6087188720703,small,4
train,0,3,39,11.214208602905273,small,0
train,0,3,40,16.35148811340332,small,3
train,0,3,41,11.213541030883789,small,0
train,0,3,42,23.362308502197266,small,0
train,1,0,0,499.78582763671875,small,9
train,1,0,1,254.25601196289062,small,5
train,1,0,2,226.64715576171875,small,5
train,1,0,3,604.7608642578125,small,10
train,1,0,4,426.06011962890625,small,10
train,1,0,5,319.629638671875,small,9
train,1,0,6,110.42124938964844,small,1
train,1,0,7,926.9337158203125,small,9
train,1,0,8,1080.9312744140625,medium,10
train,1,0,9,324.3473815917969,small,3
train,1,0,10,331.2542419433594,small,3
train,1,0,11,389.0082092285156,small,2
train,1,0,12,343.6084289550781,small,8
train,1,0,13,463.46417236328125,small,10
train,1,0,14,135.84071350097656,small,3
train,1,0,15,81.3599853515625,small,3
train,1,0,16,26.151535034179688,small,0
train,1,0,17,1394.7623291015625,medium,10
train,1,0,18,1468.1387939453125,medium,10
train,1,0,19,1128.88818359375,medium,10
train,1,0,20,876.806884765625,small,10
train,1,0,21,779.0938720703125,small,10
train,1,0,22,209.9348602294922,small,5
train,1,0,23,517.583984375,small,9
train,1,0,24,455.4730224609375,small,10
train,1,0,25,315.2745361328125,small,5
train,1,0,26,236.0944061279297,small,6
train,1,0,27,207.75897216796875,small,5
train,1,0,28,47.943267822265625,small,3
train,1,0,29,36.3233528137207,small,4
train,1,0,30,43.94684982299805,small,3
train,1,0,31,63.926109313964844,small,5
train,1,0,32,21.79151153564453,small,0
train,1,0,33,75.1868667602539,small,1
train,1,0,34,8.716663360595703,small,1
train,1,0,35,50.85004806518555,small,0
train,1,0,36,49.03559112548828,small,1
train,1,0,37,61.021461486816406,small,1
train,1,0,38,20.341211318969727,small,0
train,1,0,39,20.339555740356445,small,2
train,1,0,40,17.79862403869629,small,2
train,1,0,41,17.79862403869629,small,0
train,1,0,42,7.264744281768799,small,0
train,1,0,43,10.8955717086792,small,1
train,1,0,44,10.896381378173828,small,0
train,1,0,45,10.895755767822266,small,2
train,1,0,46,9.079643249511719,small,0
train,1,0,47,7.264744281768799,small,0
train,1,0,48,5.811648368835449,small,1
train,1,0,49,7.264744281768799,small,1
train,1,0,50,14.52798080444336,small,1
train,1,0,51,18.160022735595703,small,0
train,1,0,52,15.255117416381836,small,2
train,1,0,53,31.962154388427734,small,1
train,1,0,54,27.240585327148438,small,0
train,1,0,55,34.86937713623047,small,0
train,1,0,56,17.79836654663086,small,1
train,1,0,57,10.169833183288574,small,0
train,1,0,58,8.71688461303711,small,0
train,1,0,59,10.896381378173828,small,1
train,1,0,60,5.811648368835449,small,0
train,1,0,61,14.530077934265137,small,0
train,1,0,62,8.717840194702148,small,0
train,1,0,63,232.46417236328125,small,5
train,1,0,64,117.68157958984375,small,4
train,1,0,65,58.840457916259766,small,1
train,1,0,66,151.82763671875,small,3
train,1,0,67,254.25042724609375,small,4
train,1,0,68,261.5207214355469,small,3
train,1,0,69,147.46519470214844,small,1
train,1,0,70,161.26901245117188,small,1
train,1,0,71,203.40431213378906,small,3
train,1,0,72,174.70834350585938,small,3
train,1,0,73,143.83193969726562,small,0
train,1,0,74,148.19357299804688,small,4
train,1,0,75,116.23113250732422,small,0
train,1,0,76,101.34112548828125,small,0
train,1,0,77,112.60224914550781,small,0
train,1,0,78,59.929691314697266,small,3
train,1,0,79,49.03559112548828,small,0
train,1,0,80,61.7475700378418,small,1
train,1,0,81,34.869449615478516,small,2
train,1,0,82,123.85580444335938,small,2
train,1,0,83,107.87803649902344,small,0
train,1,0,84,111.14797973632812,small,0
train,1,0,85,112.60074615478516,small,3
train,1,0,86,95.89032745361328,small,0
train,1,0,87,143.8310089111328,small,1
train,1,0,88,151.81939697265625,small,0
train,1,0,89,183.78509521484375,small,0
train,1,0,90,61.38517761230469,small,3
train,1,0,91,184.14979553222656,small,3
train,1,0,92,155.8187713623047,small,5
train,1,0,93,127.84934997558594,small,0
train,1,0,94,98.07118225097656,small,0
train,1,0,95,101.7001724243164,small,0
train,1,0,96,98.07085418701172,small,0
train,1,0,97,29.05596160888672,small,0
train,1,0,98,152.5548553466797,small,3
train,1,0,99,26.151756286621094,small,1
train,1,0,100,33.05488204956055,small,0
train,1,0,101,51.938472747802734,small,5
train,1,1,0,1913.5953369140625,medium,10
train,1,1,1,1824.6766357421875,medium,10
train,1,1,2,11890.3681640625,large,10
train,1,1,3,414.384033203125,small,7
train,1,1,4,354.39630126953125,small,10
train,1,1,5,1345.4967041015625,medium,10
train,1,1,6,89.12046813964844,small,1
train,1,1,7,299.0101013183594,small,6
train,1,1,8,240.3559112548828,small,3
train,1,1,9,138.00306701660156,small,2
train,1,1,10,355.7414245605469,small,6
train,1,1,11,373.18798828125,small,7
train,1,1,12,989.385498046875,small,10
train,1,1,13,189.55599975585938,small,2
train,1,1,14,104.65290069580078,small,0
train,1,1,15,269.1085205078125,small,6
train,1,1,16,211.60243225097656,small,2
train,1,1,17,236.12759399414062,small,4
train,1,1,18,263.54510498046875,small,2
train,1,1,19,279.059326171875,small,6
train,1,1,20,189.745849609375,small,4
train,1,1,21,133.40061950683594,small,3
train,1,1,22,134.16949462890625,small,2
train,1,1,23,111.17103576660156,small,2
train,1,1,24,118.07320404052734,small,2
train,1,1,25,124.77383422851562,small,1
train,1,1,26,143.36094665527344,small,1
train,1,1,27,132.82603454589844,small,1
train,1,1,28,158.69798278808594,small,3
train,1,1,29,136.8442840576172,small,1
train,1,1,30,162.9127197265625,small,3
train,1,1,31,170.20071411132812,small,3
train,1,1,32,141.067626953125,small,4
train,1,1,33,156.97592163085938,small,1
train,1,1,34,186.87799072265625,small,4
train,1,1,35,180.7382049560547,small,1
train,1,1,36,201.8311004638672,small,3
train,1,1,37,174.8020477294922,small,2
train,1,1,38,176.32862854003906,small,3
train,1,1,39,210.83416748046875,small,3
train,1,1,40,269.8728942871094,small,6
train,1,1,41,206.99575805664062,small,3
train,1,1,42,270.2497253417969,small,4
train,1,1,43,236.13656616210938,small,1
train,1,1,44,199.32908630371094,small,2
train,1,1,45,243.22396850585938,small,4
train,1,1,46,183.99574279785156,small,2
train,1,1,47,268.33721923828125,small,4
train,1,1,48,1096.324462890625,medium,10
train,1,1,49,312.7965087890625,small,5
train,1,1,50,285.2037353515625,small,4
train,1,1,51,364.93231201171875,small,6
train,1,1,52,460.0005798339844,small,6
train,1,1,53,318.9336853027344,small,3
train,1,1,54,2649.615966796875,medium,10
train,1,1,55,274.08355712890625,small,5
train,1,1,56,560.6273803710938,small,10
train,1,1,57,324.29388427734375,small,4
train,1,1,58,2629.687255859375,medium,10
train,1,1,59,711.0767211914062,small,9
train,1,1,60,455.97491455078125,small,9
train,1,1,61,603.7498779296875,small,9
train,1,1,62,3198.53466796875,medium,10
train,1,1,63,967.144287109375,small,10
train,1,1,64,776.2545166015625,small,9
train,1,1,65,599.5457763671875,small,5
train,1,1,66,1264.236572265625,medium,10
train,1,1,67,1368.50634765625,medium,10
train,1,1,68,1016.04052734375,small,9
train,1,1,69,1990.2412109375,medium,9
train,1,1,70,1345.493896484375,medium,10
train,1,1,71,2101.062744140625,medium,9
train,1,1,72,1469.70849609375,medium,10
train,1,1,73,1578.5811767578125,medium,9
train,1,1,74,2335.06396484375,medium,8
train,1,1,75,2835.900390625,medium,10
train,1,1,76,2529.043212890625,medium,10
train,1,1,77,2962.405517578125,medium,10
train,1,1,78,18309.974609375,large,10
train,1,1,79,3520.263671875,medium,10
train,1,1,80,271.40313720703125,small,6
train,1,1,81,200.2965850830078,small,1
train,1,1,82,217.34124755859375,small,1
train,1,1,83,418.4038391113281,small,7
train,1,1,84,233.44085693359375,small,1
train,1,1,85,315.6862487792969,small,5
train,1,1,86,301.87786865234375,small,5
train,1,1,87,287.498291015625,small,2
train,1,1,88,568.8790893554688,small,10
train,1,1,89,219.2618865966797,small,1
train,1,1,90,276.5787048339844,small,5
train,1,1,91,171.7310028076172,small,2
train,1,1,92,226.93727111816406,small,4
train,1,1,93,1073.3309326171875,medium,10
train,1,1,94,144.5211944580078,small,4
train,1,1,95,160.22872924804688,small,1
train,1,1,96,184.19479370117188,small,5
train,1,1,97,149.87973022460938,small,1
train,1,1,98,674.6768188476562,small,10
train,1,1,99,573.6609497070312,small,9
train,1,2,0,546.8359375,small,9
train,1,2,1,847.6277465820312,small,10
train,1,2,2,1438.6595458984375,medium,10
train,1,2,3,1430.2041015625,medium,10
train,1,2,4,236.6182403564453,small,6
train,1,2,5,2863.124267578125,medium,10
train,1,2,6,1661.5675048828125,medium,10
train,1,2,7,441.691650390625,small,8
train,1,2,8,1211.4715576171875,medium,9
train,1,2,9,694.0999145507812,small,10
train,1,2,10,588.9134521484375,small,10
train,1,2,11,774.0068969726562,small,10
train,1,2,12,975.3980712890625,small,10
train,1,2,13,287.0997009277344,small,3
train,1,2,14,299.70806884765625,small,8
train,1,2,15,370.1701354980469,small,8
train,1,2,16,588.9122924804688,small,10
train,1,2,17,1862.449462890625,medium,10
train,1,2,18,241.8829803466797,small,3
train,1,2,19,104.10877227783203,small,4
train,1,2,20,94.64588928222656,small,1
train,1,2,21,134.08876037597656,small,2
train,1,2,22,117.78545379638672,small,2
train,1,2,23,75.18838500976562,small,2
train,1,2,24,80.97177124023438,small,5
train,1,2,25,94.6508560180664,small,4
train,1,2,26,94.64509582519531,small,1
train,1,2,27,88.33218383789062,small,1
train,1,2,28,94.64642333984375,small,2
train,1,2,29,206.12020874023438,small,4
train,1,2,30,132.50160217285156,small,3
train,1,2,31,67.30329895019531,small,2
train,1,2,32,75.18838500976562,small,3
train,1,2,33,44.171363830566406,small,0
train,1,2,34,99.38775634765625,small,3
train,1,2,35,115.68309783935547,small,4
train,1,2,36,99.90913391113281,small,5
train,1,2,37,47.84809494018555,small,0
train,1,2,38,109.37094116210938,small,2
train,1,2,39,108.85172271728516,small,4
train,1,2,40,41.0156135559082,small,0
train,1,2,41,63.09770584106445,small,4
train,1,2,42,160.90235900878906,small,5
train,1,2,43,100.95491027832031,small,2
train,1,2,44,84.13429260253906,small,4
train,1,2,45,92.54413604736328,small,3
train,1,2,46,73.61418914794922,small,2
train,1,2,47,107.26371002197266,small,2
train,1,2,48,75.72417449951172,small,5
train,1,2,49,55.212242126464844,small,0
train,1,2,50,70.99163055419922,small,3
train,1,2,51,78.87644958496094,small,3
train,1,2,52,134.61741638183594,small,2
train,1,2,53,88.33103942871094,small,1
train,1,2,54,84.13429260253906,small,3
train,1,2,55,134.61741638183594,small,2
train,1,2,56,80.97225952148438,small,2
train,1,2,57,88.33094787597656,small,1
train,1,2,58,116.21284484863281,small,2
train,1,2,59,73.61480712890625,small,2
train,1,2,60,63.09703826904297,small,4
train,1,2,61,66.2554931640625,small,3
train,1,2,62,56.790199279785156,small,3
train,1,2,63,75.7232666015625,small,4
train,1,2,64,51.528812408447266,small,3
train,1,2,65,41.0157470703125,small,0
train,1,2,66,36.806251525878906,small,0
train,1,2,67,56.790199279785156,small,1
train,1,2,68,75.18838500976562,small,5
train,1,2,69,62.57344436645508,small,0
train,1,2,70,75.71565246582031,small,4
train,1,3,0,6960.86279296875,medium,10
train,1,3,1,5352.6142578125,medium,10
train,1,3,2,454.4983215332031,small,6
train,1,3,3,2038.40966796875,medium,10
train,1,3,4,1741.8265380859375,medium,10
train,1,3,5,1612.8095703125,medium,10
train,1,3,6,1185.3941650390625,medium,3
train,1,3,7,786.2389526367188,small,3
train,1,3,8,759.7937622070312,small,10
train,1,3,9,687.2059326171875,small,10
train,1,3,10,722.17724609375,small,10
train,1,3,11,3306.21435546875,medium,10
train,1,3,12,663.0401000976562,small,10
train,1,3,13,483.8389587402344,small,9
train,1,3,14,1053.6783447265625,medium,4
train,1,3,15,1980.133544921875,medium,10
train,1,3,16,817.1419677734375,small,10
train,1,3,17,852.9899291992188,small,10
train,1,3,18,943.9224853515625,small,10
train,1,3,19,806.3845825195312,small,10
train,1,3,20,649.5839233398438,small,10
train,1,3,21,745.4649658203125,small,10
train,1,3,22,636.5972290039062,small,9
train,1,3,23,803.7100830078125,small,10
train,1,3,24,1689.819091796875,medium,10
train,2,0,0,2070.78125,medium,10
train,2,0,1,2379.474365234375,medium,10
train,2,0,2,2767.846923828125,medium,10
train,2,0,3,1965.6427001953125,medium,7
train,2,0,4,1818.9288330078125,medium,10
train,2,0,5,2018.2169189453125,medium,10
train,2,0,6,1682.4112548828125,medium,9
train,2,0,7,1068.4747314453125,medium,9
train,2,0,8,1098.9964599609375,medium,6
train,2,0,9,1180.4093017578125,medium,10
train,2,0,10,914.1473999023438,small,6
train,2,0,11,763.1914672851562,small,6
train,2,0,12,789.481689453125,small,10
train,2,0,13,801.35498046875,small,7
train,2,0,14,676.6941528320312,small,5
train,2,0,15,729.2784423828125,small,7
train,2,0,16,625.8065185546875,small,10
train,2,0,17,308.6614990234375,small,4
train,2,0,18,2761.035888671875,medium,10
train,2,0,19,1845.2432861328125,medium,6
train,2,0,20,2808.5458984375,medium,9
train,2,0,21,2136.956298828125,medium,6
train,2,0,22,2287.85986328125,medium,10
train,2,0,23,1524.688720703125,medium,10
train,2,0,24,1007.420654296875,small,7
train,2,0,25,1020.9932250976562,small,10
train,2,0,26,837.8154907226562,small,6
train,2,0,27,915.8244018554688,small,6
train,2,0,28,705.541748046875,small,8
train,2,0,29,1007.4193725585938,small,10
train,2,0,30,953.9850463867188,small,5
train,2,0,31,1182.9410400390625,medium,10
train,2,0,32,457.91961669921875,small,4
train,2,0,33,634.2822875976562,small,9
train,2,0,34,564.76171875,small,10
train,2,0,35,485.0487365722656,small,10
train,2,0,36,259.4817810058594,small,2
train,2,0,37,71.22933959960938,small,0
train,2,0,38,457.9108581542969,small,8
train,2,0,39,457.9180908203125,small,10
train,2,0,40,1093.917236328125,medium,10
train,2,0,41,427.3892822265625,small,9
train,2,0,42,585.111328125,small,10
train,2,0,43,749.6151733398438,small,10
train,2,0,44,610.5563354492188,small,10
train,2,0,45,617.331298828125,small,10
train,2,0,46,664.8364868164062,small,10
train,2,0,47,190.79991149902344,small,5
train,2,0,48,165.35792541503906,small,3
train,2,0,49,143.31381225585938,small,2
train,2,0,50,38.15781784057617,small,1
train,2,0,51,88.18743896484375,small,0
train,2,0,52,115.31993103027344,small,2
train,2,0,53,186.55157470703125,small,1
train,2,0,54,209.4576873779297,small,4
train,2,0,55,169.60459899902344,small,1
train,2,0,56,154.33074951171875,small,3
train,2,0,57,83.10810852050781,small,4
train,2,0,58,71.23102569580078,small,0
train,2,0,59,77.17121887207031,small,0
train,2,0,60,102.60277557373047,small,4
train,2,0,61,50.880313873291016,small,1
train,2,0,62,81.40283203125,small,2
train,2,0,63,65.2978515625,small,3
train,2,0,64,71.23338317871094,small,2
train,2,0,65,99.21388244628906,small,2
train,2,0,66,115.31993103027344,small,2
train,2,0,67,59.36430740356445,small,2
train,2,0,68,50.8804817199707,small,1
train,2,0,69,45.792213439941406,small,3
train,2,0,70,23.74551010131836,small,0
train,2,0,71,33.91771697998047,small,5
train,2,0,72,99.21559143066406,small,2
train,2,0,73,30.530391693115234,small,0
train,2,0,74,167.8965301513672,small,2
train,2,0,75,84.80455017089844,small,2
train,2,0,76,40.70377731323242,small,2
train,2,0,77,463.0039367675781,small,8
train,2,0,78,74.61851501464844,small,2
train,2,0,79,65.29723358154297,small,1
train,2,1,0,2077.282470703125,medium,10
train,2,1,1,2437.15966796875,medium,10
train,2,1,2,1800.8253173828125,medium,10
train,2,1,3,2131.836181640625,medium,10
train,2,1,4,2656.1708984375,medium,10
train,2,1,5,11303.84765625,large,10
train,2,1,6,1191.88916015625,medium,10
train,2,1,7,736.178466796875,small,10
train,2,1,8,863.8442993164062,small,10
train,2,1,9,782.227294921875,small,10
train,2,1,10,662.5526123046875,small,10
train,2,1,11,689.4190063476562,small,10
train,2,1,12,1201.8841552734375,medium,10
train,2,1,13,400.7987365722656,small,8
train,2,1,14,308.6568908691406,small,8
train,2,1,15,286.4626770019531,small,5
train,2,1,16,210.32949829101562,small,5
train,2,1,17,187.29432678222656,small,4
train,2,1,18,155.24766540527344,small,2
train,2,1,19,165.59976196289062,small,3
train,2,1,20,117.18862915039062,small,2
train,2,1,21,125.86309814453125,small,2
train,2,1,22,99.82447814941406,small,4
train,2,1,23,77.11681365966797,small,1
train,2,1,24,1646.60400390625,medium,10
train,2,1,25,1283.0250244140625,medium,10
train,2,1,26,1063.3338623046875,medium,5
train,2,1,27,1307.0638427734375,medium,10
train,2,1,28,822.634033203125,small,6
train,2,1,29,590.0861206054688,small,5
train,2,1,30,2591.598388671875,medium,10
train,2,1,31,384.60418701171875,small,7
train,2,1,32,330.1833801269531,small,6
train,2,1,33,392.6156005859375,small,8
train,2,1,34,280.4425964355469,small,6
train,2,1,35,201.82614135742188,small,2
train,2,1,36,253.228271484375,small,4
train,2,1,37,260.0733337402344,small,5
train,2,1,38,165.59815979003906,small,3
train,2,1,39,695.2701416015625,small,10
train,2,1,40,527.8186645507812,small,8
train,2,1,41,192.30567932128906,small,3
train,2,1,42,165.263427734375,small,4
train,2,1,43,110.17157745361328,small,1
train,2,1,44,83.46844482421875,small,0
train,2,1,45,103.66609191894531,small,1
train,2,1,46,108.50563049316406,small,2
train,2,1,47,91.14437866210938,small,2
train,2,1,48,104.16532897949219,small,2
train,2,1,49,358.2374572753906,small,4
train,2,1,50,57.092002868652344,small,4
train,2,1,51,69.77658081054688,small,2
train,2,1,52,66.6038818359375,small,1
train,2,1,53,59.59212112426758,small,1
train,2,1,54,73.61145782470703,small,0
train,2,1,55,300.4714660644531,small,1
train,2,1,56,300.4731140136719,small,2
train,2,1,57,286.4512939453125,small,3
train,2,1,58,283.7828674316406,small,1
train,2,1,59,217.01405334472656,small,3
train,2,1,60,180.287109375,small,3
train,2,1,61,165.26370239257812,small,1
train,2,1,62,139.0554962158203,small,1
train,2,1,63,128.20379638671875,small,0
train,2,1,64,139.0554962158203,small,1
train,2,1,65,153.24427795410156,small,3
train,2,1,66,112.68224334716797,small,0
train,2,1,67,109.50700378417969,small,1
train,2,1,68,92.64850616455078,small,2
train,2,1,69,87.63800048828125,small,2
train,2,1,70,91.97976684570312,small,2
train,2,1,71,98.32563781738281,small,1
train,2,1,72,69.77658081054688,small,2
train,2,1,73,66.6038818359375,small,0
train,2,1,74,319.00994873046875,small,7
train,2,1,75,66.6038818359375,small,1
train,2,1,76,63.43687438964844,small,1
train,2,1,77,176.28579711914062,small,3
train,2,1,78,157.7471466064453,small,3
train,2,1,79,135.21241760253906,small,4
train,2,1,80,99.82563018798828,small,0
train,2,1,81,88.13835906982422,small,3
train,2,1,82,95.4853286743164,small,0
train,2,1,83,101.65773010253906,small,2
train,2,1,84,66.10414123535156,small,0
train,2,1,85,105.1673812866211,small,2
train,2,1,86,136.88479614257812,small,3
train,2,1,87,66.6038818359375,small,2
train,2,1,88,66.10369873046875,small,1
train,2,1,89,47.575958251953125,small,2
train,2,1,90,42.733001708984375,small,1
train,2,1,91,42.733001708984375,small,1
train,2,1,92,45.071624755859375,small,0
train,2,1,93,35.052974700927734,small,1
train,2,1,94,34.719913482666016,small,1
train,2,1,95,32.54951477050781,small,1
train,2,1,96,188.7956085205078,small,5
train,2,1,97,42.56654739379883,small,0
train,2,1,98,53.41984176635742,small,1
train,2,1,99,44.404136657714844,small,3
train,2,1,100,40.0612907409668,small,1
train,2,1,101,66.6038818359375,small,2
train,2,1,102,42.06643295288086,small,2
train,2,1,103,34.720237731933594,small,0
train,2,1,104,42.06608200073242,small,3
train,2,1,105,30.382356643676758,small,0
train,2,1,106,32.04875183105469,small,0
train,2,1,107,32.54951477050781,small,1
train,2,1,108,32.549190521240234,small,0
train,2,1,109,30.045331954956055,small,1
train,2,1,110,23.8713321685791,small,0
train,2,1,111,30.045331954956055,small,1
train,2,1,112,240.38577270507812,small,6
train,2,1,113,184.78895568847656,small,5
train,2,1,114,93.48113250732422,small,2
train,2,1,115,30.382356643676758,small,1
train,2,1,116,26.04210662841797,small,0
train,2,1,117,30.382356643676758,small,1
train,2,1,118,28.211957931518555,small,0
train,2,1,119,22.034589767456055,small,0
train,2,1,120,22.03431510925293,small,0
train,2,1,121,26.04148292541504,small,0
train,2,1,122,28.211957931518555,small,0
train,2,1,123,28.211633682250977,small,1
train,2,1,124,22.034290313720703,small,0
train,2,1,125,20.03087043762207,small,0
train,2,1,126,26.041507720947266,small,1
train,2,1,127,23.871057510375977,small,2
train,2,1,128,24.037761688232422,small,0
train,2,1,129,23.370695114135742,small,0
train,2,1,130,23.8713321685791,small,2
train,2,1,131,30.382356643676758,small,1
train,2,1,132,23.370346069335938,small,0
train,2,1,133,21.700857162475586,small,1
train,2,1,134,174.27845764160156,small,3
train,2,1,135,271.2626953125,small,7
train,2,1,136,208.15963745117188,small,4
train,2,1,137,153.5811767578125,small,2
train,2,1,138,112.17996215820312,small,0
train,2,1,139,145.90005493164062,small,4
train,2,1,140,146.90281677246094,small,2
train,2,1,141,109.50167083740234,small,3
train,2,1,142,117.35238647460938,small,3
train,2,1,143,98.1590805053711,small,1
train,2,1,144,79.46085357666016,small,2
train,2,1,145,85.1279067993164,small,2
train,2,1,146,62.42916488647461,small,0
train,2,1,147,90.1354751586914,small,2
train,2,1,148,86.4725112915039,small,3
train,2,1,149,130.0406036376953,small,4
train,2,1,150,77.61842346191406,small,0
train,2,1,151,87.13922882080078,small,2
train,2,1,152,75.11925506591797,small,1
train,2,1,153,87.6316909790039,small,2
train,2,1,154,51.41325378417969,small,1
train,2,1,155,47.7403678894043,small,0
train,2,1,156,41.729732513427734,small,0
train,2,1,157,62.59422302246094,small,1
train,2,1,158,49.91223907470703,small,1
train,2,1,159,69.4453125,small,2
train,2,1,160,45.5716667175293,small,0
train,2,1,161,45.5716667175293,small,1
train,2,1,162,42.065185546875,small,0
train,2,1,163,40.06413269042969,small,0
train,2,1,164,41.23368453979492,small,1
train,2,1,165,36.72166442871094,small,0
train,2,1,166,42.231590270996094,small,1
train,2,1,167,187.28977966308594,small,2
train,2,1,168,165.09222412109375,small,2
train,2,1,169,92.63963317871094,small,3
train,2,1,170,88.13676452636719,small,4
train,2,1,171,65.10516357421875,small,0
train,2,1,172,99.15752410888672,small,3
train,2,1,173,240.8843536376953,small,4
train,2,1,174,126.86893463134766,small,2
train,2,1,175,77.6246109008789,small,2
train,2,1,176,56.92203140258789,small,0
train,2,1,177,43.398921966552734,small,0
train,2,1,178,65.10474395751953,small,0
train,2,1,179,49.91256332397461,small,2
train,2,1,180,25.538026809692383,small,2
train,2,1,181,36.05754089355469,small,1
train,2,1,182,55.082496643066406,small,4
train,2,1,183,62.09922409057617,small,1
train,2,1,184,50.07929229736328,small,1
train,2,1,185,48.07582473754883,small,0
train,2,1,186,24.040605545043945,small,0
train,2,1,187,24.0404052734375,small,1
train,2,1,188,21.034912109375,small,0
train,2,1,189,20.033538818359375,small,1
train,2,1,190,28.04607582092285,small,0
train,2,1,191,28.046274185180664,small,0
train,2,1,192,29.3818302154541,small,0
train,2,1,193,17.027048110961914,small,0
train,2,1,194,16.025474548339844,small,0
train,2,1,195,25.538026809692383,small,1
train,2,1,196,15.191502571105957,small,1
train,2,1,197,17.52863121032715,small,0
train,2,1,198,14.188358306884766,small,0
train,2,1,199,19.86573600769043,small,0
train,2,1,200,33.38478469848633,small,1
train,2,1,201,42.5650749206543,small,3
train,2,1,202,395.2848815917969,small,5
train,2,1,203,483.7754211425781,small,10
train,2,1,204,452.22210693359375,small,6
train,2,1,205,393.9535827636719,small,5
train,2,1,206,678.8956909179688,small,8
train,2,1,207,444.8682556152344,small,7
train,2,1,208,719.790283203125,small,8
train,2,1,209,480.7588195800781,small,3
train,2,1,210,755.197021484375,small,10
train,2,1,211,617.3143310546875,small,10
train,2,1,212,149.07339477539062,small,6
train,2,2,0,569.9966430664062,small,10
train,2,2,1,664.6649169921875,small,10
train,2,2,2,154.20001220703125,small,4
train,2,2,3,275.36273193359375,small,7
train,2,2,4,2513.28173828125,medium,10
train,2,2,5,129.51229858398438,small,4
train,2,2,6,86.87805938720703,small,0
train,2,2,7,108.24758911132812,small,3
train,2,2,8,100.65032958984375,small,0
train,2,2,9,95.23763275146484,small,0
train,2,2,10,126.66741943359375,small,6
train,2,2,11,139.0101776123047,small,4
train,2,2,12,752.105712890625,small,10
train,2,2,13,369.17578125,small,8
train,2,2,14,398.79876708984375,small,5
train,2,2,15,405.4398498535156,small,8
train,2,2,16,541.6054077148438,small,10
train,2,2,17,412.0957336425781,small,10
train,2,2,18,653.453369140625,small,8
train,2,2,19,690.11376953125,small,9
train,2,2,20,109.66841888427734,small,3
train,2,2,21,75.76875305175781,small,3
train,2,2,22,717.1749877929688,small,10
train,2,2,23,838.6149291992188,small,10
train,2,2,24,150.5907745361328,small,2
train,2,2,25,143.186279296875,small,2
train,2,2,26,598.9573364257812,small,9
train,2,2,27,905.8310546875,small,10
train,2,2,28,1288.4979248046875,medium,10
train,2,2,29,2233.263671875,medium,10
train,2,2,30,1562.8084716796875,medium,10
train,2,2,31,1420.46826171875,medium,10
train,2,2,32,1457.0274658203125,medium,10
train,2,2,33,850.7706909179688,small,10
train,2,2,34,1036.8779296875,medium,10
train,2,2,35,66.74919891357422,small,1
train,2,2,36,88.87413787841797,small,0
train,2,2,37,133.2192840576172,small,4
train,2,2,38,3457.849365234375,medium,10
train,2,2,39,4715.4853515625,medium,10
train,2,2,40,289.599365234375,small,7
train,2,2,41,1962.65185546875,medium,10
train,2,2,42,9021.9111328125,medium,10
train,2,2,43,1088.7119140625,medium,10
train,2,3,0,536.7203979492188,small,10
train,2,3,1,201.0533447265625,small,1
train,2,3,2,105.31402587890625,small,1
train,2,3,3,477.1900939941406,small,10
train,2,3,4,164.8437957763672,small,0
train,2,3,5,1114.1561279296875,medium,10
train,2,3,6,102.31790161132812,small,1
train,2,3,7,1536.618408203125,medium,10
train,2,3,8,329.1121520996094,small,4
train,2,3,9,198.36141967773438,small,2
train,2,3,10,251.31724548339844,small,2
train,2,3,11,127.15685272216797,small,2
train,2,3,12,96.3376235961914,small,2
train,2,3,13,172.9298858642578,small,3
train,2,3,14,166.0410919189453,small,2
train,2,3,15,210.31797790527344,small,7
train,2,3,16,179.50979614257812,small,6
train,2,3,17,75.39451599121094,small,1
train,2,3,18,2106.262451171875,medium,10
train,2,3,19,1324.760986328125,medium,10
train,3,0,0,584.8807373046875,small,10
train,3,0,1,342.82598876953125,small,4
train,3,0,2,455.21673583984375,small,9
train,3,0,3,509.86175537109375,small,9
train,3,0,4,497.9095458984375,small,4
train,3,0,5,1795.7916259765625,medium,10
train,3,0,6,1511.9639892578125,medium,10
train,3,0,7,988.9435424804688,small,10
train,3,0,8,1585.4271240234375,medium,10
train,3,0,9,785.1884155273438,small,10
train,3,0,10,576.4096069335938,small,10
train,3,0,11,531.1939697265625,small,9
train,3,0,12,296.6772766113281,small,5
train,3,0,13,279.724609375,small,5
train,3,0,14,1117.643798828125,medium,10
train,3,0,15,850.4837036132812,small,10
train,3,0,16,739.6585693359375,small,10
train,3,0,17,810.9268188476562,small,10
train,3,0,18,604.3561401367188,small,10
train,3,0,19,1913.519287109375,medium,10
train,3,0,20,269.3656005859375,small,7
train,3,0,21,515.3638916015625,small,10
train,3,0,22,488.80059814453125,small,8
train,3,0,23,522.72119140625,small,10
train,3,0,24,429.47650146484375,small,6
train,3,0,25,417.5455017089844,small,8
train,3,0,26,330.90478515625,small,6
train,3,0,27,369.82421875,small,8
train,3,0,28,301.38275146484375,small,5
train,3,0,29,264.0238342285156,small,7
train,3,0,30,228.55673217773438,small,3
train,3,0,31,254.9293975830078,small,6
train,3,0,32,209.39857482910156,small,4
train,3,0,33,158.22840881347656,small,3
train,3,0,34,203.43687438964844,small,3
train,3,0,35,228.55673217773438,small,5
train,3,0,36,178.00729370117188,small,5
train,3,0,37,164.8246612548828,small,3
train,3,0,38,188.37091064453125,small,5
train,3,0,39,131.23336791992188,small,3
train,3,0,40,144.41180419921875,small,3
train,3,0,41,138.14027404785156,small,3
train,3,0,42,149.1297149658203,small,4
train,3,0,43,124.32496643066406,small,2
train,3,0,44,119.29662322998047,small,3
train,3,0,45,113.01754760742188,small,1
train,3,0,46,138.4507598876953,small,3
train,3,0,47,107.37214660644531,small,2
train,3,0,48,113.01754760742188,small,4
train,3,0,49,90.7281265258789,small,2
train,3,0,50,80.05638122558594,small,1
train,3,0,51,80.37334442138672,small,1
train,3,0,52,65.92664337158203,small,3
train,3,0,53,151.63677978515625,small,2
train,3,0,54,131.85830688476562,small,2
train,3,0,55,125.26517486572266,small,3
train,3,0,56,95.44369506835938,small,3
train,3,0,57,90.4193344116211,small,1
train,3,0,58,74.71673583984375,small,2
train,3,0,59,115.53087615966797,small,0
train,3,0,60,140.65199279785156,small,2
train,3,0,61,650.4921264648438,small,10
train,3,0,62,734.6385498046875,small,10
train,3,0,63,753.4703979492188,small,10
train,3,0,64,82.8854751586914,small,0
train,3,0,65,110.19538116455078,small,2
train,3,0,66,48.03323745727539,small,0
train,3,0,67,56.510345458984375,small,1
train,3,0,68,30.138500213623047,small,1
train,3,0,69,35.15988540649414,small,0
train,3,0,70,50.23286437988281,small,2
train,3,0,71,32.65131378173828,small,1
train,3,0,72,65.92711639404297,small,2
train,3,0,73,84.76500701904297,small,2
train,3,0,74,70.3262710571289,small,3
train,3,0,75,65.92869567871094,small,2
train,3,0,76,84.76521301269531,small,1
train,3,0,77,80.05667114257812,small,0
train,3,0,78,65.9278564453125,small,2
train,3,0,79,53.05927276611328,small,3
train,3,0,80,70.63810729980469,small,2
train,3,0,81,184.91748046875,small,5
train,3,0,82,52.741451263427734,small,3
train,3,0,83,65.92759704589844,small,2
train,3,0,84,57.13584899902344,small,2
train,3,0,85,53.059329986572266,small,4
train,3,0,86,274.70166015625,small,3
train,3,0,87,101.71843719482422,small,2
train,3,0,88,85.39155578613281,small,2
train,3,0,89,103.60576629638672,small,2
train,3,0,90,113.33853149414062,small,2
train,3,0,91,101.71813201904297,small,2
train,3,0,92,119.30296325683594,small,3
train,3,0,93,90.72783660888672,small,2
train,3,0,94,65.30364990234375,small,3
train,3,0,95,48.977962493896484,small,1
train,3,0,96,41.43986511230469,small,4
train,3,0,97,37.675743103027344,small,3
train,3,0,98,41.44084930419922,small,4
train,3,0,99,34.53571701049805,small,1
train,3,0,100,87.90221405029297,small,3
train,3,0,101,97.95034790039062,small,3
train,3,0,102,48.03323745727539,small,2
train,3,0,103,35.163169860839844,small,0
train,3,0,104,75.34553527832031,small,0
train,3,0,105,93.86893463134766,small,4
train,3,0,106,82.88397216796875,small,4
train,3,0,107,75.97628784179688,small,0
train,3,0,108,62.161319732666016,small,3
train,3,0,109,58.7056999206543,small,1
train,3,0,110,75.35063171386719,small,1
train,3,0,111,61.5311164855957,small,2
train,3,0,112,34.53542709350586,small,3
train,3,0,113,28.255172729492188,small,2
train,3,0,114,28.25534439086914,small,1
train,3,0,115,37.98579025268555,small,4
train,3,0,116,80.05475616455078,small,3
train,3,0,117,74.71678161621094,small,2
train,3,0,118,48.977413177490234,small,1
train,3,0,119,37.673126220703125,small,4
train,3,0,120,32.65131378173828,small,3
train,3,0,121,30.765798568725586,small,1
train,3,1,0,664.3128051757812,small,10
train,3,1,1,239.17713928222656,small,3
train,3,1,2,254.1110382080078,small,3
train,3,1,3,199.90692138671875,small,3
train,3,1,4,192.76988220214844,small,3
train,3,1,5,243.40211486816406,small,6
train,3,1,6,137.27578735351562,small,3
train,3,1,7,115.8590087890625,small,4
train,3,1,8,74.9681167602539,small,0
train,3,1,9,102.06537628173828,small,1
train,3,1,10,128.51266479492188,small,1
train,3,1,11,111.96281433105469,small,0
train,3,1,12,157.07168579101562,small,1
train,3,1,13,64.2550048828125,small,0
train,3,1,14,94.92440032958984,small,2
train,3,1,15,162.26283264160156,small,4
train,3,1,16,104.50309753417969,small,2
train,3,1,17,100.76853942871094,small,2
train,3,1,18,135.650390625,small,3
train,3,1,19,42.837120056152344,small,0
train,3,1,20,45.4352912902832,small,0
train,3,1,21,77.0762939453125,small,3
train,3,1,22,84.38032531738281,small,1
train,3,1,23,38.9429931640625,small,1
train,3,1,24,54.84785461425781,small,0
train,3,1,25,49.97698974609375,small,0
train,3,1,26,15.902129173278809,small,0
train,3,1,27,17.52614402770996,small,0
train,3,1,28,174.4316864013672,small,3
train,3,1,29,93.30677795410156,small,1
train,3,1,30,40.89138412475586,small,3
train,3,2,0,1673.426025390625,medium,10
train,3,2,1,1955.223876953125,medium,10
train,3,2,2,2318.09619140625,medium,10
train,3,2,3,1917.2161865234375,medium,10
train,3,2,4,1374.159423828125,medium,10
train,3,2,5,119.29383850097656,small,2
train,3,2,6,59.85704803466797,small,0
train,3,2,7,62.34928512573242,small,0
train,3,2,8,680.8441162109375,small,9
train,3,2,9,552.8201904296875,small,10
train,3,2,10,3913.794189453125,medium,10
train,3,2,11,24296.4921875,large,10
train,3,2,12,12623.0390625,large,10
train,3,2,13,6135.89892578125,medium,10
train,3,3,0,9850.3056640625,large,10
train,3,3,1,2184.83154296875,medium,10
train,3,3,2,2187.930908203125,medium,10
train,3,3,3,2081.4443359375,medium,10
train,3,3,4,1566.9844970703125,medium,10
train,3,3,5,474.05303955078125,small,9
train,3,3,6,510.5176696777344,small,8
train,3,3,7,2078.5224609375,medium,10
train,3,3,8,2136.98974609375,medium,10
train,3,3,9,2330.30224609375,medium,10
train,3,3,10,683.0166015625,small,10
train,3,3,11,233.2734832763672,small,4
train,3,3,12,248.3251190185547,small,3
train,3,3,13,3155.161376953125,medium,10
train,3,3,14,2356.368896484375,medium,10
train,3,3,15,305.0434265136719,small,4
train,3,3,16,243.09072875976562,small,3
train,3,3,17,222.83834838867188,small,3
train,3,3,18,236.14971923828125,small,2
train,3,3,19,256.98590087890625,small,3
train,3,3,20,143.54417419433594,small,0
train,3,3,21,1273.4190673828125,medium,10
train,3,3,22,1200.482177734375,medium,10
train,3,3,23,130.24505615234375,small,2
train,3,3,24,152.80426025390625,small,3
train,3,3,25,165.5395965576172,small,3
train,3,3,26,127.33999633789062,small,4
train,3,3,27,114.61029052734375,small,2
train,3,3,28,333.3988952636719,small,8
train,3,3,29,305.6083984375,small,7
train,3,3,30,236.15260314941406,small,2
train,3,3,31,225.73875427246094,small,3
train,3,3,32,352.4964294433594,small,6
train,3,3,33,285.9265441894531,small,1
train,3,3,34,191.0109405517578,small,0
train,3,3,35,358.87677001953125,small,8
train,3,3,36,281.3130187988281,small,4
train,3,3,37,194.48085021972656,small,2
train,3,3,38,162.06887817382812,small,1
train,3,3,39,45.15117263793945,small,1
train,4,0,0,208.73243713378906,small,4
train,4,0,1,52.18522644042969,small,3
train,4,0,2,51.0224723815918,small,2
train,4,0,3,44.067508697509766,small,1
train,4,0,4,375.7180480957031,small,8
train,4,0,5,56.82076644897461,small,1
train,4,0,6,30.152097702026367,small,2
train,4,0,7,43.3427734375,small,1
train,4,0,8,34.49827575683594,small,2
train,4,0,9,8.117507934570312,small,0
train,4,0,10,9.133234024047852,small,0
train,4,0,11,8.117345809936523,small,0
train,4,0,12,8.117530822753906,small,0
train,4,0,13,25.511606216430664,small,2
train,4,0,14,31.30890464782715,small,3
train,4,0,15,20.293596267700195,small,2
train,4,0,16,20.29405975341797,small,1
train,4,0,17,5.2184529304504395,small,0
train,4,0,18,12.175460815429688,small,0
train,4,0,19,8.697189331054688,small,0
train,4,0,20,7.103084087371826,small,0
train,4,0,21,8.117671012878418,small,0
train,4,0,22,8.117345809936523,small,0
train,4,0,23,8.696956634521484,small,0
train,4,0,24,8.11729907989502,small,0
train,4,0,25,6.087893009185791,small,1
train,4,0,26,19.13425636291504,small,1
train,4,0,27,16.95942497253418,small,0
train,4,0,28,18.84514808654785,small,0
train,4,1,0,9294.8466796875,large,10
train,4,1,1,1733.6031494140625,medium,8
train,4,1,2,2159.91259765625,medium,10
train,4,1,3,2662.16455078125,medium,10
train,4,1,4,2589.361572265625,medium,10
train,4,1,5,2147.834716796875,medium,8
train,4,1,6,297.4884948730469,small,7
train,4,1,7,392.8981018066406,small,8
train,4,1,8,663.3280029296875,small,10
train,4,1,9,1131.922119140625,medium,10
train,4,1,10,773.8869018554688,small,6
train,4,1,11,1204.2132568359375,medium,10
train,4,1,12,374.189697265625,small,8
train,4,1,13,51.96925354003906,small,0
train,4,1,14,279.5909118652344,small,5
train,4,1,15,118.78997802734375,small,0
train,4,1,16,388.4775390625,small,5
train,4,1,17,52.38792419433594,small,0
train,4,1,18,256.48468017578125,small,4
train,4,1,19,42.01359939575195,small,1
train,4,1,20,180.97738647460938,small,4
train,4,1,21,200.36761474609375,small,2
train,4,1,22,300.0362243652344,small,5
train,4,1,23,266.35711669921875,small,5
train,4,1,24,175.86373901367188,small,4
train,4,1,25,532.7113037109375,small,10
train,4,1,26,264.3153991699219,small,0
train,4,1,27,514.3341064453125,small,10
train,4,1,28,163.2842254638672,small,5
train,4,1,29,97.96788787841797,small,0
train,4,1,30,157.8397979736328,small,3
train,4,1,31,71.09552001953125,small,1
train,4,1,32,37.415897369384766,small,1
train,4,1,33,40.81766128540039,small,0
train,4,1,34,29.082109451293945,small,0
train,4,1,35,61.233943939208984,small,2
train,4,1,36,24.494665145874023,small,0
train,4,1,37,23.133777618408203,small,0
train,4,1,38,43.54034423828125,small,4
train,4,1,39,91.84902954101562,small,2
train,4,1,40,28.57440757751465,small,0
train,4,1,41,17.00706672668457,small,1
train,4,1,42,70.4137954711914,small,3
train,4,1,43,77.55960083007812,small,3
train,4,1,44,19.8980712890625,small,2
train,4,2,0,161.72105407714844,small,3
train,4,2,1,259.116943359375,small,4
train,4,2,2,126.17724609375,small,4
train,4,2,3,841.6777954101562,small,10
train,4,2,4,1331.861083984375,medium,10
train,4,2,5,366.0082092285156,small,5
train,4,2,6,1802.5111083984375,medium,10
train,4,2,7,1873.130126953125,medium,10
train,4,2,8,3800.308837890625,medium,10
train,4,2,9,2523.544921875,medium,10
train,4,2,10,4673.0283203125,medium,10
train,4,2,11,10686.94921875,large,10
train,4,2,12,11934.40234375,large,10
train,4,2,13,322.20343017578125,small,6
train,4,2,14,189.265869140625,small,3
train,4,2,15,42.81188201904297,small,1
train,4,2,16,40.05568313598633,small,0
train,4,2,17,80.61344146728516,small,3
train,4,2,18,63.092655181884766,small,0
train,4,2,19,231.3240203857422,small,3
train,4,2,20,123.6754150390625,small,3
train,4,2,21,49.571407318115234,small,0
train,4,2,22,1509.6015625,medium,10
train,4,2,23,1358.6527099609375,medium,10
train,4,2,24,1710.1595458984375,medium,10
train,4,2,25,2278.659423828125,medium,10
train,4,2,26,3905.47265625,medium,10
train,4,2,27,837.1776733398438,small,10
train,4,2,28,810.3916015625,small,10
train,4,2,29,190.2586669921875,small,5
train,4,2,30,324.4601135253906,small,7
train,4,2,31,6149.56396484375,medium,10
train,4,2,32,39948.83203125,large,10
train,4,2,33,561.7943115234375,small,10
train,4,2,34,2729.817626953125,medium,10
train,4,2,35,8148.8642578125,medium,10
train,4,2,36,804.1366577148438,small,10
train,4,3,0,34.379756927490234,small,0
train,4,3,1,49.35979080200195,small,2
train,4,3,2,38.78278350830078,small,4
train,4,3,3,44.07467269897461,small,5
train,4,3,4,55.53633499145508,small,3
train,4,3,5,45.834228515625,small,1
train,4,3,6,1036.646728515625,medium,10
train,4,3,7,1145.9564208984375,medium,9
train,4,3,8,1190.0130615234375,medium,9
train,4,3,9,4873.8076171875,medium,10
train,4,3,10,2792.589111328125,medium,10
train,4,3,11,401.0823059082031,small,8
train,4,3,12,176.30557250976562,small,2
train,4,3,13,137.50706481933594,small,3
train,4,3,14,184.23338317871094,small,5
train,4,3,15,550.0598754882812,small,10
train,4,3,16,455.7333679199219,small,8
train,4,3,17,507.751220703125,small,10
train,4,3,18,552.6907348632812,small,10
train,4,3,19,595.0027465820312,small,10
train,4,3,20,642.6231079101562,small,10
train,4,3,21,599.4048461914062,small,10
train,4,3,22,1115.087646484375,medium,10
train,4,3,23,753.688720703125,small,10
train,4,3,24,1004.891357421875,small,10
train,4,3,25,890.7504272460938,small,10
train,4,3,26,725.0396118164062,small,10
train,4,3,27,3551.601318359375,medium,10
train,4,3,28,761.6105346679688,small,10
train,4,3,29,440.31280517578125,small,9
train,4,3,30,306.7625732421875,small,8
train,4,3,31,733.8436889648438,small,7
train,4,3,32,810.9649047851562,small,6
train,4,3,33,871.8004760742188,small,10
train,4,3,34,472.93084716796875,small,6
train,4,3,35,704.3012084960938,small,10
train,4,3,36,674.3475952148438,small,10
train,4,3,37,573.8492431640625,small,8
train,4,3,38,464.1047668457031,small,5
train,4,3,39,317.3422546386719,small,6
train,4,3,40,447.36053466796875,small,9
train,4,3,41,1405.9974365234375,medium,10
train,4,3,42,2545.325927734375,medium,10
train,4,3,43,1974.5433349609375,medium,8
train,4,3,44,1428.010986328125,medium,8
train,4,3,45,676.9866943359375,small,10
train,4,3,46,4409.19873046875,medium,10
train,4,3,47,3109.93994140625,medium,10
train,4,3,48,119.88972473144531,small,3
train,4,3,49,460.1365966796875,small,10
train,4,3,50,476.0143737792969,small,9
train,4,3,51,332.316650390625,small,8
train,4,3,52,320.8582458496094,small,6
train,4,3,53,243.29981994628906,small,5
train,4,3,54,252.10472106933594,small,5
train,5,0,0,307.02020263671875,small,6
train,5,0,1,350.73748779296875,small,8
train,5,0,2,326.5635070800781,small,7
train,5,0,3,307.00897216796875,small,6
train,5,0,4,302.83477783203125,small,5
train,5,0,5,273.9854736328125,small,5
train,5,0,6,403.7854309082031,small,8
train,5,0,7,351.6741943359375,small,6
train,5,0,8,376.7999572753906,small,7
train,5,0,9,364.2291259765625,small,6
train,5,0,10,404.6957702636719,small,8
train,5,0,11,353.07012939453125,small,6
train,5,0,12,429.8252258300781,small,8
train,5,0,13,337.2588195800781,small,9
train,5,0,14,320.97943115234375,small,8
train,5,0,15,283.294677734375,small,5
train,5,0,16,586.139892578125,small,10
train,5,0,17,260.50994873046875,small,4
train,5,0,18,332.1396484375,small,6
train,5,0,19,247.47140502929688,small,6
train,5,0,20,310.28387451171875,small,8
train,5,0,21,247.47140502929688,small,5
train,5,0,22,299.579833984375,small,6
train,5,0,23,331.67987060546875,small,8
train,5,0,24,307.02044677734375,small,4
train,5,0,25,320.984619140625,small,6
train,5,0,26,307.0207824707031,small,5
train,5,0,27,209.33331298828125,small,4
train,5,0,28,279.1114196777344,small,5
train,5,0,29,253.989990234375,small,5
train,5,0,30,256.3073425292969,small,4
train,5,0,31,136.76324462890625,small,2
train,5,0,32,326.5469665527344,small,5
train,5,0,33,337.2528076171875,small,6
train,5,0,34,372.14996337890625,small,10
train,5,1,0,10802.8759765625,large,10
train,5,1,1,7188.455078125,medium,10
train,5,1,2,4951.17626953125,medium,10
train,5,1,3,3792.9921875,medium,10
train,5,1,4,5355.34375,medium,10
train,5,1,5,5639.32470703125,medium,10
train,5,1,6,8870.388671875,medium,10
train,5,1,7,3426.82861328125,medium,9
train,5,1,8,5286.25048828125,medium,10
train,5,1,9,6615.2353515625,medium,10
train,5,1,10,3402.759033203125,medium,9
train,5,1,11,4190.345703125,medium,10
train,5,1,12,2687.725830078125,medium,7
train,5,1,13,4087.933837890625,medium,10
train,5,1,14,3230.736572265625,medium,10
train,5,1,15,3413.157470703125,medium,10
train,5,1,16,2564.02978515625,medium,7
train,5,1,17,2362.89013671875,medium,8
train,5,1,18,1950.3653564453125,medium,7
train,5,1,19,1819.5439453125,medium,5
train,5,1,20,2254.9716796875,medium,6
train,5,1,21,1855.238525390625,medium,10
train,5,1,22,3377.498046875,medium,9
train,5,1,23,3549.91748046875,medium,8
train,5,2,0,1382.8348388671875,medium,10
train,5,2,1,1486.3250732421875,medium,10
train,5,2,2,98.59961700439453,small,3
train,5,2,3,100.14051818847656,small,2
train,5,2,4,103.99273681640625,small,2
train,5,2,5,1929.87451171875,medium,10
train,5,2,6,1353.441162109375,medium,10
train,5,2,7,969.6068725585938,small,10
train,5,2,8,550.0062866210938,small,10
train,5,2,9,757.1699829101562,small,10
train,5,2,10,860.8269653320312,small,10
train,5,2,11,617.3558349609375,small,10
train,5,2,12,592.5418090820312,small,9
train,5,2,13,1394.2811279296875,medium,10
train,5,2,14,1509.2740478515625,medium,10
train,5,2,15,508.4085998535156,small,9
train,5,2,16,388.56805419921875,small,9
train,5,2,17,63.38600540161133,small,2
train,5,2,18,324.85614013671875,small,6
train,5,2,19,206.3353271484375,small,4
train,5,2,20,257.8346252441406,small,5
train,5,2,21,247.60182189941406,small,4
train,5,2,22,303.7233581542969,small,5
train,5,2,23,141.7367706298828,small,1
train,5,2,24,113.78599548339844,small,1
train,5,2,25,151.1480255126953,small,5
train,5,2,26,17.5516300201416,small,0
train,5,2,27,13.205461502075195,small,0
train,5,2,28,12.875614166259766,small,2
train,5,2,29,63.55108642578125,small,3
train,5,2,30,67.40245819091797,small,2
train,5,2,31,59.865631103515625,small,4
train,5,2,32,47.868595123291016,small,1
train,5,2,33,13.370284080505371,small,0
train,5,2,34,55.84764099121094,small,2
train,5,2,35,63.2745246887207,small,1
train,5,2,36,62.9476432800293,small,0
train,5,2,37,69.98839569091797,small,4
train,5,2,38,27.731828689575195,small,1
train,5,2,39,46.21905517578125,small,4
train,5,2,40,42.25768280029297,small,4
train,5,2,41,60.526214599609375,small,3
train,5,2,42,49.46414566040039,small,3
train,5,2,43,31.473506927490234,small,1
train,5,2,44,20.908340454101562,small,2
train,5,2,45,35.21567153930664,small,0
train,5,2,46,30.702646255493164,small,2
train,5,2,47,23.60575294494629,small,0
train,5,2,48,23.108983993530273,small,0
train,5,2,49,27.29227638244629,small,0
train,5,2,50,32.574615478515625,small,0
train,5,2,51,20.79854965209961,small,2
train,5,2,52,39.2850456237793,small,0
train,5,2,53,38.73699188232422,small,0
train,5,2,54,39.2850456237793,small,0
train,5,2,55,37.85695266723633,small,0
train,5,2,56,31.802309036254883,small,1
train,5,2,57,38.682125091552734,small,0
train,5,2,58,34.664249420166016,small,0
train,5,2,59,37.414180755615234,small,0
train,5,2,60,41.155670166015625,small,0
train,5,2,61,41.37825393676758,small,0
train,5,2,62,34.66455078125,small,0
train,5,2,63,40.60677719116211,small,0
train,5,2,64,49.631832122802734,small,1
train,5,2,65,28.060789108276367,small,3
train,5,2,66,33.67280960083008,small,0
train,5,2,67,32.683597564697266,small,1
train,5,2,68,46.66081237792969,small,0
train,5,2,69,33.0134391784668,small,0
train,5,2,70,39.2849235534668,small,0
train,5,2,71,33.89301681518555,small,0
train,5,2,72,43.90945053100586,small,2
train,5,2,73,44.568172454833984,small,0
train,5,2,74,38.7373046875,small,0
train,5,2,75,41.59709930419922,small,0
train,5,2,76,40.220359802246094,small,0
train,5,3,0,1240.00439453125,medium,10
train,5,3,1,624.434814453125,small,10
train,5,3,2,1220.6063232421875,medium,10
train,5,3,3,319.8294372558594,small,7
train,5,3,4,163.193115234375,small,3
train,5,3,5,217.57960510253906,small,4
train,5,3,6,137.07127380371094,small,2
train,5,3,7,228.45664978027344,small,2
train,5,3,8,53.85261154174805,small,0
train,5,3,9,78.3312759399414,small,2
train,6,0,0,401.1455078125,small,9
train,6,0,1,304.962890625,small,5
train,6,0,2,430.5478820800781,small,8
train,6,0,3,229.2314910888672,small,4
train,6,0,4,2175.30859375,medium,10
train,6,0,5,2098.772216796875,medium,10
train,6,0,6,2192.59716796875,medium,10
train,6,0,7,2040.6044921875,medium,10
train,6,0,8,1183.9615478515625,medium,10
train,6,0,9,855.0912475585938,small,10
train,6,0,10,781.3565673828125,small,10
train,6,0,11,585.51318359375,small,10
train,6,0,12,645.8223266601562,small,10
train,6,0,13,220.2610626220703,small,3
train,6,0,14,287.0224609375,small,5
train,6,0,15,186.36766052246094,small,3
train,6,0,16,151.49070739746094,small,4
train,6,0,17,170.41905212402344,small,4
train,6,0,18,142.0131378173828,small,5
train,6,0,19,160.95504760742188,small,5
train,6,0,20,119.60206604003906,small,3
train,6,0,21,142.0128173828125,small,5
train,6,0,22,194.84364318847656,small,3
train,6,0,23,49.32912063598633,small,4
train,6,0,24,83.71023559570312,small,2
train,6,0,25,65.77796936035156,small,3
train,6,0,26,76.73666381835938,small,4
train,6,0,27,84.21792602539062,small,2
train,6,0,28,103.65194702148438,small,1
train,6,0,29,119.59140014648438,small,2
train,6,0,30,83.70997619628906,small,1
train,6,0,31,177.90020751953125,small,3
train,6,0,32,84.7159194946289,small,4
train,6,0,33,21.924068450927734,small,0
train,6,0,34,11.960450172424316,small,0
train,6,0,35,10.465987205505371,small,0
train,6,0,36,17.937318801879883,small,0
train,6,0,37,14.950958251953125,small,0
train,6,0,38,8.969941139221191,small,0
train,6,0,39,13.454912185668945,small,0
train,6,0,40,11.960417747497559,small,0
train,6,0,41,13.454879760742188,small,0
train,6,0,42,27.90312385559082,small,0
train,6,0,43,27.90312385559082,small,0
train,6,0,44,23.91846466064453,small,0
train,6,0,45,29.896013259887695,small,0
train,6,0,46,14.950958251953125,small,0
train,6,0,47,44.85210037231445,small,0
train,6,0,48,47.840980529785156,small,0
train,6,0,49,37.37017822265625,small,0
train,6,0,50,101.64826202392578,small,1
train,6,0,51,19.435895919799805,small,0
train,6,0,52,27.90312385559082,small,0
train,6,0,53,59.29747772216797,small,1
train,6,0,54,39.859718322753906,small,0
train,6,0,55,34.87660217285156,small,0
train,6,0,56,38.87179183959961,small,0
train,6,0,57,44.843502044677734,small,0
train,6,0,58,34.87709426879883,small,0
train,6,0,59,21.924068450927734,small,0
train,6,0,60,71.75505065917969,small,4
train,6,0,61,73.25218200683594,small,0
train,6,0,62,38.87179183959961,small,1
train,6,0,63,39.85955810546875,small,0
train,6,0,64,44.8514518737793,small,0
train,6,0,65,19.436176300048828,small,0
train,6,0,66,33.88289260864258,small,0
train,6,0,67,109.62886810302734,small,2
train,6,0,68,156.9775848388672,small,0
train,6,0,69,2137.775146484375,medium,10
train,6,0,70,98.6706314086914,small,4
train,6,0,71,39.8604621887207,small,0
train,6,0,72,429.05096435546875,small,8
train,6,0,73,2437.396728515625,medium,10
train,6,0,74,814.591064453125,small,10
train,6,0,75,19.931737899780273,small,0
train,6,0,76,17.936952590942383,small,0
train,6,0,77,15.945012092590332,small,0
train,6,0,78,17.937341690063477,small,0
train,6,0,79,11.960137367248535,small,0
train,6,0,80,13.952595710754395,small,0
train,6,0,81,35.882869720458984,small,1
train,6,0,82,59.80081558227539,small,3
train,6,0,83,62.78965377807617,small,0
train,6,1,0,1098.47216796875,medium,5
train,6,1,1,2873.150634765625,medium,10
train,6,1,2,719.0054321289062,small,10
train,6,1,3,706.1450805664062,small,10
train,6,1,4,907.313720703125,small,10
train,6,1,5,2807.53759765625,medium,10
train,6,1,6,1614.1998291015625,medium,5
train,6,1,7,826.2947998046875,small,10
train,6,1,8,1476.507080078125,medium,10
train,6,1,9,3477.99951171875,medium,10
train,6,1,10,2715.510498046875,medium,10
train,6,1,11,2375.25634765625,medium,10
train,6,1,12,1925.86865234375,medium,10
train,6,1,13,1694.807373046875,medium,8
train,6,1,14,2392.41357421875,medium,9
train,6,1,15,2364.566162109375,medium,6
train,6,1,16,2824.673095703125,medium,8
train,6,1,17,1459.4287109375,medium,10
train,6,1,18,1433.6968994140625,medium,10
train,6,1,19,1614.1998291015625,medium,8
train,6,1,20,1917.3214111328125,medium,10
train,6,1,21,1134.1190185546875,medium,7
train,6,1,22,1348.0987548828125,medium,10
train,6,1,23,1273.2337646484375,medium,10
train,6,1,24,862.3745727539062,small,9
train,6,1,25,1372.38232421875,medium,9
train,6,1,26,803.8922119140625,small,9
train,6,1,27,597.0244750976562,small,9
train,6,1,28,1137.712646484375,medium,10
train,6,1,29,1459.4127197265625,medium,7
train,6,1,30,1776.8155517578125,medium,10
train,6,1,31,1988.662109375,medium,10
train,6,1,32,1451.5609130859375,medium,10
train,6,1,33,941.5517578125,small,10
train,6,1,34,404.44451904296875,small,6
train,6,1,35,436.5173034667969,small,6
train,6,1,36,487.8802795410156,small,6
train,6,1,37,342.3839416503906,small,6
train,6,1,38,460.7766418457031,small,7
train,6,1,39,365.20196533203125,small,2
train,6,1,40,388.0348205566406,small,6
train,6,1,41,349.50457763671875,small,3
train,6,1,42,338.8074951171875,small,8
train,6,1,43,239.6641387939453,small,3
train,6,1,44,239.66552734375,small,3
train,6,1,45,149.79391479492188,small,2
train,6,1,46,239.66250610351562,small,3
train,6,1,47,192.59109497070312,small,3
train,6,1,48,1048.53125,medium,10
train,6,1,49,6861.91015625,medium,10
train,6,1,50,4065.790771484375,medium,9
train,6,1,51,4929.10400390625,medium,10
train,6,1,52,3148.598388671875,medium,7
train,6,1,53,1920.4376220703125,medium,10
train,6,1,54,1090.410888671875,medium,7
train,6,2,0,991.9189453125,small,10
train,6,2,1,1255.3165283203125,medium,10
train,6,2,2,75.77073669433594,small,1
train,6,2,3,143.2103729248047,small,3
train,6,2,4,4279.830078125,medium,8
train,6,2,5,58.45284652709961,small,3
train,6,2,6,81.87323760986328,small,2
train,6,2,7,1122.3397216796875,medium,10
train,6,2,8,120.71110534667969,small,3
train,6,2,9,71.17803955078125,small,2
train,6,2,10,153.90499877929688,small,2
train,6,2,11,77.0829849243164,small,4
train,6,2,12,65.5389633178711,small,3
train,6,2,13,97.09393310546875,small,2
train,6,2,14,65.07711791992188,small,1
train,6,2,15,205.4698486328125,small,3
train,6,2,16,154.2987060546875,small,2
train,6,2,17,141.04824829101562,small,3
train,6,2,18,80.36295318603516,small,3
train,6,2,19,73.47489929199219,small,2
train,6,2,20,81.80775451660156,small,4
train,6,2,21,102.6042251586914,small,3
train,6,2,22,40.93614196777344,small,0
train,6,2,23,74.39383697509766,small,2
train,6,2,24,1820.8812255859375,medium,10
train,6,2,25,99.19165802001953,small,3
train,6,2,26,55.10758590698242,small,1
train,6,2,27,25.584903717041016,small,0
train,6,2,28,75.31151580810547,small,4
train,6,2,29,58.58280563354492,small,0
train,6,2,30,46.12022018432617,small,1
train,6,2,31,54.84394836425781,small,1
train,6,2,32,72.42642974853516,small,3
train,6,2,33,70.52417755126953,small,2
train,6,2,34,833.0965576171875,small,10
train,6,2,35,724.9188842773438,small,10
train,6,2,36,51.1696891784668,small,5
train,6,2,37,43.29825210571289,small,4
train,6,2,38,38.57563781738281,small,1
train,6,2,39,60.61734390258789,small,1
train,6,2,40,415.073974609375,small,8
train,6,2,41,793.8053588867188,small,10
train,6,2,42,40.674705505371094,small,1
train,6,2,43,53.72924041748047,small,0
train,6,2,44,48.54701232910156,small,0
train,6,2,45,86.98914337158203,small,2
train,6,2,46,312.92730712890625,small,6
train,6,2,47,80.6914291381836,small,4
train,6,2,48,27.882043838500977,small,1
train,6,2,49,51.43327331542969,small,0
train,6,2,50,46.183963775634766,small,2
train,6,2,51,31.48950958251953,small,2
train,6,2,52,28.4720401763916,small,0
train,6,2,53,366.0665283203125,small,5
train,6,2,54,114.8042984008789,small,2
train,6,2,55,4241.9228515625,medium,2
train,6,3,0,9.67792797088623,small,1
train,6,3,1,8.987058639526367,small,0
train,6,3,2,8.296148300170898,small,0
train,6,3,3,41.937992095947266,small,1
train,6,3,4,16.936519622802734,small,0
train,6,3,5,62.215911865234375,small,0
train,6,3,6,110.83189392089844,small,1
train,6,3,7,42.399757385253906,small,1
train,6,3,8,46.088035583496094,small,1
train,6,3,9,74.42535400390625,small,4
train,7,0,0,204.14913940429688,small,4
train,7,0,1,188.54580688476562,small,3
train,7,0,2,161.60365295410156,small,3
train,7,0,3,124.7512435913086,small,2
train,7,0,4,99.23070526123047,small,2
train,7,0,5,211.9419403076172,small,4
train,7,0,6,95.6983642578125,small,2
train,7,0,7,159.4822235107422,small,4
train,7,0,8,191.38369750976562,small,2
train,7,0,9,170.10800170898438,small,4
train,7,0,10,163.0310516357422,small,3
train,7,0,11,80.81037139892578,small,0
train,7,0,12,102.06507873535156,small,3
train,7,0,13,127.5911865234375,small,3
train,7,0,14,89.31729888916016,small,0
train,7,0,15,187.12376403808594,small,2
train,7,0,16,155.9426727294922,small,2
train,7,0,17,127.59617614746094,small,4
train,7,0,18,2098.05712890625,medium,10
train,7,0,19,1556.5345458984375,medium,10
train,7,0,20,1233.3502197265625,medium,10
train,7,0,21,2237.74951171875,medium,10
train,7,0,22,2239.81396484375,medium,10
train,7,0,23,1658.59716796875,medium,10
train,7,0,24,1831.566650390625,medium,10
train,7,0,25,211.9320068359375,small,5
train,7,0,26,170.12713623046875,small,2
train,7,0,27,99.05318450927734,small,2
train,7,0,28,64.84026336669922,small,2
train,7,0,29,178.61270141601562,small,3
train,7,0,30,260.8541259765625,small,3
train,7,0,31,277.15869140625,small,6
train,7,0,32,215.47601318359375,small,3
train,7,0,33,178.61270141601562,small,2
train,7,0,34,165.8701629638672,small,3
train,7,0,35,215.47796630859375,small,6
train,7,0,36,138.22579956054688,small,2
train,7,0,37,93.55870056152344,small,1
train,7,0,38,202.0081024169922,small,5
train,7,0,39,229.65626525878906,small,5
train,7,0,40,165.87200927734375,small,3
train,7,0,41,158.7770538330078,small,5
train,7,0,42,76.55394744873047,small,3
train,7,0,43,228.9512481689453,small,4
train,7,0,44,165.8701629638672,small,1
train,7,0,45,215.49041748046875,small,5
train,7,0,46,163.0310516357422,small,0
train,7,0,47,132.5472869873047,small,4
train,7,0,48,184.29884338378906,small,4
train,7,0,49,113.40615844726562,small,4
train,7,0,50,121.21488189697266,small,4
train,7,0,51,127.5896987915039,small,1
train,7,0,52,140.34312438964844,small,1
train,7,0,53,156.65582275390625,small,5
train,7,0,54,193.51318359375,small,4
train,7,0,55,141.76644897460938,small,2
train,7,0,56,140.34312438964844,small,3
train,7,0,57,127.59561157226562,small,4
train,7,0,58,171.52935791015625,small,2
train,7,0,59,187.12005615234375,small,4
train,7,0,60,178.62257385253906,small,3
train,7,0,61,215.48846435546875,small,5
train,7,0,62,219.7354736328125,small,0
train,7,0,63,218.31468200683594,small,7
train,7,0,64,63.78795623779297,small,0
train,7,0,65,84.34972381591797,small,3
train,7,0,66,168.69944763183594,small,5
train,7,0,67,188.54531860351562,small,4
train,7,0,68,127.59355163574219,small,4
train,7,0,69,175.08450317382812,small,2
train,7,0,70,193.51385498046875,small,4
train,7,0,71,170.10934448242188,small,1
train,7,0,72,195.6249542236328,small,1
train,7,0,73,163.73252868652344,small,3
train,7,0,74,155.93624877929688,small,2
train,7,0,75,170.10934448242188,small,2
train,7,0,76,163.0310516357422,small,1
train,7,0,77,155.94293212890625,small,2
train,7,0,78,55.29005813598633,small,0
train,7,0,79,148.139404296875,small,3
train,7,0,80,163.0310516357422,small,2
train,7,0,81,146.7317352294922,small,1
train,7,0,82,148.8548126220703,small,3
train,7,0,83,155.94305419921875,small,4
train,7,0,84,127.59561157226562,small,3
train,7,0,85,107.73544311523438,small,0
train,7,0,86,194.91818237304688,small,3
train,7,0,87,140.35690307617188,small,2
train,7,0,88,155.93582153320312,small,2
train,7,0,89,193.51385498046875,small,4
train,7,0,90,148.139404296875,small,2
train,7,0,91,144.59434509277344,small,2
train,7,0,92,148.1399688720703,small,3
train,7,0,93,73.71205139160156,small,1
train,7,0,94,84.34990692138672,small,0
train,7,0,95,140.3570098876953,small,3
train,7,0,96,153.0992431640625,small,3
train,7,0,97,134.6785888671875,small,2
train,7,0,98,140.34312438964844,small,3
train,7,0,99,140.34312438964844,small,3
train,7,0,100,187.12005615234375,small,2
train,7,0,101,226.83206176757812,small,7
train,7,0,102,102.07567596435547,small,0
train,7,0,103,144.59434509277344,small,2
train,7,0,104,192.80877685546875,small,4
train,7,0,105,171.52935791015625,small,3
train,7,0,106,114.83460998535156,small,3
train,7,0,107,211.94253540039062,small,4
train,7,0,108,223.27359008789062,small,5
train,7,0,109,119.07780456542969,small,5
train,7,0,110,170.10903930664062,small,3
train,7,0,111,148.139404296875,small,3
train,7,0,112,187.12005615234375,small,4
train,7,0,113,163.73309326171875,small,1
train,7,0,114,193.5145263671875,small,3
train,7,0,115,171.52935791015625,small,4
train,7,0,116,170.10964965820312,small,2
train,7,0,117,155.93624877929688,small,2
train,7,0,118,134.6785888671875,small,2
train,7,0,119,178.6145477294922,small,3
train,7,1,0,537.0471801757812,small,9
train,7,1,1,538.296630859375,small,10
train,7,1,2,974.8408203125,small,10
train,7,1,3,942.3457641601562,small,10
train,7,1,4,631.6773071289062,small,3
train,7,1,5,548.3018188476562,small,4
train,7,1,6,292.80816650390625,small,5
train,7,1,7,291.3790588378906,small,7
train,7,1,8,1116.608154296875,medium,10
train,7,1,9,5275.5830078125,medium,10
train,7,1,10,442.7899475097656,small,10
train,7,1,11,3303.0126953125,medium,10
train,7,1,12,2249.641845703125,medium,10
train,7,1,13,436.35009765625,small,9
train,7,1,14,226.9315185546875,small,1
train,7,1,15,147.82980346679688,small,0
train,7,1,16,319.9390869140625,small,6
train,7,1,17,729.3440551757812,small,10
train,7,1,18,698.1033935546875,small,4
train,7,1,19,455.82769775390625,small,1
train,7,1,20,348.6947937011719,small,3
train,7,1,21,485.6416015625,small,8
train,7,1,22,383.1565856933594,small,0
train,7,1,23,406.7245178222656,small,7
train,7,1,24,202.466552734375,small,5
train,7,1,25,3051.45654296875,medium,10
train,7,1,26,96.4145278930664,small,2
train,7,1,27,404.940673828125,small,7
train,7,1,28,956.6270751953125,small,9
train,7,1,29,132.8374786376953,small,3
train,7,1,30,562.4075317382812,small,10
train,7,1,31,145.3311004638672,small,2
train,7,1,32,127.47510528564453,small,1
train,7,1,33,512.4202270507812,small,10
train,7,1,34,45.531368255615234,small,3
train,7,1,35,93.73735046386719,small,1
train,7,1,36,208.89295959472656,small,3
train,7,1,37,54.99008560180664,small,3
train,7,1,38,221.217041015625,small,3
train,7,1,39,88.55738067626953,small,3
train,7,1,40,37.31327819824219,small,0
train,7,1,41,124.98058319091797,small,2
train,7,1,42,154.26502990722656,small,5
train,7,1,43,216.0358123779297,small,3
train,7,1,44,60.702606201171875,small,2
train,7,1,45,39.27939224243164,small,2
train,7,1,46,57.85145568847656,small,4
train,7,1,47,29.99534797668457,small,5
train,7,1,48,102.65991973876953,small,3
train,7,1,49,115.33488464355469,small,2
train,7,1,50,173.00575256347656,small,3
train,7,1,51,96.41769409179688,small,2
train,7,1,52,97.48478698730469,small,0
train,7,1,53,151.40066528320312,small,1
train,7,1,54,186.57713317871094,small,2
train,7,1,55,208.1790008544922,small,1
train,7,1,56,68.55912017822266,small,2
train,7,1,57,32.1372184753418,small,0
train,7,1,58,48.74394226074219,small,1
train,7,1,59,29.99044418334961,small,0
train,7,1,60,28.56424903869629,small,0
train,7,1,61,26.781015396118164,small,3
train,7,1,62,7.5004754066467285,small,0
train,7,1,63,11.247190475463867,small,0
train,7,1,64,15.710151672363281,small,1
train,7,1,65,19.28165054321289,small,1
train,7,1,66,24.994840621948242,small,1
train,7,1,67,25.531871795654297,small,2
train,7,1,68,39.458377838134766,small,5
train,7,1,69,97.12439727783203,small,4
train,7,1,70,6.250064849853516,small,0
train,7,1,71,7.142663478851318,small,0
train,7,1,72,8.5711030960083,small,1
train,7,1,73,5.357287406921387,small,1
train,7,1,74,12.496233940124512,small,0
train,7,1,75,19.638612747192383,small,1
train,7,2,0,389.419677734375,small,6
train,7,2,1,233.6365966796875,small,6
train,7,2,2,220.66152954101562,small,5
train,7,2,3,226.01300048828125,small,3
train,7,2,4,233.64923095703125,small,4
train,7,2,5,213.79983520507812,small,2
train,7,2,6,558.1482543945312,small,10
train,7,2,7,88.18785095214844,small,2
train,7,2,8,200.43344116210938,small,3
train,7,2,9,296.6426696777344,small,9
train,7,2,10,227.1480712890625,small,5
train,7,2,11,219.9016571044922,small,4
train,7,2,12,34.74138259887695,small,2
train,7,2,13,19.086536407470703,small,0
train,7,2,14,16.79713249206543,small,0
train,7,2,15,18.32526397705078,small,0
train,7,2,16,29.39581298828125,small,3
train,7,2,17,18.326244354248047,small,1
train,7,3,0,4296.65576171875,medium,10
train,7,3,1,719.1304931640625,small,10
train,7,3,2,351.0355529785156,small,7
train,7,3,3,219.7704315185547,small,5
train,7,3,4,95.22891235351562,small,1
train,7,3,5,65.92526245117188,small,4
train,7,3,6,26.857900619506836,small,0
train,7,3,7,241.73927307128906,small,3
train,8,0,0,102.38774108886719,small,2
train,8,0,1,95.56378936767578,small,3
train,8,0,2,190.2043914794922,small,5
train,8,0,3,354.9316711425781,small,10
train,8,0,4,458.70166015625,small,7
train,8,0,5,646.6331176757812,small,10
train,8,0,6,582.465576171875,small,10
train,8,0,7,941.07568359375,small,10
train,8,0,8,1624.5418701171875,medium,10
train,8,0,9,922.8550415039062,small,10
train,8,0,10,559.7373046875,small,9
train,8,0,11,606.5890502929688,small,10
train,8,0,12,550.1707153320312,small,9
train,8,0,13,757.6813354492188,small,10
train,8,0,14,2548.320556640625,medium,10
train,8,0,15,2088.70263671875,medium,10
train,8,0,16,786.5867919921875,small,10
train,8,0,17,1362.762939453125,medium,10
train,8,0,18,2483.24169921875,medium,10
train,8,0,19,2828.633056640625,medium,10
train,8,0,20,908.6406860351562,small,10
train,8,0,21,81.90784454345703,small,1
train,8,0,22,106.48786926269531,small,2
train,8,0,23,155.62643432617188,small,3
train,8,0,24,73.72480773925781,small,4
train,8,0,25,136.5186309814453,small,3
train,8,0,26,110.11908721923828,small,4
train,8,0,27,118.32024383544922,small,3
train,8,0,28,76.44734191894531,small,0
train,8,0,29,9.557337760925293,small,0
train,8,0,30,12.741594314575195,small,0
train,8,0,31,18.200042724609375,small,1
train,8,0,32,18.20037078857422,small,1
train,8,0,33,15.925911903381348,small,2
train,8,0,34,20.474275588989258,small,0
train,8,0,35,13.652872085571289,small,0
train,8,0,36,21.844331741333008,small,5
train,8,0,37,19.115253448486328,small,2
train,8,0,38,16.38238525390625,small,2
train,8,0,39,14.56102180480957,small,0
train,8,0,40,18.200042724609375,small,1
train,8,0,41,18.20037078857422,small,0
train,8,0,42,20.021116256713867,small,0
train,8,0,43,40.95155715942383,small,0
train,8,0,44,77.81819915771484,small,0
train,8,0,45,118.32189178466797,small,2
train,8,0,46,109.21976470947266,small,3
train,8,0,47,197.4907684326172,small,2
train,8,0,48,72.80840301513672,small,1
train,8,0,49,51.88088607788086,small,0
train,8,0,50,112.40074920654297,small,2
train,8,0,51,95.10459899902344,small,3
train,8,0,52,50.96357727050781,small,0
train,8,0,53,44.59428024291992,small,0
train,8,0,54,145.1592559814453,small,2
train,8,0,55,90.10430908203125,small,0
train,8,0,56,318.54498291015625,small,5
train,8,0,57,300.33795166015625,small,6
train,8,0,58,212.96499633789062,small,3
train,8,0,59,159.72926330566406,small,6
train,8,1,0,14476.9306640625,large,10
train,8,1,1,2848.52880859375,medium,10
train,8,1,2,1778.4512939453125,medium,10
train,8,1,3,1393.3643798828125,medium,10
train,8,1,4,1557.8665771484375,medium,10
train,8,1,5,510.8570251464844,small,7
train,8,1,6,656.8037109375,small,4
train,8,1,7,659.6152954101562,small,10
train,8,1,8,4525.916015625,medium,10
train,8,1,9,4657.15380859375,medium,10
train,8,1,10,6232.4228515625,medium,10
train,8,1,11,3458.15234375,medium,10
train,8,1,12,7062.1259765625,medium,10
train,8,1,13,3563.66259765625,medium,10
train,8,1,14,3544.555908203125,medium,10
train,8,1,15,813.9955444335938,small,10
train,8,1,16,833.6669921875,small,9
train,8,1,17,985.2455444335938,small,9
train,8,1,18,1286.109130859375,medium,10
train,8,1,19,12666.4453125,large,10
train,8,1,20,7931.66259765625,medium,10
train,8,1,21,18828.673828125,large,10
train,8,1,22,30062.01953125,large,10
train,8,1,23,38309.09765625,large,10
train,8,2,0,5118.76953125,medium,10
train,8,2,1,4794.431640625,medium,10
train,8,2,2,1470.054931640625,medium,10
train,8,2,3,7436.0341796875,medium,10
train,8,2,4,4793.37890625,medium,10
train,8,2,5,4417.4033203125,medium,10
train,8,2,6,9587.771484375,large,10
train,8,2,7,5931.6015625,medium,10
train,8,2,8,11938.568359375,large,10
train,8,2,9,1425.4202880859375,medium,10
train,8,2,10,12168.8681640625,large,10
train,8,3,0,55.5941162109375,small,2
train,8,3,1,110.37311553955078,small,2
train,8,3,2,204.70394897460938,small,3
train,8,3,3,285.5783386230469,small,5
train,8,3,4,86.37601470947266,small,2
train,8,3,5,280.1999816894531,small,6
train,8,3,6,332.3966369628906,small,5
train,8,3,7,318.3492126464844,small,6
train,8,3,8,145.3685760498047,small,3
train,8,3,9,135.88893127441406,small,5
train,8,3,10,126.52639770507812,small,3
train,8,3,11,543.1982421875,small,10
train,8,3,12,1137.0628662109375,medium,10
train,8,3,13,130.8519287109375,small,2
train,8,3,14,1737.729736328125,medium,10
train,8,3,15,69.5213394165039,small,1
train,8,3,16,76.19422149658203,small,3
train,8,3,17,176.5008544921875,small,2
train,8,3,18,112.36224365234375,small,4
train,9,0,0,11409.2783203125,large,10
train,9,0,1,14471.0341796875,large,10
train,9,0,2,13993.2099609375,large,10
train,9,0,3,9735.44921875,large,10
train,9,0,4,12979.1513671875,large,10
train,9,0,5,5677.86181640625,medium,10
train,9,0,6,5644.4736328125,medium,10
train,9,0,7,575.9796142578125,small,6
train,9,0,8,679.8262939453125,small,5
train,9,0,9,553.9406127929688,small,7
train,9,0,10,803.2237548828125,small,10
train,9,0,11,793.1337280273438,small,8
train,9,0,12,3843.5615234375,medium,10
train,9,0,13,3436.9658203125,medium,10
train,9,0,14,3033.75927734375,medium,10
train,9,0,15,383.3499450683594,small,5
train,9,0,16,387.7672119140625,small,10
train,9,0,17,4350.94677734375,medium,10
train,9,0,18,3142.3642578125,medium,10
train,9,0,19,3062.055908203125,medium,10
train,9,0,20,1733.55810546875,medium,5
train,9,0,21,2116.94384765625,medium,10
train,9,0,22,1551.0362548828125,medium,7
train,9,0,23,1345.4964599609375,medium,7
train,9,0,24,1347.074951171875,medium,6
train,9,0,25,1317.181396484375,medium,9
train,9,0,26,2635.95458984375,medium,10
train,9,0,27,2313.340087890625,medium,10
train,9,0,28,3621.989013671875,medium,10
train,9,0,29,1782.6495361328125,medium,10
train,9,0,30,1444.6370849609375,medium,10
train,9,0,31,1480.5250244140625,medium,10
train,9,0,32,1120.4490966796875,medium,6
train,9,0,33,981.96875,small,7
train,9,0,34,789.3536376953125,small,10
train,9,0,35,430.88043212890625,small,7
train,9,0,36,4022.3486328125,medium,10
train,9,0,37,736.4854125976562,small,10
train,9,0,38,440.6201171875,small,5
train,9,0,39,645.84375,small,10
train,9,0,40,283.2658996582031,small,5
train,9,0,41,245.48629760742188,small,5
train,9,0,42,378.94549560546875,small,8
train,9,0,43,517.1158447265625,small,9
train,9,0,44,518.3624877929688,small,10
train,9,0,45,67.97956085205078,small,0
train,9,0,46,354.71240234375,small,5
train,9,0,47,244.55567932128906,small,4
train,9,0,48,228.49160766601562,small,6
train,9,0,49,139.1066131591797,small,3
train,9,0,50,149.49700927734375,small,2
train,9,0,51,144.4618377685547,small,2
train,9,0,52,185.3784942626953,small,4
train,9,0,53,147.29525756835938,small,2
train,9,0,54,98.1988525390625,small,4
train,9,0,55,62.950035095214844,small,2
train,9,0,56,91.27424621582031,small,0
train,9,0,57,32.10398864746094,small,0
train,9,0,58,441.898193359375,small,8
train,9,0,59,4335.8046875,medium,10
train,9,0,60,2170.014404296875,medium,10
train,9,0,61,193.55850219726562,small,3
train,9,0,62,251.1524658203125,small,3
train,9,0,63,1480.5184326171875,medium,10
train,9,0,64,745.9218139648438,small,10
train,9,0,65,778.9779663085938,small,10
train,9,0,66,198.28024291992188,small,4
train,9,0,67,67.28546905517578,small,0
train,9,0,68,7155.86279296875,medium,10
train,9,0,69,8968.71484375,medium,10
train,9,0,70,490.997314453125,small,10
train,9,0,71,327.33209228515625,small,1
train,9,0,72,912.7313232421875,small,10
train,9,0,73,526.8793334960938,small,10
train,9,0,74,372.64581298828125,small,8
train,9,0,75,330.47210693359375,small,2
train,9,0,76,449.44952392578125,small,10
train,9,0,77,410.72467041015625,small,3
train,9,0,78,458.24432373046875,small,5
train,9,0,79,465.8175964355469,small,7
train,9,0,80,209.2915496826172,small,3
train,9,0,81,332.3677062988281,small,8
train,9,0,82,218.1149139404297,small,1
train,9,0,83,297.42755126953125,small,6
train,9,0,84,158.62759399414062,small,2
train,9,0,85,161.452880859375,small,3
train,9,0,86,310.32757568359375,small,4
train,9,0,87,243.92825317382812,small,5
train,9,0,88,331.7397155761719,small,4
train,9,0,89,339.91827392578125,small,5
train,9,0,90,492.87506103515625,small,10
train,9,0,91,310.9490661621094,small,7
train,9,0,92,259.6609191894531,small,3
train,9,0,93,431.8211364746094,small,7
train,9,0,94,312.2197570800781,small,3
train,9,0,95,328.5837097167969,small,5
train,9,0,96,347.4778747558594,small,4
train,9,0,97,304.6609802246094,small,2
train,9,0,98,339.91888427734375,small,3
train,9,0,99,178.45387268066406,small,1
train,9,0,100,353.13128662109375,small,7
train,9,0,101,310.9499816894531,small,1
train,9,0,102,356.9167785644531,small,7
train,9,0,103,297.4266357421875,small,5
train,9,0,104,392.7918701171875,small,8
train,9,0,105,314.4251403808594,small,2
train,9,1,0,1881.824462890625,medium,10
train,9,1,1,2001.305419921875,medium,10
train,9,1,2,606.6057739257812,small,10
train,9,1,3,2084.28271484375,medium,10
train,9,1,4,1187.901123046875,medium,10
train,9,1,5,927.6771850585938,small,10
train,9,1,6,482.5250244140625,small,10
train,9,1,7,5697.708984375,medium,10
train,9,1,8,1061.533447265625,medium,10
train,9,1,9,683.5538330078125,small,10
train,9,1,10,1179.576171875,medium,10
train,9,1,11,529.90966796875,small,10
train,9,1,12,124.07865142822266,small,4
train,9,1,13,457.51422119140625,small,10
train,9,1,14,661.737060546875,small,10
train,9,1,15,322.2455139160156,small,7
train,9,1,16,161.1219024658203,small,2
train,9,1,17,603.138427734375,small,10
train,9,1,18,1079.9151611328125,medium,10
train,9,1,19,214.83973693847656,small,3
train,9,2,0,6.283355712890625,small,0
train,9,2,1,41.886390686035156,small,0
train,9,2,2,36.650787353515625,small,2
train,9,2,3,44.68166732788086,small,1
train,9,2,4,39.09503173828125,small,1
train,9,2,5,42.82005310058594,small,2
train,9,2,6,40.958518981933594,small,0
train,9,2,7,54.4528923034668,small,2
train,9,2,8,35.83718490600586,small,3
train,9,2,9,26.527568817138672,small,1
train,9,2,10,35.373260498046875,small,3
train,9,2,11,34.20825958251953,small,2
train,9,2,12,36.65070724487305,small,1
train,9,2,13,40.14116287231445,small,3
train,9,2,14,32.579627990722656,small,0
train,9,2,15,48.4033088684082,small,2
train,9,2,16,48.170162200927734,small,3
train,9,2,17,117.98130798339844,small,3
train,9,2,18,49.45112991333008,small,0
train,9,2,19,60.73576736450195,small,4
train,9,2,20,64.11048126220703,small,3
train,9,2,21,78.18981170654297,small,2
train,9,2,22,51.42784118652344,small,0
train,9,2,23,52.127872467041016,small,0
train,9,2,24,70.74322509765625,small,2
train,9,2,25,66.32288360595703,small,2
train,9,2,26,57.71207046508789,small,0
train,9,2,27,69.81346130371094,small,1
train,9,2,28,31.41459083557129,small,0
train,9,2,29,40.143836975097656,small,2
train,9,2,30,60.73674392700195,small,1
train,9,2,31,62.83267593383789,small,2
train,9,2,32,62.83292770385742,small,1
train,9,2,33,61.90043258666992,small,1
train,9,2,34,48.40264129638672,small,0
train,9,2,35,54.45307922363281,small,0
train,9,2,36,53.408111572265625,small,2
train,9,2,37,50.266029357910156,small,0
train,9,2,38,51.42802810668945,small,1
train,9,2,39,39.093990325927734,small,0
train,9,2,40,55.38478088378906,small,1
train,9,2,41,39.093406677246094,small,1
train,9,2,42,42.35002517700195,small,0
train,9,2,43,34.20680236816406,small,2
train,9,2,44,57.36296844482422,small,0
train,9,2,45,68.53272247314453,small,1
train,9,2,46,61.90082931518555,small,2
train,9,2,47,55.385009765625,small,0
train,9,2,48,62.83230209350586,small,0
train,9,2,49,58.64242172241211,small,0
train,9,2,50,37.46564865112305,small,1
train,9,2,51,52.35952377319336,small,2
train,9,2,52,53.407196044921875,small,1
train,9,2,53,55.38442611694336,small,0
train,9,2,54,52.12737274169922,small,0
train,9,2,55,50.613441467285156,small,0
train,9,2,56,56.54869842529297,small,1
train,9,2,57,49.44990158081055,small,0
train,9,2,58,56.549259185791016,small,0
train,9,2,59,59.34234619140625,small,1
train,9,2,60,58.64281463623047,small,1
train,9,2,61,55.38478088378906,small,1
train,9,2,62,53.40775680541992,small,1
train,9,2,63,48.402976989746094,small,1
train,9,2,64,29.3217830657959,small,3
train,9,2,65,30.25346565246582,small,2
train,9,2,66,40.140682220458984,small,4
train,9,2,67,51.42856979370117,small,4
train,9,2,68,50.26484298706055,small,2
train,9,2,69,40.14020538330078,small,2
train,9,2,70,32.57933807373047,small,1
train,9,2,71,46.5434455871582,small,1
train,9,2,72,45.49462890625,small,0
train,9,2,73,46.07539749145508,small,3
train,9,2,74,37.46562957763672,small,0
train,9,2,75,49.45058822631836,small,2
train,9,2,76,36.3012580871582,small,1
train,9,2,77,51.42911148071289,small,1
train,9,2,78,40.95835494995117,small,1
train,9,2,79,42.81990432739258,small,3
train,9,2,80,52.12762451171875,small,2
train,9,2,81,46.54292678833008,small,1
train,9,2,82,53.4071159362793,small,2
train,9,2,83,29.319866180419922,small,0
train,9,2,84,67.4859848022461,small,2
train,9,2,85,43.63161849975586,small,0
train,9,2,86,57.36251449584961,small,1
train,9,2,87,43.63161849975586,small,1
train,9,2,88,53.9896354675293,small,1
train,9,2,89,43.98123550415039,small,1
train,9,2,90,47.1220703125,small,0
train,9,2,91,45.37715530395508,small,0
train,9,2,92,33.50856018066406,small,1
train,9,2,93,42.35233688354492,small,1
train,9,2,94,67.48658752441406,small,1
train,9,2,95,47.12150955200195,small,1
train,9,2,96,50.265716552734375,small,1
train,9,2,97,4.886696815490723,small,0
train,9,2,98,4.188882827758789,small,1
train,9,2,99,4.887103080749512,small,0
train,9,3,0,1009.0382690429688,small,10
train,9,3,1,430.7794494628906,small,10
train,9,3,2,302.7066345214844,small,8
train,9,3,3,577.2824096679688,small,10
train,9,3,4,131.94898986816406,small,3
train,9,3,5,104.5038070678711,small,4
train,9,3,6,281.3627014160156,small,6
train,9,3,7,803.3466796875,small,10
train,9,3,8,364.798583984375,small,6
train,9,3,9,1472.6439208984375,medium,10
train,9,3,10,904.7880859375,small,8
train,9,3,11,679.4330444335938,small,9
train,9,3,12,200.97682189941406,small,1
train,9,3,13,263.34771728515625,small,4
train,9,3,14,301.18658447265625,small,7
train,9,3,15,213.44972229003906,small,2
train,9,3,16,274.99041748046875,small,6
train,9,3,17,172.97976684570312,small,1
train,9,3,18,173.25257873535156,small,3
train,9,3,19,651.4349975585938,small,4
train,9,3,20,36.58941650390625,small,1
train,9,3,21,83.16310119628906,small,1
train,9,3,22,62.095577239990234,small,3
train,9,3,23,48.790889739990234,small,4
train,9,3,24,69.8565673828125,small,2
train,9,3,25,32.434242248535156,small,0
train,9,3,26,31.600122451782227,small,2
train,9,3,27,28.967859268188477,small,1
train,9,3,28,34.23627471923828,small,2
train,9,3,29,35.0660285949707,small,1
train,9,3,30,30.492815017700195,small,1
train,9,3,31,24.948163986206055,small,3
train,9,3,32,159.1150665283203,small,4
train,9,3,33,305.48150634765625,small,8
train,9,3,34,113.10266876220703,small,1
train,9,3,35,239.5040283203125,small,4
train,9,3,36,172.97373962402344,small,2
train,9,3,37,260.7064514160156,small,5
train,9,3,38,20.79155921936035,small,1
train,9,3,39,16.217052459716797,small,2
train,9,3,40,15.523894309997559,small,0
train,9,3,41,17.74055290222168,small,0
train,9,3,42,18.713085174560547,small,1
train,9,3,43,20.79155921936035,small,2
train,9,3,44,14.553750038146973,small,0
train,9,3,45,18.713085174560547,small,2
train,9,3,46,21.066747665405273,small,0
train,9,3,47,16.631881713867188,small,0
train,9,3,48,16.631881713867188,small,0
train,9,3,49,25.918649673461914,small,2
train,9,3,50,30.49258804321289,small,1
train,9,3,51,9.701916694641113,small,1
train,9,3,52,9.979948997497559,small,0
train,9,3,53,36.58941650390625,small,0
train,9,3,54,31.600122451782227,small,2
train,9,3,55,14.413450241088867,small,1
train,9,3,56,11.642864227294922,small,0
train,9,3,57,19.40424346923828,small,2
train,9,3,58,23.284456253051758,small,4
train,9,3,59,18.294889450073242,small,2
train,9,3,60,24.947551727294922,small,1
train,9,3,61,25.225811004638672,small,3
train,9,3,62,25.918649673461914,small,2
train,9,3,63,37.839752197265625,small,0
train,9,3,64,204.4408721923828,small,2
train,9,3,65,26.610830307006836,small,3
train,10,0,0,466.3026428222656,small,10
train,10,0,1,448.7748107910156,small,3
train,10,0,2,534.1035766601562,small,10
train,10,0,3,260.3861389160156,small,2
train,10,0,4,258.9118347167969,small,3
train,10,0,5,72.49869537353516,small,1
train,10,0,6,73.9768295288086,small,2
train,10,0,7,505.49969482421875,small,10
train,10,0,8,1819.767822265625,medium,10
train,10,0,9,38491.6328125,large,10
train,10,0,10,471.9477844238281,small,7
train,10,0,11,421.1693115234375,small,0
train,10,0,12,313.6520080566406,small,6
train,10,0,13,272.9682922363281,small,1
train,10,0,14,838.3948974609375,small,10
train,10,0,15,749.6199951171875,small,10
train,10,0,16,125.7610092163086,small,2
train,10,0,17,83.34701538085938,small,1
train,10,0,18,59.67136764526367,small,1
train,10,0,19,59.671119689941406,small,0
train,10,0,20,46.1105842590332,small,0
train,10,0,21,48.82398986816406,small,1
train,10,0,22,207.12208557128906,small,3
train,10,0,23,51.53398895263672,small,0
train,10,0,24,39.94486618041992,small,0
train,10,0,25,56.21973419189453,small,0
train,10,0,26,35.50569534301758,small,0
train,10,0,27,79.40240478515625,small,2
train,10,0,28,56.22031021118164,small,1
train,10,0,29,67.07293701171875,small,2
train,10,0,30,39.94486618041992,small,2
train,10,0,31,28.847190856933594,small,1
train,10,0,32,29.58760643005371,small,0
train,10,0,33,36.98689651489258,small,0
train,10,0,34,56.71091842651367,small,0
train,10,0,35,46.112876892089844,small,1
train,10,0,36,426.0891418457031,small,8
train,10,0,37,285.0470886230469,small,5
train,10,0,38,133.14732360839844,small,1
train,10,0,39,92.46967315673828,small,3
train,10,0,40,29.835641860961914,small,3
train,10,0,41,84.33479309082031,small,1
train,10,0,42,63.12599182128906,small,3
train,10,0,43,78.90966796875,small,4
train,10,0,44,16.276565551757812,small,0
train,10,0,45,13.318140983581543,small,0
train,10,0,46,17.258056640625,small,1
train,10,0,47,17.258359909057617,small,0
train,10,0,48,13.318140983581543,small,0
train,10,0,49,18.984710693359375,small,1
train,10,0,50,35.504974365234375,small,2
train,10,0,51,185.9261016845703,small,5
train,10,0,52,119.09767150878906,small,1
train,10,0,53,226.35650634765625,small,6
train,10,0,54,784.6326904296875,small,10
train,10,0,55,102.09109497070312,small,2
train,10,0,56,124.28262329101562,small,2
train,10,0,57,102.5828857421875,small,2
train,10,0,58,230.798583984375,small,3
train,10,0,59,30.22711753845215,small,0
train,10,0,60,26.630319595336914,small,4
train,10,0,61,66.5800552368164,small,2
train,10,0,62,41.42606735229492,small,3
train,10,1,0,1030.5059814453125,medium,10
train,10,1,1,704.0440063476562,small,10
train,10,1,2,416.2276611328125,small,8
train,10,1,3,1347.059326171875,medium,10
train,10,1,4,515.7783813476562,small,10
train,10,1,5,438.0739440917969,small,6
train,10,1,6,2190.308349609375,medium,10
train,10,1,7,2177.825439453125,medium,10
train,10,1,8,2731.618408203125,medium,10
train,10,1,9,2972.559326171875,medium,10
train,10,1,10,4577.802734375,medium,10
train,10,1,11,4262.7421875,medium,10
train,10,1,12,6213.18212890625,medium,10
train,10,1,13,352.00933837890625,small,3
train,10,1,14,344.18218994140625,small,3
train,10,2,0,5231.37109375,medium,10
train,10,2,1,2285.00048828125,medium,10
train,10,2,2,8596.1923828125,medium,10
train,10,2,3,2170.937255859375,medium,10
train,10,2,4,1675.068359375,medium,10
train,10,2,5,2520.23583984375,medium,10
train,10,2,6,2556.900146484375,medium,10
train,10,2,7,2525.335693359375,medium,10
train,10,2,8,8332.498046875,medium,10
train,10,2,9,1673.3587646484375,medium,10
train,10,2,10,1506.0401611328125,medium,10
train,10,2,11,1943.8731689453125,medium,10
train,10,2,12,1125.197265625,medium,10
train,10,2,13,183.28915405273438,small,3
train,10,2,14,114.04747772216797,small,1
train,10,2,15,241.83360290527344,small,7
train,10,2,16,121.17674255371094,small,3
train,10,2,17,146.63833618164062,small,4
train,10,2,18,254.57427978515625,small,3
train,10,2,19,491.833984375,small,10
train,10,2,20,396.5997619628906,small,4
train,10,2,21,459.75,small,4
train,10,2,22,459.7528381347656,small,9
train,10,2,23,504.03759765625,small,10
train,10,2,24,329.9142150878906,small,3
train,10,2,25,285.1221923828125,small,4
train,10,2,26,503.548828125,small,10
train,10,2,27,386.9493103027344,small,4
train,10,2,28,444.99371337890625,small,10
train,10,2,29,352.4535827636719,small,7
train,10,2,30,222.48577880859375,small,4
train,10,2,31,251.00794982910156,small,5
train,10,3,0,13094.8818359375,large,10
train,10,3,1,817.6263427734375,small,10
train,10,3,2,120.1242904663086,small,4
train,10,3,3,244.9342803955078,small,4
train,10,3,4,226.64117431640625,small,3
train,10,3,5,145.6959991455078,small,2
train,10,3,6,133.7230987548828,small,0
train,10,3,7,192.38650512695312,small,0
train,10,3,8,300.2978515625,small,2
train,10,3,9,123.8720474243164,small,0
train,10,3,10,247.28289794921875,small,1
train,10,3,11,356.6084899902344,small,8
train,10,3,12,581.6019897460938,small,10
train,10,3,13,453.28045654296875,small,8
train,10,3,14,437.08251953125,small,6
train,10,3,15,2946.708740234375,medium,10
train,10,3,16,2638.913818359375,medium,10
train,10,3,17,2134.96826171875,medium,10
train,10,3,18,399.0815734863281,small,6
train,10,3,19,353.79608154296875,small,8
train,10,3,20,2652.04296875,medium,10
train,10,3,21,1019.8656616210938,small,10
train,11,0,0,9509.3134765625,large,10
train,11,0,1,14893.9990234375,large,10
train,11,0,2,4038.240966796875,medium,10
train,11,0,3,1663.464111328125,medium,10
train,11,0,4,1305.88916015625,medium,10
train,11,0,5,5509.43701171875,medium,10
train,11,0,6,4881.25146484375,medium,10
train,11,0,7,583.7725830078125,small,9
train,11,0,8,403.8936767578125,small,6
train,11,0,9,2052.105224609375,medium,9
train,11,0,10,1166.460205078125,medium,10
train,11,0,11,1877.29833984375,medium,10
train,11,0,12,1153.6063232421875,medium,10
train,11,0,13,1392.033447265625,medium,10
train,11,0,14,824.912841796875,small,10
train,11,0,15,870.6009521484375,small,10
train,11,0,16,395.9559631347656,small,8
train,11,0,17,497.9547424316406,small,6
train,11,0,18,308.8696594238281,small,4
train,11,0,19,546.3489990234375,small,10
train,11,0,20,333.1321105957031,small,3
train,11,0,21,355.3397521972656,small,7
train,11,0,22,283.1660461425781,small,8
train,11,0,23,1031.1434326171875,medium,10
train,11,0,24,1778.466552734375,medium,10
train,11,1,0,10546.1337890625,large,10
train,11,1,1,405.5106506347656,small,7
train,11,1,2,482.7615661621094,small,7
train,11,1,3,4747.0400390625,medium,10
train,11,1,4,2589.975830078125,medium,9
train,11,1,5,3741.33251953125,medium,10
train,11,1,6,2751.66748046875,medium,10
train,11,1,7,637.2385864257812,small,10
train,11,1,8,315.4068603515625,small,4
train,11,1,9,454.9833984375,small,8
train,11,1,10,1159.0152587890625,medium,8
train,11,1,11,2355.8408203125,medium,10
train,11,1,12,1106.2974853515625,medium,6
train,11,1,13,1042.7509765625,medium,10
train,11,1,14,957.46826171875,small,5
train,11,1,15,836.7689208984375,small,7
train,11,1,16,374.1368408203125,small,6
train,11,1,17,304.1297912597656,small,2
train,11,1,18,321.83306884765625,small,7
train,11,1,19,212.4104461669922,small,5
train,11,1,20,206.38119506835938,small,2
train,11,1,21,544.3134765625,small,4
train,11,1,22,955.8720703125,small,10
train,11,1,23,1471.5809326171875,medium,10
train,11,1,24,1169.4835205078125,medium,10
train,11,1,25,7151.2060546875,medium,10
train,11,1,26,660.9810180664062,small,10
train,11,1,27,1537.564208984375,medium,10
train,11,1,28,1301.0047607421875,medium,9
train,11,1,29,461.8294982910156,small,9
train,11,1,30,418.391845703125,small,9
train,11,1,31,241.37721252441406,small,5
train,11,1,32,231.31224060058594,small,5
train,11,1,33,157.29788208007812,small,3
train,11,1,34,405.5119323730469,small,10
train,11,1,35,533.4441528320312,small,10
train,11,1,36,205.17041015625,small,2
train,11,1,37,116.26167297363281,small,1
train,11,1,38,180.2279052734375,small,0
train,11,1,39,313.78692626953125,small,9
train,11,1,40,244.59312438964844,small,2
train,11,1,41,280.3960876464844,small,1
train,11,1,42,78.44279479980469,small,1
train,11,1,43,28.160497665405273,small,0
train,11,1,44,43.449703216552734,small,4
train,11,1,45,160.51637268066406,small,5
train,11,1,46,174.99024963378906,small,4
train,11,1,47,305.3439025878906,small,4
train,11,1,48,274.3627624511719,small,5
train,11,1,49,68.3901138305664,small,4
train,11,1,50,51.490745544433594,small,0
train,11,1,51,120.69019317626953,small,2
train,11,1,52,72.4123764038086,small,3
train,11,1,53,65.17455291748047,small,2
train,11,1,54,24.13443946838379,small,0
train,11,2,0,23137.65625,large,10
train,11,2,1,5082.3193359375,medium,10
train,11,2,2,5322.61474609375,medium,10
train,11,2,3,867.508544921875,small,9
train,11,2,4,1303.8067626953125,medium,8
train,11,2,5,1202.0435791015625,medium,10
train,11,2,6,2607.426513671875,medium,10
train,11,2,7,1550.247802734375,medium,10
train,11,2,8,2808.56884765625,medium,10
train,11,2,9,5011.41015625,medium,10
train,11,2,10,3049.947509765625,medium,3
train,11,2,11,2625.43701171875,medium,8
train,11,2,12,656.3555297851562,small,10
train,11,2,13,13092.08203125,large,10
train,11,2,14,538.0540161132812,small,8
train,11,2,15,4018.810791015625,medium,9
train,11,2,16,3935.540283203125,medium,10
train,11,2,17,7516.9580078125,medium,10
train,11,2,18,763.5301513671875,small,9
train,11,2,19,523.751708984375,small,9
train,11,2,20,600.3803100585938,small,10
train,11,2,21,239.13583374023438,small,3
train,11,2,22,4168.97412109375,medium,8
train,11,2,23,4752.87939453125,medium,10
train,11,2,24,2484.227783203125,medium,10
train,11,2,25,4143.8544921875,medium,10
train,11,2,26,957.1944580078125,small,9
train,11,2,27,3297.693115234375,medium,10
train,11,2,28,293.8337707519531,small,5
train,11,2,29,297.6502380371094,small,2
train,11,2,30,309.0965576171875,small,5
train,11,2,31,605.4833374023438,small,10
train,11,2,32,194.62001037597656,small,0
train,11,2,33,223.86912536621094,small,1
train,11,2,34,244.85617065429688,small,2
train,11,2,35,318.0051574707031,small,3
train,11,2,36,1430.9918212890625,medium,10
train,11,2,37,1756.946044921875,medium,8
train,11,2,38,2111.518798828125,medium,10
train,11,2,39,1526.407958984375,medium,10
train,11,2,40,1074.838623046875,medium,7
train,11,2,41,190.80322265625,small,1
train,11,2,42,1373.765869140625,medium,10
train,11,2,43,1821.5635986328125,medium,10
train,11,2,44,604.1945190429688,small,9
train,11,2,45,994.3804321289062,small,9
train,11,2,46,529.4779663085938,small,10
train,11,2,47,789.9149169921875,small,7
train,11,2,48,1004.5658569335938,small,10
train,11,2,49,199.0875701904297,small,4
train,11,2,50,915.8439331054688,small,10
train,11,2,51,992.1767578125,small,10
train,11,2,52,888.825439453125,small,6
train,11,2,53,789.9140014648438,small,6
train,11,2,54,908.2252807617188,small,9
train,11,2,55,607.8324584960938,small,2
train,11,2,56,525.7269287109375,small,2
train,11,2,57,86.70903015136719,small,0
train,11,2,58,182.5293731689453,small,4
train,11,2,59,178.5629119873047,small,3
train,11,2,60,399.83892822265625,small,8
train,11,3,0,639.9337158203125,small,10
train,11,3,1,467.8093566894531,small,5
train,11,3,2,505.1998596191406,small,10
train,11,3,3,104.97440338134766,small,0
train,11,3,4,695.9146728515625,small,10
train,11,3,5,433.9085388183594,small,7
train,11,3,6,94.91958618164062,small,4
train,11,3,7,82.01338958740234,small,5
train,11,3,8,73.92208099365234,small,4
train,11,3,9,615.8749389648438,small,9
train,11,3,10,643.0003051757812,small,6
train,11,3,11,286.7193908691406,small,8
train,11,3,12,32.804954528808594,small,4
train,11,3,13,18.370786666870117,small,1
train,11,3,14,15.307619094848633,small,0
train,11,3,15,14.213544845581055,small,0
train,11,3,16,59.04951858520508,small,3
train,11,3,17,63.4243049621582,small,0
train,12,0,0,488.79296875,small,7
train,12,0,1,402.0156555175781,small,4
train,12,0,2,822.9801025390625,small,10
train,12,0,3,430.6095275878906,small,8
train,12,0,4,376.24072265625,small,7
train,12,0,5,587.555419921875,small,10
train,12,0,6,349.1412048339844,small,8
train,12,0,7,402.0073547363281,small,9
train,12,0,8,402.0073547363281,small,8
train,12,0,9,379.0676574707031,small,2
train,12,0,10,395.028564453125,small,5
train,12,0,11,389.537353515625,small,9
train,12,0,12,537.672119140625,small,9
train,12,0,13,511.73638916015625,small,10
train,12,0,14,444.4044494628906,small,9
train,12,0,15,393.6968994140625,small,8
train,12,0,16,364.10430908203125,small,4
train,12,0,17,512.2384033203125,small,10
train,12,0,18,757.1387329101562,small,10
train,12,0,19,571.9237670898438,small,10
train,12,0,20,466.8452453613281,small,9
train,12,0,21,417.47027587890625,small,10
train,12,0,22,466.8452453613281,small,6
train,12,0,23,324.20562744140625,small,9
train,12,0,24,1810.5606689453125,medium,10
train,12,0,25,427.94049072265625,small,5
train,12,0,26,423.9626159667969,small,10
train,12,0,27,479.8285827636719,small,10
train,12,0,28,424.78948974609375,small,10
train,12,0,29,353.7980041503906,small,9
train,12,0,30,758.1397705078125,small,10
train,12,0,31,350.1378173828125,small,9
train,12,0,32,102.2450180053711,small,1
train,12,0,33,53.20466613769531,small,2
train,12,0,34,47.88496398925781,small,5
train,12,0,35,34.58195877075195,small,3
train,12,0,36,29.924917221069336,small,2
train,12,0,37,27.929195404052734,small,4
train,12,0,38,51.20839309692383,small,3
train,12,0,39,32.42219543457031,small,3
train,12,0,40,21.613601684570312,small,0
train,12,1,0,348.8758239746094,small,8
train,12,1,1,698.91552734375,small,10
train,12,1,2,1263.7901611328125,medium,10
train,12,1,3,1940.006103515625,medium,10
train,12,1,4,2109.26611328125,medium,10
train,12,1,5,904.407470703125,small,10
train,12,1,6,325.5024719238281,small,6
train,12,1,7,2104.9541015625,medium,10
train,12,1,8,1145.452392578125,medium,10
train,12,1,9,521.4850463867188,small,10
train,12,1,10,448.6954040527344,small,10
train,12,1,11,624.9794311523438,small,10
train,12,1,12,299.1280212402344,small,7
train,12,1,13,578.90771484375,small,8
train,12,1,14,1568.0927734375,medium,10
train,12,1,15,3291.785888671875,medium,10
train,12,1,16,5274.85205078125,medium,10
train,12,1,17,266.91522216796875,small,5
train,12,1,18,99.318359375,small,4
train,12,1,19,979.01318359375,small,10
train,12,1,20,150.0659942626953,small,5
train,12,1,21,130.87086486816406,small,3
train,12,1,22,186.9552764892578,small,4
train,12,1,23,196.30384826660156,small,3
train,12,1,24,66.1008529663086,small,0
train,12,1,25,33.38615417480469,small,1
train,12,1,26,64.102294921875,small,4
train,12,1,27,79.29015350341797,small,5
train,12,1,28,98.15227508544922,small,0
train,12,1,29,170.76980590820312,small,4
train,12,1,30,30.049036026000977,small,0
train,12,1,31,42.063690185546875,small,2
train,12,1,32,273.7563781738281,small,5
train,12,1,33,62.9329948425293,small,0
train,12,1,34,85.12997436523438,small,0
train,12,1,35,22.201021194458008,small,0
train,12,1,36,21.03446388244629,small,0
train,12,1,37,38.72565841674805,small,0
train,12,1,38,32.04865264892578,small,0
train,12,1,39,24.03862190246582,small,1
train,12,1,40,160.41712951660156,small,3
train,12,1,41,216.33627319335938,small,3
train,12,1,42,126.19962310791016,small,2
train,12,2,0,143.4475555419922,small,2
train,12,2,1,184.0861358642578,small,5
train,12,2,2,56.98113250732422,small,2
train,12,2,3,122.7218246459961,small,2
train,12,2,4,268.9719543457031,small,5
train,12,2,5,331.5205078125,small,7
train,12,2,6,512.8268432617188,small,9
train,12,2,7,653.4820556640625,small,10
train,12,2,8,929.218994140625,small,10
train,12,2,9,2705.565673828125,medium,10
train,12,2,10,3710.464111328125,medium,10
train,12,2,11,525.970703125,small,8
train,12,2,12,441.0976867675781,small,7
train,12,2,13,497.28125,small,8
train,12,2,14,414.3973693847656,small,8
train,12,2,15,513.2236328125,small,10
train,12,2,16,494.088623046875,small,8
train,12,2,17,419.57305908203125,small,10
train,12,2,18,420.76629638671875,small,7
train,12,2,19,1416.5435791015625,medium,10
train,12,2,20,2247.33544921875,medium,10
train,12,2,21,3282.941162109375,medium,10
train,12,2,22,1312.1292724609375,medium,10
train,12,2,23,1227.2520751953125,medium,10
train,12,3,0,183.97703552246094,small,4
train,12,3,1,344.96630859375,small,8
train,12,3,2,214.3832244873047,small,3
train,12,3,3,308.66180419921875,small,5
train,12,3,4,237.1970672607422,small,3
train,12,3,5,183.600341796875,small,3
train,12,3,6,270.07464599609375,small,3
train,12,3,7,223.32247924804688,small,2
train,12,3,8,261.90167236328125,small,4
train,12,3,9,327.2855224609375,small,7
train,12,3,10,245.55955505371094,small,5
train,12,3,11,183.59861755371094,small,2
train,12,3,12,232.827392578125,small,4
train,12,3,13,148.24937438964844,small,1
train,12,3,14,155.6588897705078,small,3
train,12,3,15,196.1373748779297,small,3
train,12,3,16,166.30514526367188,small,2
train,12,3,17,148.24855041503906,small,2
train,12,3,18,106.05315399169922,small,4
train,12,3,19,71.27234649658203,small,4
train,12,3,20,109.85226440429688,small,4
train,12,3,21,967.0299072265625,small,10
train,12,3,22,287.371337890625,small,7
train,12,3,23,420.7928771972656,small,8
train,12,3,24,322.3376770019531,small,7
train,12,3,25,285.0827331542969,small,6
train,12,3,26,334.5052490234375,small,8
train,12,3,27,199.5601806640625,small,2
train,12,3,28,155.85377502441406,small,3
train,12,3,29,171.43283081054688,small,3
train,12,3,30,209.8306121826172,small,3
train,12,3,31,163.6427459716797,small,2
train,12,3,32,261.8946228027344,small,4
train,12,3,33,205.46014404296875,small,4
train,12,3,34,122.77474975585938,small,3
train,12,3,35,125.44316864013672,small,1
train,12,3,36,99.21063995361328,small,1
train,12,3,37,119.16561126708984,small,1
train,12,3,38,126.3848876953125,small,3
train,12,3,39,139.69261169433594,small,3
train,12,3,40,97.31333923339844,small,4
train,12,3,41,94.2736587524414,small,4
train,12,3,42,76.97112274169922,small,0
train,12,3,43,66.9027099609375,small,3
train,12,3,44,54.357303619384766,small,3
train,12,3,45,15.96595573425293,small,0
train,12,3,46,18.625333786010742,small,0
train,12,3,47,13.685606956481934,small,0
train,12,3,48,13.685925483703613,small,0
train,12,3,49,13.304422378540039,small,0
train,12,3,50,10.643527030944824,small,1
train,12,3,51,14.634031295776367,small,1
train,12,3,52,12.544500350952148,small,0
train,12,3,53,23.94754981994629,small,0
train,12,3,54,142.1624298095703,small,1
train,12,3,55,96.93008422851562,small,3
train,12,3,56,137.98336791992188,small,1
train,12,3,57,125.44378662109375,small,2
train,12,3,58,93.70027160644531,small,4
train,12,3,59,80.7778549194336,small,1
train,12,3,60,93.70027160644531,small,2
train,12,3,61,76.97112274169922,small,3
train,12,3,62,21.285085678100586,small,0
train,12,3,63,14.82594108581543,small,1
train,12,3,64,22.239030838012695,small,2
train,12,3,65,23.948932647705078,small,2
train,12,3,66,18.625240325927734,small,0
train,12,3,67,204.87982177734375,small,4
train,12,3,68,159.64797973632812,small,2
train,12,3,69,202.22637939453125,small,4
train,12,3,70,133.4221649169922,small,4
train,12,3,71,181.8872528076172,small,3
train,12,3,72,104.71870422363281,small,3
train,12,3,73,96.93008422851562,small,3
train,12,3,74,88.18989562988281,small,2
train,12,3,75,106.43622589111328,small,3
train,12,3,76,96.93008422851562,small,2
train,12,3,77,21.285085678100586,small,0
train,12,3,78,18.245452880859375,small,0
train,12,3,79,266.0855712890625,small,4
train,12,3,80,69.18172454833984,small,2
train,12,3,81,68.41749572753906,small,1
train,12,3,82,37.63086700439453,small,2
train,13,0,0,5347.3232421875,medium,10
train,13,0,1,4842.32080078125,medium,10
train,13,0,2,4495.8515625,medium,10
train,13,0,3,1141.042724609375,medium,10
train,13,0,4,471.4336242675781,small,10
train,13,0,5,345.0176086425781,small,6
train,13,0,6,383.0328674316406,small,5
train,13,0,7,2309.635986328125,medium,10
train,13,0,8,2252.630126953125,medium,10
train,13,0,9,1938.9405517578125,medium,10
train,13,0,10,1114.922119140625,medium,10
train,13,0,11,1304.4979248046875,medium,10
train,13,0,12,270.8712463378906,small,5
train,13,0,13,239.5181884765625,small,3
train,13,0,14,846.85986328125,small,8
train,13,0,15,981.3513793945312,small,10
train,13,0,16,681.9637451171875,small,10
train,13,0,17,2038.7669677734375,medium,10
train,13,0,18,921.0020751953125,small,9
train,13,0,19,615.4320678710938,small,10
train,13,0,20,565.5286254882812,small,9
train,13,0,21,345.9710693359375,small,7
train,13,0,22,2319.102783203125,medium,10
train,13,0,23,963.7727661132812,small,10
train,13,0,24,192.94386291503906,small,3
train,13,0,25,95.05145263671875,small,3
train,13,0,26,136.8601531982422,small,1
train,13,0,27,115.4894790649414,small,2
train,13,0,28,441.9781494140625,small,3
train,13,0,29,180.58938598632812,small,5
train,13,0,30,259.47271728515625,small,6
train,13,0,31,269.4544677734375,small,6
train,13,0,32,239.51608276367188,small,6
train,13,0,33,68.43091583251953,small,1
train,13,0,34,94.09590148925781,small,1
train,13,0,35,106.92720031738281,small,1
train,13,0,36,142.57591247558594,small,3
train,13,0,37,307.9499816894531,small,5
train,13,0,38,199.60304260253906,small,5
train,13,0,39,198.63766479492188,small,5
train,13,0,40,188.19190979003906,small,3
train,13,0,41,199.6004638671875,small,3
train,13,0,42,306.0606994628906,small,4
train,13,0,43,220.9797821044922,small,2
train,13,0,44,598.7994995117188,small,10
train,13,0,45,2787.248291015625,medium,10
train,13,0,46,921.002197265625,small,10
train,13,0,47,1026.510498046875,medium,10
train,13,0,48,735.64697265625,small,10
train,13,0,49,1594.4129638671875,medium,10
train,13,0,50,1561.6239013671875,medium,10
train,13,0,51,597.8502807617188,small,10
train,13,0,52,174.88925170898438,small,2
train,13,0,53,303.19012451171875,small,6
train,13,0,54,177.7285614013672,small,3
train,13,0,55,815.5059204101562,small,10
train,13,0,56,513.2649536132812,small,3
train,13,0,57,262.33538818359375,small,5
train,13,0,58,1558.7451171875,medium,9
train,13,0,59,1948.493408203125,medium,5
train,13,0,60,2940.75732421875,medium,10
train,13,0,61,71.29068756103516,small,1
train,13,0,62,165.3737335205078,small,2
train,13,0,63,94.0999984741211,small,2
train,13,0,64,76.51286315917969,small,0
train,13,0,65,98.38206481933594,small,3
train,13,0,66,551.2620239257812,small,9
train,13,0,67,480.9476013183594,small,8
train,13,0,68,4730.4697265625,medium,10
train,13,0,69,547.4688720703125,small,8
train,13,0,70,2007.3675537109375,medium,10
train,13,0,71,2969.25830078125,medium,10
train,13,0,72,4170.1591796875,medium,10
train,13,0,73,1159.553955078125,medium,9
train,13,0,74,1178.1341552734375,medium,8
train,13,0,75,1097.789794921875,medium,1
train,13,0,76,627.3201904296875,small,10
train,13,0,77,668.6585693359375,small,10
train,13,0,78,12683.060546875,large,10
train,13,0,79,1337.3056640625,medium,10
train,13,0,80,11605.1640625,large,10
train,13,0,81,9850.1376953125,large,10
train,13,0,82,1300.2542724609375,medium,10
train,13,0,83,551.7479248046875,small,4
train,13,0,84,633.95947265625,small,10
train,13,1,0,7809.8525390625,medium,10
train,13,1,1,10667.1357421875,large,10
train,13,1,2,27553.623046875,large,10
train,13,1,3,10550.0830078125,large,10
train,13,1,4,738.1326293945312,small,10
train,13,1,5,548.332763671875,small,8
train,13,1,6,420.18377685546875,small,2
train,13,1,7,586.1658935546875,small,9
train,13,1,8,420.189697265625,small,8
train,13,1,9,315.1348876953125,small,4
train,13,1,10,437.6920166015625,small,10
train,13,1,11,420.1905822753906,small,9
train,13,1,12,525.2423095703125,small,10
train,13,1,13,609.2802124023438,small,10
train,13,1,14,605.072265625,small,8
train,13,1,15,629.565673828125,small,9
train,13,1,16,477.6003723144531,small,7
train,13,1,17,418.7964782714844,small,8
train,13,1,18,404.7821044921875,small,3
train,13,1,19,333.35089111328125,small,5
train,13,1,20,359.2490234375,small,2
train,13,1,21,385.85809326171875,small,6
train,13,1,22,127.45298767089844,small,3
train,13,1,23,403.37158203125,small,5
train,13,1,24,333.35089111328125,small,3
train,13,1,25,431.3818359375,small,9
train,13,1,26,352.9516296386719,small,5
train,13,1,27,252.1066131591797,small,3
train,13,1,28,439.0766906738281,small,9
train,13,1,29,294.1207580566406,small,3
train,13,1,30,378.1742858886719,small,7
train,13,1,31,321.4454345703125,small,6
train,13,1,32,319.3229675292969,small,4
train,13,1,33,274.5207214355469,small,6
train,13,1,34,218.486328125,small,3
train,13,1,35,455.8976745605469,small,8
train,13,1,36,571.4549560546875,small,10
train,13,1,37,261.9205322265625,small,4
train,13,1,38,315.1282958984375,small,5
train,13,1,39,345.9617004394531,small,8
train,13,1,40,205.89268493652344,small,3
train,13,1,41,261.9205322265625,small,3
train,13,1,42,385.85784912109375,small,8
train,13,1,43,304.6252746582031,small,8
train,13,1,44,452.3837890625,small,10
train,13,1,45,392.18206787109375,small,7
train,13,1,46,425.7733154296875,small,8
train,13,1,47,378.1742858886719,small,5
train,13,1,48,282.23284912109375,small,3
train,13,1,49,380.97998046875,small,8
train,13,1,50,227.60850524902344,small,8
train,13,1,51,169.47384643554688,small,0
train,13,1,52,300.444580078125,small,4
train,13,1,53,168.0703582763672,small,5
train,13,1,54,468.45953369140625,small,9
train,13,1,55,304.6280517578125,small,7
train,13,1,56,378.17633056640625,small,4
train,13,1,57,431.3845520019531,small,9
train,13,1,58,333.3523254394531,small,0
train,13,1,59,385.1661071777344,small,7
train,13,1,60,372.5528564453125,small,8
train,13,1,61,345.2550354003906,small,7
train,13,1,62,336.14044189453125,small,8
train,13,1,63,264.0278015136719,small,1
train,13,1,64,437.0049743652344,small,3
train,13,1,65,372.5528564453125,small,8
train,13,1,66,412.46759033203125,small,8
train,13,2,0,858.2269897460938,small,10
train,13,2,1,1097.929931640625,medium,10
train,13,2,2,44.39220428466797,small,0
train,13,2,3,177.56881713867188,small,3
train,13,2,4,331.82049560546875,small,8
train,13,2,5,34.96040344238281,small,0
train,13,2,6,42.542205810546875,small,0
train,13,2,7,44.39220428466797,small,0
train,13,2,8,33.29530715942383,small,0
train,13,2,9,40.69070816040039,small,2
train,13,2,10,40.69252014160156,small,0
train,13,2,11,29.59226417541504,small,0
train,13,2,12,35.14373016357422,small,1
train,13,2,13,71.02107238769531,small,0
train,13,2,14,1385.0009765625,medium,10
train,13,2,15,10158.9677734375,large,10
train,13,2,16,162.77008056640625,small,3
train,13,2,17,164.24456787109375,small,2
train,13,2,18,151.4807586669922,small,1
train,13,2,19,130.20980834960938,small,2
train,13,2,20,177.56210327148438,small,4
train,13,2,21,125.77536010742188,small,2
train,13,2,22,4089.471435546875,medium,10
train,13,2,23,112.45924377441406,small,4
train,13,2,24,93.7772216796875,small,1
train,13,2,25,971.4151611328125,small,10
train,13,2,26,286.8701171875,small,4
train,13,2,27,192.35316467285156,small,3
train,13,2,28,299.6351013183594,small,4
train,13,2,29,289.2838134765625,small,4
train,13,2,30,281.32037353515625,small,3
train,13,2,31,289.2834777832031,small,3
train,13,2,32,335.3422546386719,small,6
train,13,2,33,310.1797180175781,small,0
train,13,2,34,360.6728210449219,small,6
train,13,2,35,280.76702880859375,small,0
train,13,2,36,314.8105773925781,small,3
train,13,2,37,93.2200698852539,small,4
train,13,2,38,1075.35986328125,medium,10
train,13,2,39,69.7324447631836,small,2
train,13,2,40,85.82472229003906,small,2
train,13,2,41,28.301212310791016,small,0
train,13,2,42,16.831064224243164,small,0
train,13,2,43,17.7581844329834,small,0
train,13,2,44,59.92772674560547,small,5
train,13,2,45,43.27924728393555,small,3
train,13,2,46,36.069549560546875,small,3
train,13,2,47,29.5947322845459,small,1
train,13,2,48,36.069549560546875,small,3
train,13,2,49,20.345619201660156,small,2
train,13,2,50,22.19331932067871,small,3
train,13,2,51,24.413618087768555,small,3
train,13,2,52,16.646827697753906,small,1
train,13,2,53,21.641159057617188,small,0
train,13,2,54,16.275279998779297,small,2
train,13,3,0,1502.6195068359375,medium,9
train,13,3,1,1171.2191162109375,medium,9
train,13,3,2,1088.151123046875,medium,10
train,13,3,3,759.1224975585938,small,10
train,13,3,4,828.618896484375,small,10
train,13,3,5,811.4945068359375,small,10
train,13,3,6,172.62783813476562,small,3
train,13,3,7,123.93877410888672,small,1
train,13,3,8,356.91156005859375,small,8
train,13,3,9,42.19630432128906,small,0
train,13,3,10,53.11589050292969,small,3
train,13,3,11,71.70512390136719,small,2
train,13,3,12,74.36373138427734,small,1
train,13,3,13,46.03654479980469,small,0
train,13,3,14,86.7557144165039,small,0
train,13,3,15,106.2333755493164,small,3
train,13,3,16,1885.9302978515625,medium,10
train,13,3,17,1264.1749267578125,medium,10
train,13,3,18,1125.0472412109375,medium,7
train,13,3,19,1083.58203125,medium,10
train,13,3,20,61.966400146484375,small,3
train,13,3,21,55.328125,small,0
train,13,3,22,65.21549224853516,small,2
train,13,3,23,77.75696563720703,small,2
train,13,3,24,38.95412826538086,small,0
train,13,3,25,55.32818603515625,small,0
train,13,3,26,78.49600219726562,small,3
train,13,3,27,64.92062377929688,small,1
train,13,3,28,85.28096771240234,small,1
train,13,3,29,314.56634521484375,small,6
train,13,3,30,68.16500854492188,small,1
train,13,3,31,67.72306823730469,small,2
train,13,3,32,306.8985290527344,small,5
train,13,3,33,359.4178161621094,small,7
train,13,3,34,217.78257751464844,small,3
train,13,3,35,107.56053161621094,small,2
train,13,3,36,145.47891235351562,small,3
train,13,3,37,33.935325622558594,small,1
train,13,3,38,29.509897232055664,small,1
train,13,3,39,153.4492645263672,small,2
train,13,3,40,81.44779205322266,small,0
train,13,3,41,81.14781188964844,small,2
train,13,3,42,23.90318489074707,small,1
train,13,3,43,20.06479835510254,small,0
train,13,3,44,28.034395217895508,small,1
train,13,3,45,29.215450286865234,small,0
train,13,3,46,50.31243133544922,small,0
train,13,3,47,31.86855697631836,small,2
train,13,3,48,24.343929290771484,small,3
train,13,3,49,37.772705078125,small,3
train,13,3,50,26.559785842895508,small,2
train,13,3,51,8.853355407714844,small,0
train,13,3,52,16.524492263793945,small,0
train,13,3,53,15.343514442443848,small,0
train,13,3,54,10.328112602233887,small,1
train,13,3,55,11.360857963562012,small,0
train,13,3,56,37.62461471557617,small,3
train,13,3,57,35.11668014526367,small,3
train,13,3,58,37.772705078125,small,2
train,13,3,59,24.344104766845703,small,1
train,13,3,60,15.935526847839355,small,2
train,13,3,61,19.47706413269043,small,2
train,13,3,62,13.27967643737793,small,2
train,13,3,63,14.606892585754395,small,1
train,13,3,64,24.78687858581543,small,4
train,13,3,65,9.295448303222656,small,1
train,13,3,66,9.738397598266602,small,0
train,13,3,67,13.279805183410645,small,0
train,13,3,68,11.508854866027832,small,0
train,13,3,69,9.7384614944458,small,0
train,13,3,70,37.62443923950195,small,3
train,13,3,71,32.60679626464844,small,2
train,13,3,72,30.984079360961914,small,1
train,13,3,73,11.95233154296875,small,1
train,13,3,74,13.280028343200684,small,0
train,13,3,75,95.0171890258789,small,2
train,13,3,76,8.853203773498535,small,0
train,13,3,77,12.394681930541992,small,0
train,13,3,78,237.55410766601562,small,6
train,13,3,79,216.8921661376953,small,4
train,13,3,80,132.7947998046875,small,0
train,13,3,81,128.0684051513672,small,3
train,13,3,82,41.31268310546875,small,0
train,13,3,83,41.31268310546875,small,0
train,14,0,0,1771.4490966796875,medium,10
train,14,0,1,1105.8853759765625,medium,10
train,14,0,2,625.0663452148438,small,9
train,14,0,3,5828.0341796875,medium,10
train,14,0,4,6944.060546875,medium,10
train,14,0,5,523.8353271484375,small,10
train,14,0,6,594.6858520507812,small,10
train,14,0,7,155.81536865234375,small,2
train,14,0,8,553.3710327148438,small,10
train,14,0,9,323.9180908203125,small,7
train,14,0,10,212.57537841796875,small,7
train,14,0,11,164.91241455078125,small,3
train,14,0,12,113.81128692626953,small,2
train,14,0,13,371.152587890625,small,10
train,14,0,14,438.6527099609375,small,10
train,14,0,15,1072.1656494140625,medium,10
train,14,0,16,788.7228393554688,small,6
train,14,0,17,634.7638549804688,small,6
train,14,0,18,911.8728637695312,small,10
train,14,0,19,927.90283203125,small,10
train,14,0,20,216.36167907714844,small,0
train,14,0,21,873.9131469726562,small,10
train,14,0,22,148.46229553222656,small,3
train,14,0,23,125.26350402832031,small,4
train,14,0,24,180.94874572753906,small,1
train,14,0,25,98.70056915283203,small,0
train,14,0,26,64.53346252441406,small,3
train,14,0,27,442.8570556640625,small,7
train,14,0,28,259.80755615234375,small,5
train,14,0,29,183.04620361328125,small,6
train,14,0,30,102.06510925292969,small,4
train,14,0,31,97.0107650756836,small,2
train,14,0,32,72.12734985351562,small,0
train,14,0,33,107.97745513916016,small,4
train,14,0,34,781.8932495117188,small,10
train,14,0,35,20454.001953125,large,10
train,14,0,36,1072.1668701171875,medium,10
train,14,0,37,1293.9981689453125,medium,10
train,14,0,38,418.3997497558594,small,8
train,14,0,39,231.9704132080078,small,5
train,14,0,40,88.57386779785156,small,4
train,14,0,41,179.2462921142578,small,1
train,14,0,42,172.08526611328125,small,2
train,14,0,43,151.83843994140625,small,2
train,14,0,44,328.9892883300781,small,8
train,14,0,45,315.48468017578125,small,6
train,14,0,46,320.1239013671875,small,3
train,14,0,47,369.0600280761719,small,5
train,14,0,48,324.76031494140625,small,3
train,14,0,49,306.1957702636719,small,8
train,14,0,50,144.24356079101562,small,2
train,14,0,51,144.24356079101562,small,3
train,14,0,52,121.89054870605469,small,2
train,14,1,0,1162.3958740234375,medium,10
train,14,1,1,1061.2808837890625,medium,10
train,14,1,2,838.9181518554688,small,9
train,14,1,3,828.0328369140625,small,10
train,14,1,4,428.58782958984375,small,10
train,14,1,5,573.9179077148438,small,10
train,14,1,6,333.45428466796875,small,7
train,14,1,7,393.598876953125,small,9
train,14,1,8,455.7609558105469,small,9
train,14,1,9,577.2925415039062,small,9
train,14,1,10,594.0230712890625,small,8
train,14,1,11,646.340087890625,small,8
train,14,1,12,590.4766235351562,small,10
train,14,1,13,381.1773376464844,small,5
train,14,1,14,331.7623291015625,small,6
train,14,1,15,93.29644775390625,small,3
train,14,1,16,769.5582275390625,small,10
train,14,1,17,500.8747863769531,small,5
train,14,1,18,497.1834411621094,small,6
train,14,1,19,937.7445068359375,small,10
train,14,1,20,488.7529296875,small,7
train,14,1,21,504.8473815917969,small,7
train,14,1,22,533.8607177734375,small,10
train,14,1,23,411.25537109375,small,5
train,14,1,24,341.5868835449219,small,2
train,14,1,25,420.2977294921875,small,6
train,14,1,26,324.8591003417969,small,5
train,14,1,27,405.11334228515625,small,8
train,14,1,28,266.39166259765625,small,3
train,14,1,29,342.50250244140625,small,6
train,14,1,30,261.0179748535156,small,2
train,14,1,31,441.9395446777344,small,6
train,14,1,32,328.6934814453125,small,5
train,14,1,33,303.8330383300781,small,4
train,14,1,34,233.09356689453125,small,5
train,14,1,35,37.134761810302734,small,0
train,14,1,36,48.33731460571289,small,1
train,14,1,37,67.05721282958984,small,1
train,14,1,38,33.14288330078125,small,0
train,14,1,39,49.869667053222656,small,1
train,14,1,40,18.258474349975586,small,0
train,14,1,41,183.68370056152344,small,3
train,14,1,42,57.852508544921875,small,2
train,14,1,43,443.1711120605469,small,10
train,14,1,44,67.51753234863281,small,2
train,14,1,45,99.12625885009766,small,5
train,14,1,46,38.66985321044922,small,2
train,14,1,47,508.22149658203125,small,10
train,14,2,0,789.7429809570312,small,10
train,14,2,1,22.56558609008789,small,3
train,14,2,2,116.10688018798828,small,3
train,14,2,3,564.1060791015625,small,10
train,14,2,4,28.205589294433594,small,2
train,14,2,5,33.84828186035156,small,3
train,14,2,6,169.22586059570312,small,2
train,14,2,7,189.454345703125,small,3
train,14,2,8,241.1519775390625,small,5
train,14,2,9,62.048126220703125,small,2
train,14,2,10,56.40694808959961,small,3
train,14,2,11,67.68859100341797,small,1
train,14,2,12,73.33533477783203,small,3
train,14,2,13,85.55518341064453,small,2
train,14,2,14,111.88504028320312,small,2
train,14,2,15,217.17388916015625,small,3
train,14,2,16,11.7506103515625,small,2
train,14,2,17,16.45085334777832,small,2
train,14,2,18,9.401158332824707,small,0
train,14,2,19,7.051706314086914,small,0
train,14,2,20,15.041518211364746,small,0
train,14,2,21,23.501220703125,small,0
train,14,2,22,61.112823486328125,small,5
train,14,2,23,113.7581558227539,small,0
train,14,2,24,116.10688018798828,small,4
train,14,2,25,76.1518325805664,small,1
train,14,2,26,165.00149536132812,small,3
train,14,2,27,157.94708251953125,small,1
train,14,2,28,171.10630798339844,small,2
train,14,2,29,190.85130310058594,small,2
train,14,2,30,464.93975830078125,small,8
train,14,2,31,30.552339553833008,small,0
train,14,2,32,26.322656631469727,small,0
train,14,2,33,39.486873626708984,small,2
train,14,2,34,1369.8555908203125,medium,10
train,14,2,35,977.32373046875,small,9
train,14,2,36,857.4442749023438,small,1
train,14,2,37,958.9859619140625,small,8
train,14,2,38,1191.6937255859375,medium,10
train,14,2,39,1726.1766357421875,medium,10
train,14,2,40,1863.9412841796875,medium,7
train,14,2,41,1954.65625,medium,8
train,14,2,42,276.4198303222656,small,7
train,14,2,43,317.77764892578125,small,6
train,14,2,44,329.0690002441406,small,5
train,14,2,45,420.5801696777344,small,10
train,14,2,46,773.291259765625,small,10
train,14,2,47,558.9315795898438,small,10
train,14,2,48,661.8959350585938,small,10
train,14,2,49,644.9757080078125,small,10
train,14,2,50,279.2315979003906,small,7
train,14,2,51,707.0214233398438,small,10
train,14,2,52,698.1023559570312,small,10
train,14,2,53,605.4864501953125,small,10
train,14,2,54,529.8145751953125,small,10
train,14,2,55,455.04827880859375,small,10
train,14,2,56,339.39691162109375,small,7
train,14,2,57,503.4555969238281,small,10
train,14,2,58,443.3095397949219,small,9
train,14,2,59,173.00274658203125,small,5
train,14,2,60,55.942665100097656,small,0
train,14,2,61,59.23433303833008,small,2
train,14,2,62,372.3156433105469,small,8
train,14,2,63,143.85386657714844,small,2
train,14,2,64,144.79090881347656,small,5
train,14,2,65,207.3148651123047,small,5
train,14,2,66,175.81910705566406,small,4
train,14,2,67,245.38746643066406,small,6
train,14,2,68,244.45590209960938,small,6
train,14,2,69,623.3313598632812,small,10
train,14,2,70,566.3709716796875,small,10
train,14,3,0,467.0762023925781,small,10
train,14,3,1,323.13543701171875,small,5
train,14,3,2,304.6390380859375,small,7
train,14,3,3,332.9269714355469,small,4
train,14,3,4,297.6748962402344,small,5
train,14,3,5,541.4993286132812,small,10
train,14,3,6,485.6808776855469,small,10
train,14,3,7,112.28187561035156,small,0
train,14,3,8,694.5811767578125,small,4
train,14,3,9,1290.904052734375,medium,10
train,14,3,10,727.652587890625,small,10
train,14,3,11,930.89306640625,small,10
train,14,3,12,924.8010864257812,small,10
train,14,3,13,794.569580078125,small,10
train,14,3,14,545.6325073242188,small,10
train,14,3,15,641.4830322265625,small,9
train,14,3,16,337.8255310058594,small,1
train,14,3,17,773.566162109375,small,10
train,14,3,18,257.3134765625,small,3
train,14,3,19,396.0316162109375,small,5
train,14,3,20,143.17898559570312,small,0
train,14,3,21,276.13336181640625,small,5
train,14,3,22,285.81439208984375,small,5
train,14,3,23,587.5161743164062,small,10
train,14,3,24,233.48558044433594,small,0
train,14,3,25,534.6414794921875,small,10
train,14,3,26,355.1196594238281,small,6
train,14,3,27,1030.978271484375,medium,10
train,14,3,28,446.51324462890625,small,6
train,14,3,29,309.2114562988281,small,5
train,14,3,30,605.7960815429688,small,9
train,14,3,31,359.4715270996094,small,4
train,14,3,32,390.7002258300781,small,6
train,14,3,33,633.4344482421875,small,10
train,14,3,34,637.1334838867188,small,8
train,14,3,35,396.5754699707031,small,1
train,14,3,36,170.16273498535156,small,1
train,14,3,37,119.89594268798828,small,2
train,14,3,38,250.34617614746094,small,5
train,14,3,39,209.65338134765625,small,1
train,14,3,40,493.5150146484375,small,5
train,14,3,41,516.0371704101562,small,8
train,14,3,42,198.9917449951172,small,3
train,14,3,43,514.842529296875,small,6
train,14,3,44,308.9890441894531,small,0
train,14,3,45,526.3762817382812,small,8
train,14,3,46,489.92547607421875,small,8
train,14,3,47,454.7861328125,small,6
train,14,3,48,545.6325073242188,small,10
train,14,3,49,545.7423706054688,small,9
train,14,3,50,480.8956604003906,small,7
train,14,3,51,355.3378601074219,small,5
train,14,3,52,961.7947998046875,small,10
train,14,3,53,3137.783203125,medium,10
train,14,3,54,382.9764709472656,small,8
train,14,3,55,494.3901672363281,small,8
train,15,0,0,788.57275390625,small,10
train,15,0,1,211.60311889648438,small,7
train,15,0,2,92.26004028320312,small,2
train,15,0,3,262.4280700683594,small,4
train,15,0,4,106.82669067382812,small,2
train,15,0,5,64.74568939208984,small,3
train,15,0,6,56.326820373535156,small,2
train,15,0,7,55.24586868286133,small,1
train,15,0,8,40.681644439697266,small,0
train,15,0,9,49.52676773071289,small,0
train,15,0,10,35.069583892822266,small,1
train,15,0,11,52.44074249267578,small,2
train,15,0,12,46.61439514160156,small,4
train,15,0,13,45.85856628417969,small,2
train,15,0,14,44.672096252441406,small,3
train,15,0,15,22.55213165283203,small,0
train,15,0,16,22.013160705566406,small,2
train,15,0,17,22.012920379638672,small,3
train,15,0,18,30.21517562866211,small,3
train,15,0,19,422.55645751953125,small,9
train,15,0,20,134.6671142578125,small,1
train,15,0,21,88.04907989501953,small,1
train,15,0,22,71.21526336669922,small,0
train,15,0,23,74.45366668701172,small,3
train,15,0,24,59.456668853759766,small,0
train,15,0,25,73.37684631347656,small,2
train,15,0,26,65.6031265258789,small,0
train,15,0,27,66.90325927734375,small,1
train,15,0,28,46.93640899658203,small,2
train,15,0,29,55.03015899658203,small,1
train,15,0,30,41.433040618896484,small,2
train,15,0,31,40.46131896972656,small,0
train,15,0,32,37.98035430908203,small,2
train,15,0,33,51.36145782470703,small,2
train,15,0,34,30.21517562866211,small,2
train,15,0,35,29.672836303710938,small,0
train,15,0,36,23.73884391784668,small,0
train,15,0,37,30.86109161376953,small,1
train,15,0,38,475.8616638183594,small,10
train,15,0,39,598.2217407226562,small,10
train,15,0,40,1622.6717529296875,medium,10
train,15,0,41,722.9586181640625,small,10
train,15,0,42,361.47930908203125,small,5
train,15,0,43,1527.9222412109375,medium,10
train,15,0,44,159.16046142578125,small,2
train,15,0,45,131.42311096191406,small,4
train,15,0,46,112.22321319580078,small,0
train,15,0,47,139.8458251953125,small,4
train,15,0,48,124.62451934814453,small,2
train,15,0,49,150.2034912109375,small,4
train,15,0,50,1177.6661376953125,medium,10
train,15,0,51,135.95787048339844,small,4
train,15,0,52,154.08570861816406,small,4
train,15,0,53,131.42892456054688,small,0
train,15,0,54,67.86992645263672,small,1
train,15,0,55,55.89693832397461,small,0
train,15,0,56,53.410037994384766,small,0
train,15,0,57,29.132183074951172,small,0
train,15,0,58,62.15385055541992,small,3
train,15,0,59,36.472389221191406,small,0
train,15,0,60,91.82664489746094,small,4
train,15,0,61,503.26025390625,small,10
train,15,0,62,83.08341217041016,small,0
train,15,0,63,162.3959503173828,small,3
train,15,0,64,308.6081848144531,small,6
train,15,0,65,90.63843536376953,small,1
train,15,0,66,47.69241714477539,small,0
train,15,0,67,46.93552780151367,small,1
train,15,0,68,64.09614562988281,small,3
train,15,0,69,51.364402770996094,small,0
train,15,0,70,51.3641242980957,small,0
train,15,0,71,208.46841430664062,small,4
train,15,0,72,154.84109497070312,small,3
train,15,0,73,29.132383346557617,small,0
train,15,0,74,97.11382293701172,small,2
train,15,0,75,124.63147735595703,small,2
train,15,0,76,95.3880844116211,small,1
train,15,0,77,31.290552139282227,small,0
train,15,0,78,155.38648986816406,small,2
train,15,0,79,40.35511779785156,small,3
train,15,0,80,131.8577423095703,small,1
train,15,0,81,38.52032470703125,small,3
train,15,0,82,159.91549682617188,small,2
train,15,0,83,16.61675453186035,small,1
train,15,0,84,43.159942626953125,small,3
train,15,0,85,26.111602783203125,small,0
train,15,0,86,90.63578796386719,small,2
train,15,0,87,40.14120864868164,small,0
train,15,0,88,17.478864669799805,small,0
train,15,0,89,13.81299114227295,small,0
train,15,0,90,21.364980697631836,small,1
train,15,0,91,25.898035049438477,small,2
train,15,0,92,67.44054412841797,small,2
train,15,0,93,61.72182083129883,small,2
train,15,0,94,85.45887756347656,small,5
train,15,0,95,71.97187805175781,small,3
train,15,0,96,39.7067756652832,small,2
train,15,0,97,23.737058639526367,small,0
train,15,0,98,15.539775848388672,small,0
train,15,0,99,17.479225158691406,small,0
train,15,0,100,54.59796905517578,small,4
train,15,0,101,69.4896240234375,small,3
train,15,0,102,16.507646560668945,small,0
train,15,0,103,22.333332061767578,small,0
train,15,0,104,12.949679374694824,small,0
train,15,0,105,15.53660774230957,small,0
train,15,0,106,59.562469482421875,small,2
train,15,0,107,33.98711013793945,small,2
train,15,0,108,32.263916015625,small,1
train,15,0,109,13.594532012939453,small,0
train,15,0,110,49.63669967651367,small,2
train,15,0,111,29.45784568786621,small,0
train,15,0,112,47.478126525878906,small,2
train,15,0,113,42.72996139526367,small,2
train,15,0,114,90.31647491455078,small,2
train,15,0,115,2130.776123046875,medium,10
train,15,0,116,1896.638427734375,medium,7
train,15,0,117,2095.720947265625,medium,10
train,15,0,118,1349.466552734375,medium,8
train,15,0,119,917.7131958007812,small,1
train,15,0,120,1033.39404296875,medium,10
train,15,0,121,803.4568481445312,small,5
train,15,0,122,1221.8997802734375,medium,10
train,15,0,123,678.492431640625,small,10
train,15,0,124,442.8354187011719,small,1
train,15,0,125,643.8583374023438,small,10
train,15,0,126,467.11126708984375,small,0
train,15,0,127,517.6144409179688,small,6
train,15,0,128,600.1676025390625,small,10
train,15,0,129,23.738662719726562,small,0
train,15,0,130,1399.4139404296875,medium,10
train,15,0,131,1756.6666259765625,medium,9
train,15,0,132,1700.1282958984375,medium,9
train,15,0,133,1217.816162109375,medium,9
train,15,0,134,1105.7930908203125,medium,8
train,15,0,135,886.435791015625,small,10
train,15,0,136,782.3114013671875,small,4
train,15,0,137,731.912841796875,small,8
train,15,0,138,560.4479370117188,small,3
train,15,0,139,658.4276733398438,small,10
train,15,0,140,534.775390625,small,6
train,15,0,141,407.87213134765625,small,0
train,15,0,142,459.23712158203125,small,7
train,15,0,143,479.09149169921875,small,5
train,15,0,144,370.3252258300781,small,6
train,15,0,145,260.4771423339844,small,3
train,15,0,146,285.51885986328125,small,6
train,15,0,147,371.72857666015625,small,8
train,15,0,148,245.1604461669922,small,6
train,15,0,149,381.33587646484375,small,6
train,15,0,150,265.98773193359375,small,0
train,15,0,151,310.7651062011719,small,4
train,15,0,152,15.536928176879883,small,0
train,15,0,153,20.17782974243164,small,0
train,15,0,154,9.819869995117188,small,0
train,15,0,155,34.853790283203125,small,4
train,15,1,0,835.6758422851562,small,10
train,15,1,1,1000.12939453125,small,10
train,15,1,2,1838.4962158203125,medium,10
train,15,1,3,1115.535888671875,medium,10
train,15,1,4,1583.1439208984375,medium,10
train,15,1,5,100.80729675292969,small,4
train,15,1,6,113.42167663574219,small,4
train,15,1,7,116.72382354736328,small,1
train,15,1,8,116.72327423095703,small,0
train,15,2,0,6621.55419921875,medium,10
train,15,2,1,764.83544921875,small,10
train,15,2,2,828.7154541015625,small,10
train,15,2,3,567.33154296875,small,10
train,15,2,4,369.8077087402344,small,8
train,15,2,5,276.51263427734375,small,6
train,15,2,6,204.78927612304688,small,3
train,15,2,7,2699.615478515625,medium,10
train,15,2,8,2170.683349609375,medium,9
train,15,2,9,2180.74609375,medium,9
train,15,2,10,317.69635009765625,small,4
train,15,2,11,196.6714630126953,small,4
train,15,2,12,195.26748657226562,small,2
train,15,2,13,239.53367614746094,small,3
train,15,2,14,212.92543029785156,small,4
train,15,2,15,126.07661437988281,small,3
train,15,2,16,157.16221618652344,small,2
train,15,2,17,104.22428894042969,small,4
train,15,2,18,89.36785888671875,small,2
train,15,2,19,94.13653564453125,small,4
train,15,3,0,2595.61083984375,medium,10
train,15,3,1,1946.463623046875,medium,10
train,15,3,2,1186.56298828125,medium,10
train,15,3,3,1129.269287109375,medium,10
train,15,3,4,648.8178100585938,small,10
train,15,3,5,1088.9693603515625,medium,10
train,15,3,6,761.9920043945312,small,10
train,15,3,7,928.1360473632812,small,10
train,15,3,8,670.9794921875,small,10
train,15,3,9,4997.48388671875,medium,10
train,15,3,10,690.2399291992188,small,10
train,15,3,11,6539.5673828125,medium,10
train,15,3,12,3496.5888671875,medium,10
train,15,3,13,826.8349609375,small,10
train,15,3,14,1058.7957763671875,medium,10
train,15,3,15,586.6904907226562,small,4
train,15,3,16,378.8188171386719,small,4
train,15,3,17,294.7196044921875,small,6
train,15,3,18,208.67198181152344,small,3
train,15,3,19,200.64749145507812,small,4
train,15,3,20,251.6950225830078,small,2
train,15,3,21,315.9093017578125,small,5
train,15,3,22,160.52386474609375,small,0
train,15,3,23,320.2378845214844,small,4
train,15,3,24,251.37928771972656,small,3
train,15,3,25,118.78656768798828,small,1
train,15,3,26,89.89398956298828,small,2
train,15,3,27,56.504173278808594,small,0
train,15,3,28,98.23396301269531,small,3
train,15,3,29,95.03123474121094,small,2
train,15,3,30,50.083675384521484,small,0
train,15,3,31,60.676456451416016,small,2
train,15,3,32,78.01161193847656,small,4
train,15,3,33,75.12346649169922,small,2
train,15,3,34,28.250032424926758,small,0
train,15,3,35,49.4403190612793,small,0
train,15,3,36,47.99771499633789,small,0
train,15,3,37,40.13182067871094,small,0
train,15,3,38,54.257816314697266,small,0
train,15,3,39,44.946651458740234,small,0
train,15,3,40,40.448509216308594,small,0
train,15,3,41,62.603878021240234,small,1
train,15,3,42,47.997554779052734,small,0
train,15,3,43,41.73638916015625,small,0
train,15,3,44,86.67839813232422,small,2
train,15,3,45,41.735755920410156,small,0
train,15,3,46,64.69222259521484,small,2
train,15,3,47,66.7781753540039,small,1
train,15,3,48,44.142791748046875,small,0
train,15,3,49,56.34377670288086,small,1
train,15,3,50,51.369476318359375,small,2
train,15,3,51,40.61158752441406,small,0
train,15,3,52,45.908992767333984,small,0
train,15,3,53,98.23979187011719,small,2
train,15,3,54,109.15477752685547,small,2
train,15,3,55,99.5248031616211,small,0
train,15,3,56,201.28585815429688,small,2
train,15,3,57,139.33343505859375,small,0
train,15,3,58,79.29853820800781,small,0
train,15,3,59,134.35577392578125,small,2
train,15,3,60,1083.5228271484375,medium,10
train,15,3,61,168.54385375976562,small,1
train,15,3,62,209.47471618652344,small,1
train,15,3,63,163.73275756835938,small,0
train,15,3,64,168.54385375976562,small,3
train,15,3,65,487.9753112792969,small,10
train,15,3,66,380.1072082519531,small,9
train,15,3,67,323.60552978515625,small,8
train,15,3,68,168.54385375976562,small,0
train,15,3,69,385.411376953125,small,10
train,15,3,70,101.1241455078125,small,0
train,15,3,71,73.03828430175781,small,3
train,15,3,72,81.86396789550781,small,1
train,15,3,73,76.40731811523438,small,1
train,15,3,74,87.32561492919922,small,0
train,15,3,75,387.49322509765625,small,6
train,15,3,76,121.83918762207031,small,3
train,15,3,77,38.8447380065918,small,0
train,15,3,78,46.23249053955078,small,0
train,15,3,79,121.83971405029297,small,2
train,15,3,80,55.3790283203125,small,0
train,15,3,81,85.3961410522461,small,3
train,15,3,82,45.907867431640625,small,0
train,15,3,83,36.92085266113281,small,0
train,15,3,84,70.62862396240234,small,1
train,15,3,85,309.0010681152344,small,5
train,15,3,86,521.686767578125,small,1
train,15,3,87,667.7630004882812,small,10
train,15,3,88,42.376686096191406,small,0
train,15,3,89,156.50946044921875,small,2
train,15,3,90,73.03913879394531,small,1
train,15,3,91,106.90470886230469,small,2
val,16,0,0,3226.06201171875,medium,10
val,16,0,1,1056.24609375,medium,10
val,16,0,2,1167.3531494140625,medium,10
val,16,0,3,987.498779296875,small,10
val,16,0,4,853.1336669921875,small,10
val,16,0,5,813.54443359375,small,10
val,16,0,6,503.4628601074219,small,10
val,16,0,7,520.8297729492188,small,7
val,16,0,8,656.5986938476562,small,9
val,16,0,9,520.8297729492188,small,9
val,16,0,10,455.2042541503906,small,7
val,16,0,11,752.0816650390625,small,10
val,16,0,12,655.5529174804688,small,9
val,16,0,13,543.7435913085938,small,7
val,16,0,14,552.08203125,small,9
val,16,0,15,487.1602783203125,small,5
val,16,0,16,590.2796630859375,small,7
val,16,0,17,588.88232421875,small,9
val,16,0,18,489.58892822265625,small,6
val,16,0,19,651.0289306640625,small,6
val,16,0,20,747.7515258789062,small,10
val,16,0,21,375.345947265625,small,6
val,16,0,22,255.20651245117188,small,3
val,16,0,23,277.5998229980469,small,6
val,16,0,24,368.0526123046875,small,6
val,16,0,25,379.16265869140625,small,6
val,16,0,26,467.8811340332031,small,9
val,16,0,27,357.2940368652344,small,7
val,16,0,28,395.6578674316406,small,6
val,16,0,29,412.84259033203125,small,7
val,16,0,30,533.3223266601562,small,8
val,16,0,31,522.2222290039062,small,10
val,16,0,32,229.1660614013672,small,3
val,16,0,33,308.3297424316406,small,8
val,16,0,34,260.4222106933594,small,3
val,16,0,35,253.81658935546875,small,5
val,16,0,36,211.11585998535156,small,6
val,16,0,37,350.8682556152344,small,5
val,16,0,38,320.31243896484375,small,8
val,16,0,39,331.7709045410156,small,7
val,16,0,40,335.4126281738281,small,5
val,16,0,41,425.5156555175781,small,10
val,16,0,42,984.5447998046875,small,10
val,16,0,43,535.0775756835938,small,10
val,16,0,44,530.3851928710938,small,10
val,16,0,45,279.5061340332031,small,7
val,16,0,46,310.0655822753906,small,7
val,16,0,47,306.0791320800781,small,5
val,16,0,48,331.77105712890625,small,6
val,16,0,49,320.3189392089844,small,6
val,16,0,50,277.0819091796875,small,5
val,16,0,51,276.2145080566406,small,7
val,16,0,52,291.8372497558594,small,6
val,16,0,53,201.38650512695312,small,3
val,16,0,54,237.50094604492188,small,4
val,16,0,55,218.396728515625,small,5
val,16,0,56,342.35211181640625,small,8
val,16,0,57,343.75494384765625,small,5
val,16,0,58,303.4661560058594,small,6
val,16,0,59,181.24693298339844,small,5
val,16,0,60,222.22113037109375,small,5
val,16,0,61,227.77865600585938,small,5
val,16,0,62,229.17127990722656,small,3
val,16,0,63,249.12767028808594,small,5
val,16,0,64,203.13204956054688,small,1
val,16,0,65,177.7837677001953,small,3
val,16,0,66,209.9027557373047,small,5
val,16,0,67,312.15234375,small,7
val,16,0,68,221.53253173828125,small,3
val,16,0,69,346.87261962890625,small,6
val,16,0,70,833.319580078125,small,10
val,16,0,71,787.4966430664062,small,10
val,16,0,72,958.3474731445312,small,10
val,16,0,73,161.1112823486328,small,2
val,16,0,74,211.98423767089844,small,4
val,16,0,75,67.87965393066406,small,2
val,16,0,76,115.45175170898438,small,4
val,16,0,77,112.5,small,5
val,16,0,78,129.166748046875,small,2
val,16,0,79,105.72552490234375,small,1
val,16,0,80,103.8178939819336,small,1
val,16,0,81,95.4828109741211,small,1
val,16,0,82,130.21107482910156,small,3
val,16,0,83,108.33282470703125,small,1
val,16,0,84,303.8196716308594,small,5
val,16,0,85,94.79200744628906,small,2
val,16,0,86,94.79200744628906,small,1
val,16,0,87,109.37247467041016,small,2
val,16,0,88,106.93997955322266,small,1
val,16,0,89,319.4394226074219,small,5
val,16,0,90,370.1342468261719,small,6
val,16,0,91,62.500457763671875,small,0
val,16,0,92,195.65525817871094,small,6
val,16,0,93,542.883544921875,small,9
val,16,0,94,598.9567260742188,small,10
val,16,0,95,203.125,small,4
val,16,0,96,90.62576293945312,small,4
val,16,0,97,103.29508972167969,small,2
val,16,0,98,43.39964294433594,small,0
val,16,0,99,74.4814453125,small,0
val,16,0,100,156.2493896484375,small,6
val,16,0,101,164.93099975585938,small,0
val,16,0,102,322.91412353515625,small,6
val,16,0,103,499.9979248046875,small,10
val,16,0,104,212.16078186035156,small,2
val,16,0,105,114.57725524902344,small,2
val,16,0,106,200.5126190185547,small,3
val,16,0,107,158.33302307128906,small,6
val,16,0,108,147.56674194335938,small,4
val,16,0,109,258.3318176269531,small,4
val,16,0,110,121.00584411621094,small,4
val,16,0,111,148.9551239013672,small,3
val,16,0,112,87.5006103515625,small,0
val,16,1,0,25.00172996520996,small,0
val,16,1,1,16.66788673400879,small,1
val,16,1,2,27.77570915222168,small,4
val,16,1,3,68.748779296875,small,3
val,16,1,4,566.6759033203125,small,7
val,16,1,5,649.9978637695312,small,10
val,16,1,6,544.4574584960938,small,10
val,16,1,7,274.9993896484375,small,4
val,16,1,8,145.84152221679688,small,0
val,16,1,9,172.21371459960938,small,0
val,16,1,10,66.66300201416016,small,5
val,16,1,11,97.22245788574219,small,1
val,16,2,0,3140.11962890625,medium,10
val,16,2,1,2417.647705078125,medium,9
val,16,2,2,1853.9945068359375,medium,10
val,16,2,3,373.69281005859375,small,5
val,16,2,4,343.26177978515625,small,0
val,16,2,5,355.0086669921875,small,6
val,16,2,6,394.4668273925781,small,3
val,16,2,7,260.905029296875,small,4
val,16,2,8,290.64947509765625,small,4
val,16,2,9,479.5813293457031,small,6
val,16,2,10,312.1029052734375,small,8
val,16,2,11,931.1258544921875,small,10
val,16,2,12,1220.74658203125,medium,10
val,16,2,13,311.7644958496094,small,4
val,16,2,14,376.47991943359375,small,5
val,16,2,15,435.9786376953125,small,10
val,16,2,16,413.845703125,small,10
val,16,2,17,370.58538818359375,small,8
val,16,2,18,494.11627197265625,small,10
val,16,2,19,314.887939453125,small,7
val,16,2,20,1278.8809814453125,medium,8
val,16,2,21,3398.275634765625,medium,10
val,16,2,22,2175.775634765625,medium,10
val,16,2,23,4133.5283203125,medium,10
val,16,2,24,2865.0419921875,medium,10
val,16,2,25,446.36883544921875,small,10
val,16,2,26,383.04742431640625,small,6
val,16,3,0,5987.56884765625,medium,10
val,16,4,0,4023.186279296875,medium,10
val,16,4,1,3899.630615234375,medium,10
val,16,4,2,7067.45654296875,medium,10
val,16,4,3,5647.03662109375,medium,10
val,16,4,4,1120.052978515625,medium,10
val,16,4,5,389.9668884277344,small,4
val,16,4,6,467.83074951171875,small,4
val,16,4,7,808.6566162109375,small,10
val,16,4,8,3239.446044921875,medium,10
val,16,4,9,2597.22412109375,medium,10
val,16,4,10,370.58575439453125,small,8
val,16,4,11,259.50531005859375,small,4
val,16,4,12,2544.299072265625,medium,10
val,16,4,13,95.50574493408203,small,2
val,16,4,14,79.92851257324219,small,2
val,16,4,15,354.6734924316406,small,8
val,16,4,16,232.53163146972656,small,3
val,16,4,17,358.4734191894531,small,6
val,16,4,18,487.18524169921875,small,10
val,16,4,19,117.64775848388672,small,0
val,16,4,20,254.66346740722656,small,4
val,16,4,21,348.7862243652344,small,8
val,16,4,22,41.52034378051758,small,0
val,16,4,23,418.3334655761719,small,9
val,16,4,24,300.34185791015625,small,5
val,16,4,25,775.0860595703125,small,10
val,16,4,26,102.7648696899414,small,1
val,16,4,27,103.80790710449219,small,0
val,16,4,28,110.37602233886719,small,4
val,16,4,29,164.7023468017578,small,3
val,16,4,30,176.4623260498047,small,2
val,16,4,31,147.0599365234375,small,1
val,16,4,32,952.9486694335938,small,10
val,16,4,33,401.3819274902344,small,7
val,16,4,34,111.41607666015625,small,2
val,16,4,35,58.12838363647461,small,0
val,16,4,36,171.27369689941406,small,2
val,16,4,37,145.33767700195312,small,3
val,16,4,38,99.65978240966797,small,0
val,16,4,39,90.31558990478516,small,0
val,16,4,40,69.20002746582031,small,0
val,16,4,41,153.6388702392578,small,4
val,16,4,42,217.6470947265625,small,4
val,16,4,43,181.65638732910156,small,5
val,16,4,44,230.44236755371094,small,7
val,16,4,45,164.7005157470703,small,0
val,16,4,46,3153.638427734375,medium,10
val,16,5,0,1002.0887451171875,small,10
val,16,5,1,538.1967163085938,small,9
val,16,5,2,277.78179931640625,small,8
val,16,5,3,83.3355712890625,small,1
val,16,5,4,135.41641235351562,small,3
val,16,5,5,3081.23681640625,medium,10
val,16,5,6,1582.6358642578125,medium,10
val,16,5,7,1083.3326416015625,medium,10
val,16,5,8,431.25390625,small,10
val,16,5,9,177.08053588867188,small,2
val,16,5,10,3549.9765625,medium,10
val,16,5,11,299.996337890625,small,7
val,16,5,12,266.6690979003906,small,4
val,16,5,13,137.49496459960938,small,2
val,16,5,14,399.9951171875,small,6
val,16,5,15,1697.203125,medium,10
val,16,5,16,527.0889282226562,small,10
val,16,5,17,149.9981689453125,small,4
val,16,5,18,158.33221435546875,small,4
val,16,5,19,58.33546829223633,small,4
val,16,5,20,45.83251953125,small,2
val,16,5,21,62.501373291015625,small,0
val,16,5,22,22.22398567199707,small,0
val,16,5,23,34.721290588378906,small,0
val,16,5,24,49.999542236328125,small,1
val,16,5,25,45.13637924194336,small,0
val,16,5,26,34.72077941894531,small,1
val,16,5,27,97.22571563720703,small,2
val,16,5,28,87.50015258789062,small,2
val,16,5,29,29.167428970336914,small,3
val,16,5,30,24.303936004638672,small,2
val,16,5,31,25.00264549255371,small,0
val,16,5,32,24.303936004638672,small,2
val,16,5,33,45.83251953125,small,2
val,16,5,34,53.47388458251953,small,2
val,16,5,35,34.72077941894531,small,1
val,16,5,36,41.67063522338867,small,0
val,16,5,37,38.19115447998047,small,0
val,16,5,38,27.78089714050293,small,0
val,16,5,39,38.19115447998047,small,0
val,16,5,40,27.77591323852539,small,0
val,16,5,41,24.303936004638672,small,2
val,16,5,42,12.499847412109375,small,0
val,16,5,43,12.499847412109375,small,0
val,16,5,44,12.499847412109375,small,0
val,16,5,45,722.2122802734375,small,6
val,16,5,46,825.6851806640625,small,9
val,16,5,47,1166.668701171875,medium,10
val,16,5,48,250.6971893310547,small,5
val,16,6,0,968.0657348632812,small,10
val,16,6,1,74.99908447265625,small,4
val,16,6,2,31.248498916625977,small,2
val,16,6,3,58.33546829223633,small,3
val,16,6,4,719.4584350585938,small,10
val,16,6,5,118.0568618774414,small,2
val,16,6,6,255.56362915039062,small,3
val,16,6,7,155.55914306640625,small,4
val,16,6,8,224.9981689453125,small,5
val,16,6,9,506.25,small,10
val,16,6,10,538.1967163085938,small,10
val,16,6,11,1191.6710205078125,medium,10
val,16,6,12,3584.693359375,medium,10
val,16,6,13,7027.80810546875,medium,10
val,16,6,14,61.10629653930664,small,2
val,16,6,15,2656.23486328125,medium,10
val,16,6,16,2605.573486328125,medium,10
val,16,6,17,1195.833984375,medium,10
val,16,6,18,351.3861999511719,small,8
val,16,6,19,177.08053588867188,small,3
val,16,6,20,288.8939208984375,small,7
val,16,6,21,45.83251953125,small,2
val,16,6,22,48.61470031738281,small,3
val,16,6,23,510.4180908203125,small,10
val,16,6,24,495.8395080566406,small,10
val,16,6,25,218.75213623046875,small,5
val,16,6,26,611.0974731445312,small,5
val,16,6,27,27.78089714050293,small,0
val,16,6,28,31.248498916625977,small,2
val,16,6,29,31.248498916625977,small,2
val,16,6,30,30.55762481689453,small,0
val,16,6,31,82.64161682128906,small,2
val,16,6,32,495.83404541015625,small,4
val,16,6,33,83.3301773071289,small,1
val,16,7,0,61.107975006103516,small,3
val,16,7,1,66.66748046875,small,3
val,16,7,2,41.66770935058594,small,2
val,16,7,3,99.99900817871094,small,2
val,16,7,4,200.68724060058594,small,4
val,16,7,5,237.50233459472656,small,5
val,16,7,6,433.3319091796875,small,9
val,16,7,7,91.6650390625,small,1
val,16,7,8,126.38556671142578,small,2
val,16,7,9,145.13363647460938,small,2
val,16,7,10,118.05635070800781,small,3
val,16,7,11,702.7880859375,small,10
val,16,7,12,666.666259765625,small,10
val,16,7,13,175.0005340576172,small,4
val,16,7,14,138.8820037841797,small,2
val,16,7,15,173.61459350585938,small,3
val,16,7,16,58.33343505859375,small,1
val,16,7,17,118.0568618774414,small,1
val,16,7,18,233.32550048828125,small,6
val,16,7,19,158.33251953125,small,5
val,16,7,20,112.49885559082031,small,0
val,16,7,21,77.77458953857422,small,0
val,16,7,22,93.75068664550781,small,2
val,16,7,23,72.92017364501953,small,1
val,16,7,24,288.8937072753906,small,7
val,16,7,25,45.83251953125,small,0
val,16,7,26,63.19675064086914,small,2
val,16,7,27,118.05772399902344,small,5
val,16,7,28,145.83775329589844,small,2
val,16,7,29,171.53140258789062,small,3
val,16,7,30,112.49862670898438,small,2
val,16,7,31,262.4949645996094,small,0
val,16,7,32,233.33995056152344,small,4
val,16,7,33,145.13555908203125,small,1
val,16,7,34,197.9156494140625,small,0
val,16,7,35,312.49786376953125,small,2
val,16,7,36,543.0482788085938,small,4
val,16,7,37,266.6690979003906,small,2
val,16,7,38,638.8765869140625,small,9
val,16,7,39,580.5579833984375,small,0
val,16,7,40,593.7587280273438,small,8
val,16,7,41,704.15478515625,small,10
val,16,7,42,580.5579833984375,small,10
val,16,7,43,4705.5810546875,medium,10
val,16,7,44,7213.892578125,medium,10
val,16,7,45,7638.88134765625,medium,10
val,16,7,46,798.6156616210938,small,10
val,16,7,47,3545.83447265625,medium,10
val,16,7,48,2712.50439453125,medium,10
val,16,7,49,1666.6578369140625,medium,10
val,16,7,50,580.5654296875,small,9
val,16,7,51,1161.0936279296875,medium,10
val,16,7,52,399.9968566894531,small,6
val,16,7,53,125.00208282470703,small,2
val,16,7,54,106.24832153320312,small,0
val,16,7,55,66.66300201416016,small,2
val,16,7,56,160.41224670410156,small,1
val,16,7,57,166.66656494140625,small,0
val,16,7,58,104.17022705078125,small,0
val,16,7,59,1594.4349365234375,medium,10
val,16,7,60,3116.66845703125,medium,10
val,16,7,61,1388.9024658203125,medium,10
val,16,7,62,44.44308853149414,small,3
val,16,7,63,180.56036376953125,small,2
val,16,7,64,33.33180618286133,small,4
val,16,7,65,25.00264549255371,small,0
val,16,7,66,27.77621841430664,small,1
val,16,7,67,29.16675567626953,small,3
val,16,7,68,29.167734146118164,small,2
val,17,0,0,3031.92529296875,medium,10
val,17,0,1,716.669921875,small,10
val,17,0,2,569.43505859375,small,2
val,17,0,3,888.8788452148438,small,10
val,17,0,4,638.876953125,small,5
val,17,0,5,4218.75390625,medium,10
val,17,0,6,2963.88134765625,medium,10
val,17,0,7,1939.588134765625,medium,10
val,17,0,8,204.16265869140625,small,5
val,17,0,9,379.16326904296875,small,10
val,17,0,10,320.8394470214844,small,6
val,17,0,11,523.6039428710938,small,10
val,17,0,12,173.61585998535156,small,0
val,17,0,13,173.61636352539062,small,0
val,17,0,14,191.668701171875,small,0
val,17,0,15,777.7850952148438,small,10
val,17,0,16,129.85545349121094,small,1
val,17,0,17,184.71676635742188,small,3
val,17,0,18,175.69114685058594,small,2
val,17,0,19,62.500457763671875,small,1
val,17,0,20,263.8932189941406,small,5
val,17,0,21,271.5194396972656,small,4
val,17,0,22,194.44146728515625,small,2
val,17,0,23,122.21991729736328,small,3
val,17,0,24,111.10680389404297,small,4
val,17,0,25,1875.713134765625,medium,10
val,17,0,26,1186.121337890625,medium,10
val,17,0,27,347.2164611816406,small,5
val,17,0,28,165.2718505859375,small,2
val,17,0,29,208.33251953125,small,1
val,17,0,30,527.0866088867188,small,10
val,17,0,31,430.55926513671875,small,9
val,17,0,32,259.72216796875,small,6
val,17,0,33,316.6650390625,small,7
val,17,0,34,156.25076293945312,small,4
val,17,0,35,343.0505676269531,small,8
val,17,0,36,300.00433349609375,small,4
val,17,0,37,229.16793823242188,small,7
val,17,0,38,306.93768310546875,small,7
val,17,0,39,194.43975830078125,small,3
val,17,0,40,162.50262451171875,small,2
val,17,0,41,165.27113342285156,small,1
val,17,0,42,149.998779296875,small,3
val,17,0,43,106.24832153320312,small,2
val,17,0,44,187.5018310546875,small,3
val,17,0,45,108.3348617553711,small,2
val,17,0,46,145.83358764648438,small,1
val,17,0,47,97.22571563720703,small,2
val,17,0,48,83.33516693115234,small,0
val,17,0,49,100.00081634521484,small,4
val,17,0,50,77.77529907226562,small,2
val,17,0,51,77.77458953857422,small,4
val,17,0,52,117.3636474609375,small,0
val,17,0,53,187.4980926513672,small,5
val,17,0,54,54.16656494140625,small,1
val,17,0,55,213.88653564453125,small,1
val,17,0,56,262.49359130859375,small,1
val,17,0,57,168.05126953125,small,0
val,17,0,58,112.49862670898438,small,0
val,17,0,59,223.61001586914062,small,1
val,17,0,60,66.66748046875,small,0
val,17,0,61,160.41224670410156,small,1
val,17,0,62,145.83775329589844,small,1
val,17,0,63,183.3349609375,small,0
val,17,0,64,175.69174194335938,small,0
val,17,0,65,100.001220703125,small,2
val,17,0,66,131.94827270507812,small,1
val,17,0,67,118.7493896484375,small,0
val,17,0,68,94.43978118896484,small,0
val,17,0,69,99.99471282958984,small,4
val,17,0,70,104.1712417602539,small,0
val,17,0,71,118.7493896484375,small,3
val,17,0,72,111.11626434326172,small,1
val,17,0,73,66.66300201416016,small,2
val,17,0,74,77.78252410888672,small,2
val,17,0,75,58.33485794067383,small,1
val,17,0,76,88.88699340820312,small,1
val,17,0,77,77.78211975097656,small,0
val,17,0,78,826.3994750976562,small,10
val,17,0,79,613.89306640625,small,10
val,17,0,80,641.6686401367188,small,10
val,17,0,81,458.3366394042969,small,10
val,17,0,82,255.55487060546875,small,4
val,17,0,83,77.78170776367188,small,3
val,17,0,84,149.99862670898438,small,4
val,17,0,85,649.9978637695312,small,10
val,17,0,86,699.9935913085938,small,10
val,17,0,87,66.66178131103516,small,4
val,17,0,88,306.2510681152344,small,6
val,17,0,89,63.19708251953125,small,1
val,17,0,90,49.9993896484375,small,1
val,17,0,91,58.33343505859375,small,0
val,17,0,92,41.66778564453125,small,2
val,17,0,93,295.1376037597656,small,3
val,17,0,94,62.501678466796875,small,2
val,17,0,95,54.16656494140625,small,0
val,17,0,96,133.3345489501953,small,4
val,17,0,97,74.9993896484375,small,0
val,17,0,98,58.33546829223633,small,2
val,17,0,99,106.94273376464844,small,2
val,17,0,100,90.27937316894531,small,0
val,17,0,101,472.2170715332031,small,10
val,17,0,102,49.9993896484375,small,2
val,17,0,103,88.88617706298828,small,2
val,17,0,104,66.66748046875,small,0
val,17,0,105,664.57568359375,small,10
val,17,0,106,362.4913024902344,small,8
val,17,1,0,2444.458251953125,medium,10
val,17,1,1,1240.2618408203125,medium,10
val,17,1,2,1566.65771484375,medium,10
val,17,1,3,431.2442626953125,small,10
val,17,1,4,291.66717529296875,small,4
val,17,1,5,366.671142578125,small,9
val,17,1,6,53.47065353393555,small,5
val,17,1,7,90.28257751464844,small,1
val,17,1,8,34.02949905395508,small,4
val,17,1,9,29.167734146118164,small,3
val,17,1,10,33.33150100708008,small,3
val,17,1,11,9.720577239990234,small,0
val,17,1,12,10.416717529296875,small,0
val,17,1,13,20.832672119140625,small,2
val,17,1,14,24.99969482421875,small,5
val,17,1,15,90.28257751464844,small,1
val,17,1,16,116.6680908203125,small,4
val,17,1,17,48.61311340332031,small,3
val,17,1,18,102.08404541015625,small,0
val,17,1,19,68.74925994873047,small,2
val,17,1,20,75.00152587890625,small,2
val,17,1,21,122.22266387939453,small,4
val,17,1,22,68.74925994873047,small,3
val,17,1,23,274.9951171875,small,4
val,17,1,24,229.17190551757812,small,2
val,17,1,25,447.92352294921875,small,8
val,17,1,26,543.051025390625,small,9
val,17,1,27,145.13836669921875,small,0
val,17,1,28,191.66148376464844,small,2
val,17,1,29,486.11370849609375,small,9
val,17,1,30,1263.9007568359375,medium,10
val,17,1,31,17456.236328125,large,10
val,17,1,32,972.212158203125,small,10
val,17,1,33,2041.6798095703125,medium,10
val,17,1,34,1501.4088134765625,medium,8
val,17,1,35,1015.9629516601562,small,10
val,17,1,36,277.0819091796875,small,6
val,17,1,37,816.6680908203125,small,10
val,17,1,38,1213.8917236328125,medium,8
val,17,1,39,1530.5567626953125,medium,10
val,17,1,40,1181.952880859375,medium,10
val,17,1,41,2849.9853515625,medium,10
val,17,2,0,873.626220703125,small,10
val,17,2,1,1933.3251953125,medium,10
val,17,2,2,6458.34375,medium,10
val,17,2,3,166.67185974121094,small,5
val,17,2,4,84.02423095703125,small,1
val,17,2,5,137.49755859375,small,5
val,17,2,6,99.99908447265625,small,2
val,17,2,7,76.38856506347656,small,2
val,17,2,8,49.99888229370117,small,5
val,17,2,9,29.167734146118164,small,1
val,17,2,10,44.44308853149414,small,4
val,17,2,11,33.333740234375,small,2
val,17,2,12,41.66758346557617,small,1
val,17,2,13,56.25114440917969,small,4
val,17,2,14,18.750381469726562,small,0
val,17,2,15,14.583358764648438,small,0
val,17,2,16,83.33541870117188,small,3
val,17,2,17,81.25379180908203,small,2
val,17,2,18,319.4393615722656,small,7
val,17,2,19,369.448974609375,small,8
val,17,2,20,519.4534301757812,small,10
val,17,2,21,638.8810424804688,small,10
val,17,2,22,260.415283203125,small,0
val,17,2,23,25.00264549255371,small,0
val,17,2,24,159.7293701171875,small,2
val,17,2,25,122.21844482421875,small,4
val,17,2,26,70.83221435546875,small,0
val,17,2,27,62.49522018432617,small,0
val,17,2,28,79.166259765625,small,0
val,17,2,29,83.33328247070312,small,0
val,17,2,30,1077.0731201171875,medium,10
val,17,2,31,222.22113037109375,small,4
val,17,2,32,337.49658203125,small,4
val,17,2,33,700.001220703125,small,10
val,17,2,34,1490.2935791015625,medium,10
val,17,2,35,3154.83447265625,medium,10
val,17,2,36,1649.996337890625,medium,10
val,17,2,37,74.99908447265625,small,3
val,17,2,38,112.5018310546875,small,4
val,17,2,39,143.75079345703125,small,3
val,17,2,40,212.49356079101562,small,3
val,17,2,41,41.66770935058594,small,2
val,17,2,42,143.75079345703125,small,6
val,17,2,43,213.89414978027344,small,3
val,17,2,44,62.5034065246582,small,2
val,17,3,0,108.3348617553711,small,3
val,17,3,1,213.88555908203125,small,4
val,17,3,2,54.16656494140625,small,2
val,17,3,3,711.100830078125,small,10
val,17,3,4,566.66748046875,small,10
val,17,3,5,303.479736328125,small,8
val,17,3,6,77.78252410888672,small,4
val,17,3,7,249.9940948486328,small,5
val,17,3,8,77.77682495117188,small,3
val,17,3,9,108.33580017089844,small,1
val,17,3,10,108.33297729492188,small,2
val,17,3,11,18.750381469726562,small,0
val,17,3,12,22.22439193725586,small,0
val,17,3,13,118.75397491455078,small,4
val,17,3,14,88.89187622070312,small,1
val,17,3,15,88.89187622070312,small,2
val,17,3,16,61.10741424560547,small,3
val,17,3,17,24.30396842956543,small,3
val,17,3,18,34.722434997558594,small,1
val,17,3,19,63.1963005065918,small,1
val,17,3,20,87.5002670288086,small,0
val,17,3,21,111.11056518554688,small,3
val,17,3,22,24.999732971191406,small,3
val,17,3,23,16.6668701171875,small,0
val,17,3,24,25.00263214111328,small,0
val,17,3,25,34.02949905395508,small,4
val,17,3,26,38.88726806640625,small,0
val,17,3,27,33.333740234375,small,0
val,17,3,28,50.0006103515625,small,5
val,17,3,29,1398.5972900390625,medium,10
val,17,3,30,2099.99365234375,medium,10
val,17,3,31,288.89385986328125,small,5
val,17,3,32,1614.570556640625,medium,10
val,17,3,33,1516.6693115234375,medium,9
val,17,3,34,993.056396484375,small,10
val,17,3,35,1150.01220703125,medium,10
val,17,3,36,406.25347900390625,small,8
val,17,3,37,670.8406372070312,small,10
val,17,3,38,499.999755859375,small,6
val,17,3,39,343.052001953125,small,0
val,17,3,40,468.75457763671875,small,9
val,17,3,41,395.8328552246094,small,7
val,17,3,42,158.33251953125,small,3
val,17,3,43,281.9418029785156,small,5
val,17,3,44,171.53115844726562,small,5
val,17,3,45,427.78546142578125,small,10
val,17,3,46,613.8817138671875,small,10
val,17,3,47,277.08929443359375,small,7
val,17,3,48,836.1251220703125,small,10
val,17,3,49,200.0026397705078,small,5
val,17,3,50,188.89035034179688,small,3
val,17,3,51,447.2177734375,small,10
val,17,3,52,311.1182861328125,small,6
val,17,3,53,114.58061218261719,small,1
val,17,3,54,153.4738311767578,small,2
val,17,3,55,100.00081634521484,small,4
val,17,3,56,133.3345489501953,small,2
val,17,3,57,126.39251708984375,small,1
val,17,3,58,118.05735778808594,small,2
val,17,3,59,149.99847412109375,small,3
val,17,3,60,68.05828857421875,small,4
val,17,3,61,48.61479187011719,small,2
val,17,3,62,38.19115447998047,small,0
val,17,3,63,158.33236694335938,small,2
val,17,3,64,180.56019592285156,small,3
val,17,3,65,13.88973617553711,small,0
val,17,3,66,24.303936004638672,small,3
val,17,3,67,126.38520812988281,small,2
val,17,3,68,188.88760375976562,small,3
val,17,3,69,76.38856506347656,small,1
val,17,3,70,125.00091552734375,small,1
val,17,3,71,236.1060028076172,small,6
val,17,3,72,187.50469970703125,small,3
val,17,3,73,62.503177642822266,small,3
val,17,3,74,31.24871253967285,small,2
val,17,3,75,27.78089714050293,small,0
val,17,3,76,76.39014434814453,small,2
val,17,3,77,62.5034065246582,small,3
val,17,3,78,44.443138122558594,small,2
val,17,3,79,44.44349670410156,small,5
val,17,3,80,61.10995864868164,small,2
val,17,3,81,45.83148956298828,small,0
val,17,3,82,43.75007629394531,small,1
val,17,3,83,61.10995864868164,small,2
val,17,3,84,38.89126205444336,small,4
val,17,3,85,29.1674747467041,small,1
val,17,3,86,24.999771118164062,small,2
val,17,3,87,16.6668701171875,small,0
val,17,3,88,13.88968563079834,small,1
val,17,3,89,12.499847412109375,small,0
val,17,3,90,18.750381469726562,small,0
val,17,3,91,63.19612121582031,small,1
val,17,3,92,63.19603729248047,small,3
val,17,3,93,62.499427795410156,small,0
val,17,3,94,38.19218444824219,small,0
val,17,3,95,49.999542236328125,small,1
val,17,3,96,8.33470630645752,small,1
val,17,3,97,8.331832885742188,small,0
val,17,3,98,6.943062782287598,small,0
val,17,3,99,24.999752044677734,small,2
val,17,3,100,24.999732971191406,small,2
val,17,3,101,29.16777992248535,small,2
val,17,3,102,37.49964141845703,small,0
val,17,3,103,45.8314208984375,small,1
val,17,3,104,41.667694091796875,small,2
val,17,3,105,31.249122619628906,small,2
val,17,3,106,17.35943603515625,small,1
val,17,3,107,13.887170791625977,small,1
val,17,3,108,13.88968563079834,small,1
val,17,3,109,24.306060791015625,small,5
val,17,3,110,16.66574478149414,small,0
val,17,3,111,17.35943603515625,small,0
val,17,3,112,13.887170791625977,small,1
val,17,3,113,10.416781425476074,small,0
val,17,3,114,17.35943603515625,small,1
val,17,3,115,34.02952194213867,small,2
val,17,3,116,17.35943603515625,small,1
val,17,3,117,10.416374206542969,small,0
val,17,3,118,4.167003631591797,small,0
val,17,3,119,6.250495910644531,small,0
val,17,3,120,13.887170791625977,small,2
val,17,3,121,8.332881927490234,small,0
val,17,4,0,2505.53759765625,medium,10
val,17,4,1,1701.3770751953125,medium,10
val,17,4,2,1979.1507568359375,medium,10
val,17,4,3,1833.33740234375,medium,10
val,17,4,4,1628.4539794921875,medium,10
val,17,4,5,105.55050659179688,small,4
val,17,4,6,137.50076293945312,small,4
val,17,4,7,1222.2091064453125,medium,10
val,17,4,8,1041.670166015625,medium,10
val,17,4,9,787.5020751953125,small,10
val,17,4,10,1361.1005859375,medium,10
val,17,4,11,911.1019287109375,small,10
val,17,4,12,572.9215698242188,small,10
val,17,4,13,463.1902770996094,small,7
val,17,4,14,305.5591125488281,small,5
val,17,4,15,923.6011962890625,small,10
val,17,4,16,812.497314453125,small,10
val,17,4,17,797.2200927734375,small,10
val,17,4,18,472.2246398925781,small,9
val,17,4,19,319.43951416015625,small,6
val,17,4,20,344.45245361328125,small,4
val,17,4,21,162.5035400390625,small,3
val,17,4,22,58.33564758300781,small,3
val,17,4,23,145.83084106445312,small,3
val,17,4,24,208.3332061767578,small,3
val,17,4,25,318.74359130859375,small,7
val,17,4,26,208.3332061767578,small,6
val,17,4,27,165.27113342285156,small,4
val,17,4,28,187.4980926513672,small,3
val,17,4,29,233.33892822265625,small,5
val,17,4,30,567.3629760742188,small,10
val,17,4,31,461.7991638183594,small,10
val,17,4,32,129.856201171875,small,2
val,17,4,33,330.55438232421875,small,4
val,17,4,34,55.55243682861328,small,0
val,17,4,35,54.16648864746094,small,1
val,17,4,36,33.333740234375,small,0
val,17,4,37,62.501564025878906,small,3
val,17,4,38,62.500457763671875,small,1
val,17,4,39,135.42129516601562,small,2
val,17,4,40,63.19666290283203,small,4
val,17,4,41,41.66778564453125,small,0
val,17,4,42,43.75302505493164,small,2
val,17,4,43,48.61479187011719,small,0
val,17,4,44,77.78170776367188,small,2
val,17,4,45,63.196571350097656,small,2
val,17,4,46,99.30217742919922,small,3
val,17,4,47,745.1494140625,small,10
val,17,4,48,787.5,small,10
val,17,4,49,135.41641235351562,small,1
val,17,4,50,233.33912658691406,small,0
val,17,5,0,6.919862747192383,small,1
val,17,5,1,8.649447441101074,small,1
val,17,5,2,8.305303573608398,small,1
val,17,5,3,10.381059646606445,small,0
val,17,5,4,2.768961191177368,small,0
val,17,5,5,5.190188884735107,small,0
val,17,5,6,12.457175254821777,small,2
val,17,5,7,12.110581398010254,small,1
val,17,5,8,14.532258033752441,small,0
val,17,5,9,16.954059600830078,small,1
val,17,5,10,22.145118713378906,small,0
val,17,5,11,7.266429424285889,small,0
val,17,5,12,7.266721248626709,small,0
val,17,5,13,10.381239891052246,small,0
val,17,5,14,16.607770919799805,small,1
val,17,5,15,31.48710823059082,small,0
val,17,5,16,14.532258033752441,small,0
val,17,5,17,13.840048789978027,small,0
val,17,5,18,19.377653121948242,small,1
val,17,5,19,14.532320976257324,small,1
val,17,5,20,14.533164024353027,small,1
val,17,5,21,7.266429424285889,small,0
val,17,5,22,12.108795166015625,small,0
val,17,5,23,4.152723789215088,small,0
val,17,5,24,6.919988632202148,small,1
val,17,5,25,4.152580261230469,small,0
val,17,5,26,6.228722095489502,small,0
val,17,5,27,27.680313110351562,small,3
val,17,5,28,19.375530242919922,small,0
val,17,5,29,19.37538719177246,small,0
val,17,5,30,28.030057907104492,small,2
val,17,5,31,8.303813934326172,small,0
val,17,5,32,45.67715072631836,small,5
val,17,5,33,41.52517318725586,small,5
val,17,5,34,83.04151153564453,small,1
val,17,5,35,67.82101440429688,small,1
val,17,5,36,83.04769134521484,small,2
val,17,5,37,24.220426559448242,small,1
val,17,5,38,19.028657913208008,small,0
val,17,5,39,13.840048789978027,small,0
val,17,5,40,21.79979133605957,small,1
val,17,5,41,57.09111022949219,small,2
val,17,5,42,80.96495056152344,small,3
val,17,5,43,59.17255401611328,small,0
val,17,5,44,89.96343994140625,small,5
val,17,5,45,26.990339279174805,small,0
val,17,5,46,8.305160522460938,small,0
val,17,5,47,10.38147258758545,small,0
val,17,5,48,15.22380256652832,small,0
val,17,5,49,13.840048789978027,small,0
val,17,5,50,9.343460083007812,small,0
val,17,5,51,13.840048789978027,small,0
val,17,5,52,13.839725494384766,small,0
val,17,5,53,11.072469711303711,small,0
val,17,5,54,12.108705520629883,small,0
val,17,5,55,53.97929763793945,small,4
val,17,5,56,80.96495056152344,small,3
val,17,5,57,40.48628234863281,small,5
val,17,5,58,99.65165710449219,small,2
val,17,5,59,88.236083984375,small,2
val,17,5,60,143.25201416015625,small,3
val,17,5,61,70.59117889404297,small,3
val,17,5,62,21.799360275268555,small,1
val,17,5,63,152.59352111816406,small,2
val,17,5,64,93.42394256591797,small,1
val,17,5,65,103.80773162841797,small,2
val,17,5,66,117.64688110351562,small,1
val,17,5,67,129.4063720703125,small,2
val,17,5,68,167.13072204589844,small,4
val,17,5,69,131.49267578125,small,2
val,17,5,70,164.36532592773438,small,3
val,17,5,71,41.521907806396484,small,3
val,17,5,72,121.79544830322266,small,3
val,17,5,73,144.6345672607422,small,2
val,17,5,74,167.46815490722656,small,3
val,17,5,75,191.0005340576172,small,6
val,17,5,76,506.58160400390625,small,7
val,17,5,77,471.9678955078125,small,5
val,17,5,78,414.1882629394531,small,5
val,17,5,79,485.46124267578125,small,6
val,17,5,80,541.8670043945312,small,10
val,17,5,81,457.7911071777344,small,7
val,17,5,82,501.3827209472656,small,8
val,17,5,83,539.799560546875,small,9
val,17,5,84,584.7752075195312,small,10
val,17,5,85,1862.2843017578125,medium,8
val,17,5,86,3608.30859375,medium,10
val,17,5,87,294.10833740234375,small,4
val,17,5,88,1371.9674072265625,medium,10
val,17,5,89,1984.0885009765625,medium,10
val,17,5,90,1746.01220703125,medium,10
val,17,5,91,1667.475341796875,medium,10
val,17,5,92,1347.404296875,medium,10
val,17,5,93,1023.5302734375,small,10
val,17,5,94,780.623779296875,small,10
val,17,5,95,668.5086059570312,small,10
val,17,5,96,525.9534301757812,small,10
val,17,5,97,512.7920532226562,small,7
val,17,5,98,448.1026611328125,small,8
val,17,5,99,184.08633422851562,small,3
val,17,5,100,117.647705078125,small,2
val,17,5,101,131.4905548095703,small,3
val,17,5,102,152.94189453125,small,4
val,17,5,103,83.0500259399414,small,2
val,17,5,104,78.89815521240234,small,2
val,17,5,105,41.52061462402344,small,0
val,17,5,106,46.716007232666016,small,3
val,17,5,107,41.17503356933594,small,0
val,17,5,108,65.74595642089844,small,2
val,17,5,109,44.28815841674805,small,0
val,17,5,110,33.910003662109375,small,0
val,17,5,111,51.90440368652344,small,3
val,17,5,112,46.716007232666016,small,2
val,17,5,113,47.05569839477539,small,0
val,17,5,114,152.9427032470703,small,2
val,17,5,115,85.47015380859375,small,2
val,17,5,116,83.04991912841797,small,2
val,17,5,117,217.98875427246094,small,2
val,17,5,118,103.81304168701172,small,4
val,17,5,119,112.46038818359375,small,5
val,17,5,120,27.680097579956055,small,0
val,17,5,121,71.62940216064453,small,1
val,17,5,122,52.592403411865234,small,0
val,17,5,123,41.17503356933594,small,0
val,17,5,124,46.021888732910156,small,0
val,17,5,125,68.51580047607422,small,1
val,17,5,126,76.12374877929688,small,2
val,17,5,127,65.40179443359375,small,1
val,17,6,0,228.37564086914062,small,0
val,17,6,1,467.1277770996094,small,10
val,17,6,2,917.6397705078125,small,10
val,17,6,3,241.1773681640625,small,3
val,17,6,4,1574.402587890625,medium,10
val,17,6,5,1930.8192138671875,medium,10
val,17,6,6,2267.1552734375,medium,10
val,17,6,7,300.0018310546875,small,2
val,17,6,8,280.2727966308594,small,1
val,17,6,9,395.8536071777344,small,8
val,17,6,10,258.8232421875,small,4
val,17,6,11,3360.2001953125,medium,10
val,17,6,12,276.1322326660156,small,5
val,17,6,13,202.4143524169922,small,3
val,17,6,14,281.6512145996094,small,8
val,17,6,15,169.55027770996094,small,2
val,17,6,16,1787.56884765625,medium,10
val,17,6,17,138.41262817382812,small,3
val,17,6,18,114.1827392578125,small,1
val,17,6,19,164.7030792236328,small,2
val,17,6,20,445.6718444824219,small,9
val,17,6,21,411.7681884765625,small,6
val,17,6,22,394.4640808105469,small,8
val,17,6,23,341.87408447265625,small,8
val,17,6,24,639.4344482421875,small,10
val,17,6,25,175.07928466796875,small,2
val,17,6,26,37.37163162231445,small,0
val,17,6,27,32.868247985839844,small,0
val,17,6,28,353.9844055175781,small,8
val,17,6,29,111.76638793945312,small,2
val,17,6,30,129.75465393066406,small,1
val,17,6,31,130.79319763183594,small,3
val,17,6,32,138.06594848632812,small,3
val,17,6,33,111.76638793945312,small,1
val,17,6,34,99.99893188476562,small,2
val,17,6,35,147.0548095703125,small,5
val,17,6,36,33.909912109375,small,1
val,17,6,37,15.569310188293457,small,0
val,17,6,38,33.21973419189453,small,0
val,17,6,39,197.23678588867188,small,3
val,17,6,40,93.42093658447266,small,1
val,17,6,41,103.80219268798828,small,4
val,17,6,42,167.46815490722656,small,3
val,17,6,43,239.79608154296875,small,3
val,17,6,44,283.73822021484375,small,4
val,17,6,45,319.71722412109375,small,7
val,17,6,46,361.59576416015625,small,4
val,17,6,47,1157.0784912109375,medium,10
val,17,7,0,1120.760986328125,medium,10
val,17,7,1,639.43603515625,small,10
val,17,7,2,569.19873046875,small,10
val,17,7,3,376.8181457519531,small,8
val,17,7,4,262.9760437011719,small,7
val,17,7,5,1898.9521484375,medium,10
val,17,7,6,67.82101440429688,small,1
val,17,7,7,49.48154067993164,small,5
val,17,7,8,49.47816467285156,small,5
val,17,7,9,135.29437255859375,small,2
val,17,7,10,67.47604370117188,small,2
val,17,7,11,45.67207336425781,small,5
val,17,7,12,996.5311279296875,small,10
val,17,7,13,278.5525817871094,small,5
val,17,7,14,361.2555236816406,small,7
val,17,7,15,107.95906066894531,small,2
val,17,7,16,24.916217803955078,small,1
val,17,7,17,53.98067855834961,small,4
val,17,7,18,145.32981872558594,small,3
val,17,7,19,34.25590896606445,small,3
val,17,7,20,12.457228660583496,small,3
val,17,7,21,13.840048789978027,small,0
val,17,7,22,13.840048789978027,small,0
val,17,7,23,12.456223487854004,small,0
val,17,7,24,20.75815200805664,small,0
val,17,7,25,1650.5369873046875,medium,10
val,17,7,26,116.26789855957031,small,2
val,17,7,27,89.96749877929688,small,3
val,17,7,28,265.7430114746094,small,5
val,17,7,29,68.51580047607422,small,1
val,17,7,30,99.998779296875,small,3
val,17,7,31,74.74520111083984,small,1
val,17,7,32,68.51596069335938,small,2
val,17,7,33,151.21299743652344,small,3
val,17,7,34,18.685951232910156,small,1
val,17,7,35,16.60784339904785,small,1
val,17,7,36,28.030057907104492,small,2
val,17,7,37,182.69827270507812,small,5
val,18,0,0,6876.47998046875,medium,10
val,18,0,1,5038.052734375,medium,10
val,18,0,2,2169.5498046875,medium,10
val,18,0,3,1785.4580078125,medium,10
val,18,0,4,510.7271728515625,small,10
val,18,0,5,256.05682373046875,small,1
val,18,0,6,252.940673828125,small,6
val,18,0,7,207.6073760986328,small,0
val,18,0,8,202.42808532714844,small,5
val,18,0,9,198.61363220214844,small,3
val,18,0,10,140.82632446289062,small,1
val,18,0,11,138.4127655029297,small,2
val,18,0,12,111.41471099853516,small,2
val,18,0,13,799.3088989257812,small,9
val,18,0,14,741.175537109375,small,9
val,18,0,15,620.0669555664062,small,10
val,18,0,16,78.89815521240234,small,4
val,18,0,17,56.05769348144531,small,2
val,18,0,18,173.01263427734375,small,4
val,18,0,19,144.634765625,small,1
val,18,0,20,87.20211029052734,small,0
val,18,0,21,575.7815551757812,small,10
val,18,0,22,1186.85400390625,medium,10
val,18,0,23,1484.4234619140625,medium,10
val,18,0,24,2591.027099609375,medium,10
val,18,0,25,557.1051635742188,small,10
val,18,0,26,292.727783203125,small,2
val,18,0,27,215.9207763671875,small,1
val,18,0,28,1141.8594970703125,medium,10
val,18,0,29,1108.6510009765625,medium,10
val,18,0,30,1177.16748046875,medium,10
val,18,0,31,1051.9041748046875,medium,8
val,18,0,32,920.4158325195312,small,9
val,18,0,33,658.818359375,small,4
val,18,0,34,571.6166381835938,small,7
val,18,0,35,541.8623046875,small,9
val,18,0,36,258.822021484375,small,5
val,18,0,37,77.50786590576172,small,2
val,18,0,38,60.895999908447266,small,0
val,18,0,39,2032.5308837890625,medium,10
val,18,0,40,1511.427490234375,medium,10
val,18,0,41,499.29974365234375,small,10
val,18,0,42,266.4303894042969,small,1
val,18,0,43,222.83876037597656,small,4
val,18,0,44,193.0760498046875,small,0
val,18,0,45,635.2897338867188,small,10
val,18,0,46,734.944580078125,small,10
val,18,0,47,448.4401550292969,small,9
val,18,0,48,844.2989501953125,small,10
val,18,0,49,794.4584350585938,small,10
val,18,0,50,422.84027099609375,small,9
val,18,0,51,332.187255859375,small,8
val,18,0,52,588.5857543945312,small,10
val,18,0,53,510.3798522949219,small,6
val,18,0,54,441.5195007324219,small,6
val,18,0,55,318.3461608886719,small,5
val,18,0,56,215.91688537597656,small,5
val,18,0,57,332.1865539550781,small,5
val,18,0,58,335.2997131347656,small,3
val,18,0,59,414.1895446777344,small,6
val,18,0,60,366.09075927734375,small,4
val,18,0,61,461.5857849121094,small,10
val,18,0,62,318.3457946777344,small,1
val,18,0,63,205.53526306152344,small,3
val,18,0,64,38.75381851196289,small,0
val,18,0,65,52.94346618652344,small,2
val,18,0,66,193.7768096923828,small,1
val,18,0,67,36.332054138183594,small,0
val,18,0,68,41.52030563354492,small,2
val,18,0,69,182.700927734375,small,4
val,18,1,0,7274.72900390625,medium,10
val,18,1,1,2778.54150390625,medium,10
val,18,1,2,2283.71826171875,medium,9
val,18,1,3,2010.3624267578125,medium,10
val,18,1,4,1209.6842041015625,medium,10
val,18,1,5,1842.5487060546875,medium,10
val,18,1,6,1394.4541015625,medium,10
val,18,1,7,1204.161376953125,medium,10
val,18,1,8,1089.9647216796875,medium,10
val,18,1,9,883.0390014648438,small,10
val,18,1,10,620.7540893554688,small,10
val,18,1,11,865.0524291992188,small,10
val,18,1,12,71.629638671875,small,0
val,18,1,13,95.5056381225586,small,5
val,18,1,14,373.7112731933594,small,5
val,18,1,15,388.2362060546875,small,5
val,18,1,16,332.52581787109375,small,5
val,18,1,17,214.8765411376953,small,4
val,18,1,18,182.69747924804688,small,0
val,18,1,19,207.61355590820312,small,5
val,18,1,20,144.6345672607422,small,1
val,18,1,21,396.88958740234375,small,8
val,18,1,22,38.75393295288086,small,0
val,18,1,23,121.4553451538086,small,4
val,18,1,24,45.67654037475586,small,0
val,18,1,25,429.070556640625,small,8
val,18,1,26,339.0945129394531,small,3
val,18,1,27,458.4861145019531,small,6
val,18,1,28,314.8757019042969,small,5
val,18,1,29,304.50189208984375,small,5
val,18,1,30,44.28815841674805,small,0
val,18,1,31,35.98323059082031,small,3
val,18,1,32,124.5658950805664,small,4
val,18,1,33,105.1927719116211,small,2
val,18,1,34,29.06794548034668,small,0
val,18,1,35,33.21554183959961,small,2
val,18,1,36,140.49049377441406,small,4
val,18,1,37,77.51210021972656,small,1
val,18,1,38,77.85222625732422,small,1
val,18,1,39,16.60761070251465,small,0
val,18,1,40,83.0420913696289,small,3
val,18,1,41,53.97941207885742,small,6
val,18,1,42,19.028568267822266,small,0
val,18,1,43,18.68659782409668,small,1
val,18,1,44,17.99138069152832,small,0
val,18,1,45,12.456999778747559,small,0
val,18,1,46,24.914888381958008,small,0
val,18,1,47,37.37319564819336,small,4
val,18,1,48,13.839967727661133,small,1
val,18,1,49,15.569633483886719,small,0
val,18,1,50,49.4817008972168,small,3
val,18,1,51,31.143144607543945,small,1
val,18,1,52,34.60299301147461,small,2
val,18,1,53,9.687567710876465,small,0
val,18,1,54,21.79979133605957,small,0
val,18,1,55,7.266429424285889,small,0
val,18,1,56,30.450244903564453,small,2
val,18,1,57,31.143144607543945,small,1
val,18,1,58,28.030057907104492,small,0
val,18,1,59,19.37538719177246,small,0
val,18,1,60,22.14479637145996,small,2
val,18,1,61,5.537922382354736,small,0
val,18,1,62,9.343460083007812,small,0
val,18,1,63,22.14515495300293,small,2
val,18,1,64,24.916135787963867,small,2
val,18,1,65,135.29251098632812,small,2
val,18,1,66,28.030057907104492,small,0
val,18,1,67,18.68659782409668,small,1
val,18,1,68,4.153181552886963,small,0
val,18,1,69,14.532320976257324,small,0
val,18,1,70,12.45695972442627,small,0
val,18,1,71,22.14515495300293,small,1
val,18,1,72,5.5362348556518555,small,0
val,18,1,73,10.37907600402832,small,0
val,18,1,74,44.981719970703125,small,5
val,18,1,75,19.030784606933594,small,0
val,18,1,76,14.532258033752441,small,1
val,18,1,77,22.145084381103516,small,1
val,18,1,78,8.305357933044434,small,0
val,18,1,79,786.143798828125,small,10
val,18,1,80,4597.603515625,medium,10
val,18,1,81,2878.9033203125,medium,10
val,18,1,82,1492.0595703125,medium,10
val,18,1,83,747.4119262695312,small,10
val,18,1,84,159.85678100585938,small,3
val,18,1,85,581.3185424804688,small,9
val,18,1,86,376.8216857910156,small,6
val,18,1,87,387.5381774902344,small,9
val,18,1,88,238.751708984375,small,3
val,18,1,89,233.56581115722656,small,4
val,18,1,90,188.93040466308594,small,3
val,18,1,91,130.79115295410156,small,4
val,18,2,0,581.3170166015625,small,8
val,18,2,1,548.0997924804688,small,5
val,18,2,2,585.47216796875,small,10
val,18,2,3,674.74365234375,small,10
val,18,2,4,504.1567077636719,small,10
val,18,2,5,530.7922973632812,small,10
val,18,2,6,539.7987060546875,small,8
val,18,2,7,64.70318603515625,small,0
val,18,2,8,57.09225845336914,small,2
val,18,2,9,280.27880859375,small,5
val,18,2,10,719.7237548828125,small,10
val,18,2,11,3379.957763671875,medium,10
val,18,2,12,1133.576171875,medium,10
val,18,2,13,375.429443359375,small,5
val,18,2,14,2765.082275390625,medium,10
val,18,2,15,5406.2021484375,medium,10
val,18,2,16,2588.239990234375,medium,10
val,18,2,17,532.8632202148438,small,7
val,18,2,18,318.34698486328125,small,3
val,18,2,19,498.2732238769531,small,5
val,18,2,20,1051.2012939453125,medium,10
val,18,2,21,638.4100952148438,small,10
val,18,2,22,99.65969848632812,small,0
val,18,2,23,121.4553451538086,small,0
val,18,2,24,116.26380920410156,small,0
val,18,2,25,186.8535919189453,small,3
val,18,2,26,1062.6236572265625,medium,10
val,18,2,27,76.12533569335938,small,0
val,18,2,28,62.28812026977539,small,1
val,18,2,29,180.62359619140625,small,4
val,18,2,30,216.9619903564453,small,3
val,18,2,31,232.52154541015625,small,7
val,18,2,32,68.51580047607422,small,0
val,18,2,33,138.41262817382812,small,0
val,18,2,34,130.79432678222656,small,0
val,18,2,35,63.662715911865234,small,0
val,18,2,36,77.85990905761719,small,0
val,18,2,37,170.9403076171875,small,4
val,18,2,38,87.20211029052734,small,2
val,18,2,39,207.61599731445312,small,5
val,18,2,40,121.10633850097656,small,1
val,18,2,41,38.75307083129883,small,0
val,18,2,42,261.58770751953125,small,5
val,18,2,43,321.11370849609375,small,6
val,18,2,44,44.9838752746582,small,2
val,18,2,45,43.602169036865234,small,1
val,18,2,46,37.37319564819336,small,2
val,18,2,47,48.44304275512695,small,2
val,18,2,48,48.44291687011719,small,1
val,18,2,49,49.4817008972168,small,1
val,18,2,50,49.48130798339844,small,1
val,18,2,51,49.4817008972168,small,2
val,18,2,52,105.1927719116211,small,2
val,18,2,53,83.04769134521484,small,2
val,18,2,54,62.28019332885742,small,2
val,18,2,55,320.0620422363281,small,8
val,18,2,56,62.973567962646484,small,2
val,18,2,57,20.76253318786621,small,0
val,18,2,58,18.68659782409668,small,1
val,18,2,59,49.48130798339844,small,4
val,18,2,60,62.973567962646484,small,4
val,18,2,61,83.04754638671875,small,1
val,18,2,62,145.32945251464844,small,1
val,18,2,63,77.50786590576172,small,3
val,18,2,64,24.914457321166992,small,0
val,18,2,65,27.680456161499023,small,4
val,18,2,66,20.758220672607422,small,0
val,18,2,67,29.064516067504883,small,1
val,18,2,68,3713.152587890625,medium,10
val,18,2,69,1262.2916259765625,medium,10
val,18,2,70,662.2804565429688,small,10
val,18,2,71,239.79713439941406,small,4
val,18,2,72,111.41471099853516,small,0
val,18,2,73,668.503173828125,small,10
val,18,2,74,31.486318588256836,small,1
val,18,2,75,532.8651733398438,small,8
val,18,2,76,530.7913818359375,small,8
val,18,2,77,435.9898681640625,small,1
val,18,2,78,431.8372497558594,small,6
val,18,2,79,167.12954711914062,small,2
val,18,2,80,261.5846862792969,small,7
val,18,2,81,192.04380798339844,small,1
val,18,2,82,223.52540588378906,small,3
val,18,2,83,99.998779296875,small,2
val,18,2,84,138.41053771972656,small,3
val,18,2,85,71.97206115722656,small,3
val,18,2,86,49.828269958496094,small,4
val,18,2,87,508.6485900878906,small,10
val,18,3,0,1447.40234375,medium,10
val,18,3,1,3274.761474609375,medium,10
val,18,3,2,1576.474609375,medium,10
val,18,3,3,714.1845703125,small,10
val,18,3,4,132.8788299560547,small,2
val,18,3,5,510.7264404296875,small,10
val,18,3,6,296.8921813964844,small,7
val,18,3,7,111.41471099853516,small,1
val,18,3,8,352.9437255859375,small,6
val,18,3,9,321.0980529785156,small,6
val,18,3,10,573.021240234375,small,9
val,18,3,11,65.40196228027344,small,2
val,18,3,12,191.0005340576172,small,3
val,18,3,13,198.955078125,small,4
val,18,3,14,43.60200500488281,small,3
val,18,3,15,20.76258659362793,small,0
val,18,3,16,43.602046966552734,small,2
val,18,3,17,177.51162719726562,small,4
val,18,3,18,501.7334289550781,small,6
val,18,3,19,131.49232482910156,small,2
val,18,3,20,49.47811508178711,small,5
val,18,3,21,49.82984924316406,small,0
val,18,3,22,3550.15478515625,medium,10
val,18,3,23,2211.075439453125,medium,10
val,18,3,24,290.6568298339844,small,4
val,18,3,25,290.6568298339844,small,4
val,18,3,26,1195.847412109375,medium,10
val,18,3,27,1201.3740234375,medium,10
val,18,3,28,439.10205078125,small,10
val,18,3,29,182.70193481445312,small,4
val,18,3,30,254.67428588867188,small,5
val,18,3,31,181.6603240966797,small,5
val,18,3,32,825.2531127929688,small,10
val,18,3,33,473.3547058105469,small,8
val,18,3,34,388.233642578125,small,8
val,18,3,35,343.2484436035156,small,5
val,18,3,36,242.90724182128906,small,5
val,18,3,37,141.1785125732422,small,2
val,18,3,38,44.28815841674805,small,0
val,18,3,39,51.9038200378418,small,4
val,18,3,40,223.53237915039062,small,4
val,18,3,41,267.8183898925781,small,3
val,18,3,42,130.79180908203125,small,2
val,18,3,43,24.221162796020508,small,3
val,18,3,44,83.04769134521484,small,2
val,18,3,45,58.13002014160156,small,3
val,18,3,46,134.95132446289062,small,2
val,18,3,47,105.1927719116211,small,2
val,18,3,48,111.76716613769531,small,1
val,18,3,49,35.29569625854492,small,0
val,18,3,50,88.236083984375,small,2
val,18,3,51,71.97206115722656,small,1
val,18,4,0,560.5507202148438,small,10
val,18,4,1,1162.6116943359375,medium,10
val,18,4,2,1995.49853515625,medium,10
val,18,4,3,429.75445556640625,small,5
val,18,4,4,199.3006591796875,small,7
val,18,4,5,159.85682678222656,small,4
val,18,4,6,199.3006591796875,small,3
val,18,4,7,246.70790100097656,small,3
val,18,4,8,199.99755859375,small,5
val,18,4,9,174.38912963867188,small,2
val,18,4,10,105.88043212890625,small,2
val,18,4,11,366.7883605957031,small,6
val,18,4,12,264.7018737792969,small,3
val,18,4,13,274.0505676269531,small,4
val,18,4,14,182.7006378173828,small,4
val,18,4,15,222.83322143554688,small,5
val,18,4,16,254.6785888671875,small,4
val,18,4,17,191.01307678222656,small,2
val,18,4,18,310.38372802734375,small,4
val,18,4,19,243.25953674316406,small,1
val,18,4,20,203.4560089111328,small,4
val,18,4,21,959.8463134765625,small,10
val,18,4,22,985.1038818359375,small,10
val,18,4,23,77.50283813476562,small,0
val,18,4,24,116.2683334350586,small,4
val,18,4,25,106.57042694091797,small,3
val,18,4,26,77.85944366455078,small,0
val,18,4,27,96.88558197021484,small,0
val,18,4,28,636.6865844726562,small,9
val,18,4,29,747.4087524414062,small,10
val,18,4,30,629.7507934570312,small,6
val,18,4,31,581.3145141601562,small,2
val,18,4,32,662.2688598632812,small,8
val,18,4,33,536.33935546875,small,10
val,18,4,34,242.21450805664062,small,3
val,18,4,35,225.2586212158203,small,3
val,18,4,36,228.37442016601562,small,3
val,18,4,37,79.92930603027344,small,2
val,18,4,38,35.98323059082031,small,2
val,18,4,39,22.48782730102539,small,0
val,18,4,40,167.1229705810547,small,2
val,18,4,41,69.20562744140625,small,2
val,18,4,42,632.8687744140625,small,9
val,18,4,43,139.44857788085938,small,0
val,18,4,44,143.94613647460938,small,0
val,18,4,45,2179.9306640625,medium,10
val,18,4,46,43.59683609008789,small,0
val,18,4,47,151.21585083007812,small,2
val,18,4,48,151.21543884277344,small,3
val,18,4,49,151.21543884277344,small,2
val,18,4,50,46.0203971862793,small,0
val,18,4,51,58.12770462036133,small,0
val,18,4,52,329.4039306640625,small,6
val,18,4,53,297.9211730957031,small,5
val,18,4,54,1806.2379150390625,medium,10
val,18,4,55,389.27349853515625,small,9
val,18,5,0,493.08636474609375,small,10
val,18,5,1,591.7041625976562,small,7
val,18,5,2,762.989501953125,small,10
val,18,5,3,89.96707153320312,small,0
val,18,5,4,89.96798706054688,small,5
val,18,5,5,397.922607421875,small,8
val,18,5,6,270.584716796875,small,5
val,18,5,7,278.8919372558594,small,5
val,18,5,8,262.6293640136719,small,2
val,18,5,9,1046.36474609375,medium,10
val,18,5,10,1252.934814453125,medium,10
val,18,5,11,363.32080078125,small,5
val,18,5,12,269.8967590332031,small,5
val,18,5,13,148.4451141357422,small,3
val,18,5,14,2615.907470703125,medium,10
val,18,5,15,341.5185546875,small,5
val,18,5,16,508.648193359375,small,9
val,18,5,17,470.58599853515625,small,5
val,18,5,18,455.3616027832031,small,3
val,18,5,19,230.79798889160156,small,7
val,18,5,20,3805.549072265625,medium,10
val,18,5,21,4054.682373046875,medium,10
val,18,5,22,2699.63818359375,medium,10
val,18,5,23,3660.18359375,medium,10
val,18,5,24,780.9661865234375,small,10
val,18,5,25,622.1478271484375,small,7
val,18,5,26,348.7836608886719,small,6
val,18,5,27,747.4143676757812,small,10
val,18,5,28,2152.9365234375,medium,10
val,18,5,29,294.10772705078125,small,3
val,18,5,30,341.5185546875,small,3
val,18,5,31,2788.927001953125,medium,10
val,18,5,32,2037.3699951171875,medium,10
val,18,5,33,1484.4248046875,medium,10
val,18,5,34,1278.8843994140625,medium,10
val,18,5,35,1008.3134155273438,small,10
val,18,5,36,692.0422973632812,small,10
val,18,5,37,652.595947265625,small,10
val,18,5,38,552.246337890625,small,10
val,18,5,39,348.7909240722656,small,0
val,18,5,40,371.2763671875,small,8
val,18,5,41,564.6981201171875,small,10
val,18,5,42,140.13333129882812,small,1
val,18,5,43,160.55526733398438,small,2
val,18,5,44,145.32164001464844,small,3
val,18,5,45,103.81261444091797,small,3
val,18,5,46,128.7271728515625,small,2
val,18,5,47,166.09164428710938,small,3
val,18,5,48,205.5308074951172,small,2
val,18,5,49,505.8807373046875,small,10
val,18,5,50,116.2683334350586,small,0
val,18,5,51,107.96146392822266,small,5
val,18,5,52,258.8131408691406,small,5
val,18,5,53,119.37185668945312,small,3
val,18,5,54,102.76486206054688,small,3
val,18,5,55,74.74520111083984,small,0
val,18,5,56,76.1229476928711,small,2
val,18,5,57,72.6640625,small,0
val,18,5,58,105.1927719116211,small,2
val,18,5,59,129.756591796875,small,2
val,18,5,60,80.96448516845703,small,3
val,18,5,61,68.51580047607422,small,0
val,18,5,62,44.28819274902344,small,2
val,18,5,63,60.89777374267578,small,1
val,18,5,64,85.46699523925781,small,3
val,18,5,65,610.3812255859375,small,10
val,18,5,66,224.22506713867188,small,5
val,18,5,67,493.41717529296875,small,10
val,18,5,68,60.89521026611328,small,0
val,18,5,69,45.67772674560547,small,0
val,18,5,70,39.44913101196289,small,0
val,18,5,71,49.823421478271484,small,0
val,18,5,72,33.215614318847656,small,3
val,18,5,73,31.486318588256836,small,0
val,18,5,74,31.48630142211914,small,2
val,18,5,75,643.6063842773438,small,7
val,18,5,76,734.94287109375,small,10
val,18,5,77,575.770751953125,small,7
val,18,5,78,759.862548828125,small,10
val,18,5,79,593.423828125,small,7
val,18,6,0,1195.8486328125,medium,10
val,18,6,1,300.001220703125,small,4
val,18,6,2,405.8905334472656,small,6
val,18,6,3,503.8196716308594,small,10
val,18,6,4,1995.485107421875,medium,10
val,18,6,5,269.8953552246094,small,2
val,18,6,6,501.7218322753906,small,2
val,18,6,7,1918.359375,medium,10
val,18,6,8,692.0390625,small,4
val,18,6,9,857.4266967773438,small,3
val,18,6,10,11562.2587890625,large,10
val,18,6,11,258.822021484375,small,3
val,18,6,12,236.67083740234375,small,3
val,18,6,13,267.81390380859375,small,2
val,18,6,14,348.79730224609375,small,5
val,18,6,15,407.6264343261719,small,5
val,18,6,16,364.70703125,small,4
val,18,6,17,697.5675048828125,small,10
val,18,6,18,387.5513916015625,small,8
val,18,6,19,247.05422973632812,small,0
val,18,6,20,370.5849914550781,small,4
val,18,6,21,498.2684631347656,small,7
val,18,6,22,510.36859130859375,small,6
val,18,6,23,642.2052612304688,small,7
val,18,6,24,584.7805786132812,small,2
val,18,6,25,485.8213806152344,small,4
val,18,6,26,722.5017700195312,small,10
val,18,6,27,370.58575439453125,small,6
val,18,6,28,267.8108215332031,small,1
val,18,6,29,129.40798950195312,small,0
val,18,6,30,446.3763427734375,small,6
val,18,6,31,520.7721557617188,small,10
val,18,6,32,1345.3187255859375,medium,10
val,18,6,33,847.7400512695312,small,2
val,18,6,34,1270.59130859375,medium,10
val,18,6,35,802.7732543945312,small,3
val,18,6,36,885.8159790039062,small,10
val,18,6,37,809.6968994140625,small,8
val,18,6,38,581.3074951171875,small,5
val,18,6,39,837.0192260742188,small,10
val,18,6,40,608.9842529296875,small,5
val,18,6,41,775.771484375,small,10
val,18,6,42,53.982269287109375,small,0
val,18,6,43,96.88449096679688,small,1
val,18,6,44,143.94842529296875,small,5
val,18,6,45,129.75454711914062,small,2
val,18,6,46,377.8504943847656,small,9
val,18,6,47,268.16717529296875,small,8
val,18,6,48,152.2458953857422,small,4
val,18,6,49,682.3440551757812,small,10
val,18,6,50,229.41009521484375,small,5
val,18,6,51,139.44969177246094,small,4
val,18,6,52,117.99109649658203,small,2
val,18,6,53,431.4874572753906,small,8
val,18,6,54,157.79188537597656,small,3
val,18,6,55,179.2373809814453,small,3
val,18,6,56,847.0472412109375,small,10
val,18,6,57,238.75369262695312,small,1
val,18,6,58,94.4656982421875,small,3
val,18,6,59,177.51187133789062,small,3
val,18,6,60,95.50574493408203,small,0
val,18,6,61,291.00616455078125,small,5
val,18,6,62,484.4356384277344,small,9
val,18,6,63,486.50469970703125,small,9
val,18,6,64,169.5489959716797,small,3
val,18,6,65,552.2456665039062,small,10
val,18,6,66,144.6317901611328,small,0
val,18,6,67,1382.7017822265625,medium,10
val,18,6,68,1242.568115234375,medium,10
val,18,6,69,2125.956298828125,medium,10
val,18,6,70,425.6073303222656,small,8
val,18,6,71,300.34259033203125,small,3
val,18,6,72,622.1478271484375,small,10
val,18,6,73,484.43646240234375,small,8
val,18,6,74,581.3121337890625,small,8
val,18,6,75,700.6908569335938,small,10
val,18,6,76,357.77203369140625,small,6
val,18,6,77,289.27911376953125,small,3
val,18,6,78,264.6988830566406,small,1
val,18,6,79,254.681884765625,small,5
val,18,6,80,339.1041564941406,small,5
val,18,6,81,294.1156005859375,small,3
val,18,6,82,341.87786865234375,small,3
val,18,6,83,361.5985412597656,small,4
val,18,6,84,406.91729736328125,small,9
val,18,6,85,548.7982177734375,small,10
val,18,6,86,341.8775329589844,small,5
val,18,6,87,276.470947265625,small,3
val,18,6,88,249.1288604736328,small,8
val,18,6,89,323.8749084472656,small,5
val,18,6,90,498.2776794433594,small,10
val,18,6,91,446.3693542480469,small,7
val,18,6,92,561.9332885742188,small,10
val,18,7,0,6410.693359375,medium,10
val,18,7,1,4482.3525390625,medium,10
val,18,7,2,3211.098388671875,medium,10
val,18,7,3,3170.9306640625,medium,10
val,18,7,4,1755.697998046875,medium,10
val,18,7,5,639.7982177734375,small,10
val,18,7,6,361.2553405761719,small,6
val,18,7,7,199.3030242919922,small,4
val,18,7,8,205.530517578125,small,4
val,18,7,9,164.70458984375,small,3
val,18,7,10,193.7778778076172,small,4
val,18,7,11,1601.384033203125,medium,10
val,18,7,12,268.8550720214844,small,3
val,18,7,13,186.8451385498047,small,3
val,18,7,14,230.4450225830078,small,6
val,18,7,15,1089.968994140625,medium,10
val,18,7,16,1043.5909423828125,medium,10
val,18,7,17,186.8451385498047,small,2
val,18,7,18,228.36407470703125,small,2
val,18,7,19,865.0524291992188,small,9
val,18,7,20,989.6063842773438,small,10
val,18,7,21,396.88446044921875,small,7
val,18,7,22,174.38943481445312,small,0
val,18,7,23,684.4402465820312,small,10
val,18,7,24,445.3302917480469,small,7
val,18,7,25,399.6619567871094,small,6
val,18,7,26,121.10678100585938,small,2
val,18,7,27,129.75364685058594,small,3
val,18,7,28,91.35387420654297,small,1
val,18,7,29,399.6619567871094,small,10
val,18,7,30,2491.368408203125,medium,10
val,18,7,31,622.8364868164062,small,10
val,18,7,32,186.8457794189453,small,3
val,18,7,33,1177.507568359375,medium,10
val,18,7,34,502.4246826171875,small,8
val,18,7,35,399.99603271484375,small,6
val,18,7,36,332.17633056640625,small,4
val,18,7,37,259.51953125,small,2
val,18,7,38,252.2488250732422,small,5
val,18,7,39,435.29296875,small,6
val,18,7,40,387.54736328125,small,9
val,18,7,41,476.826171875,small,10
val,18,7,42,485.81842041015625,small,10
val,18,7,43,319.71832275390625,small,8
val,18,7,44,341.182373046875,small,7
val,18,7,45,317.6450500488281,small,2
val,18,7,46,332.18212890625,small,4
val,18,7,47,707.9596557617188,small,10
val,18,7,48,485.47467041015625,small,7
val,18,7,49,413.8450622558594,small,10
val,18,7,50,551.9166870117188,small,10
val,18,7,51,6466.42431640625,medium,10
val,18,7,52,605.1995239257812,small,9
val,18,7,53,564.6995849609375,small,9
val,18,7,54,341.87042236328125,small,5
val,18,7,55,350.17431640625,small,2
val,18,7,56,1730.0797119140625,medium,10
val,18,7,57,2119.37451171875,medium,10
val,18,7,58,1995.8466796875,medium,10
val,18,7,59,1894.127197265625,medium,10
val,18,7,60,1035.634765625,medium,10
val,18,7,61,1843.603271484375,medium,10
val,18,7,62,1759.52587890625,medium,10
val,18,7,63,2169.5498046875,medium,10
val,18,7,64,1651.561767578125,medium,10
val,18,7,65,1370.2518310546875,medium,9
val,18,7,66,729.4140625,small,10
val,18,7,67,159.85861206054688,small,1
val,18,7,68,448.4402160644531,small,6
val,18,7,69,859.5138549804688,small,10
val,18,7,70,193.77317810058594,small,3
val,18,7,71,193.07391357421875,small,3
val,18,7,72,168.16192626953125,small,4
val,18,7,73,120.42009735107422,small,2
val,18,7,74,192.03530883789062,small,1
val,18,7,75,76.47123718261719,small,2
val,18,7,76,89.96821594238281,small,1
val,18,7,77,101.72850799560547,small,1
val,18,7,78,197.2245635986328,small,3
val,18,7,79,214.88111877441406,small,4
val,18,7,80,174.3924102783203,small,1
val,18,7,81,174.3926544189453,small,2
val,18,7,82,776.4755249023438,small,10
val,18,7,83,193.77784729003906,small,3
val,18,7,84,106.57293701171875,small,2
val,18,7,85,783.04052734375,small,10
val,18,7,86,155.7053985595703,small,1
val,18,7,87,439.1012268066406,small,8
val,18,7,88,110.7304458618164,small,0
val,18,7,89,161.93443298339844,small,3
val,18,7,90,174.388427734375,small,5
val,18,7,91,685.12158203125,small,6
val,18,7,92,1335.97265625,medium,10
val,18,7,93,355.02362060546875,small,2
val,18,7,94,373.7049255371094,small,8
val,18,7,95,93.42682647705078,small,2
val,18,7,96,99.66073608398438,small,4
val,18,7,97,83.73328399658203,small,3
val,18,7,98,68.51580047607422,small,1
val,18,7,99,114.18397521972656,small,4
val,18,7,100,371.97998046875,small,5
val,18,7,101,49.82880783081055,small,5
val,18,7,102,298.9560546875,small,1
val,18,7,103,485.8152160644531,small,10
val,18,7,104,289.2696228027344,small,1
val,18,7,105,48.44219970703125,small,0
val,18,7,106,52.59315490722656,small,1
val,18,7,107,403.4623718261719,small,7
val,18,7,108,55.36077117919922,small,0
val,18,7,109,155.7073211669922,small,5
val,18,7,110,49.823062896728516,small,0
val,18,7,111,58.82357406616211,small,3
val,18,7,112,65.401123046875,small,1
val,18,7,113,47.05516052246094,small,0
val,18,7,114,55.36041259765625,small,0
val,18,7,115,447.05694580078125,small,10
val,18,7,116,190.3070068359375,small,4
val,18,7,117,159.8590087890625,small,2
val,18,7,118,89.96798706054688,small,5
val,18,7,119,34.25790023803711,small,0
val,19,0,0,206.92430114746094,small,3
val,19,0,1,280.279296875,small,5
val,19,0,2,274.0457763671875,small,4
val,19,0,3,269.9041748046875,small,7
val,19,0,4,141.17442321777344,small,3
val,19,0,5,190.3080596923828,small,6
val,19,0,6,116.26615142822266,small,3
val,19,0,7,182.34976196289062,small,3
val,19,0,8,143.94699096679688,small,2
val,19,0,9,168.1638641357422,small,4
val,19,0,10,242.91061401367188,small,4
val,19,0,11,235.98355102539062,small,1
val,19,0,12,270.9314270019531,small,5
val,19,0,13,716.9605102539062,small,10
val,19,0,14,371.2872619628906,small,4
val,19,0,15,784.7847290039062,small,10
val,19,0,16,561.9530029296875,small,8
val,19,0,17,332.87713623046875,small,2
val,19,0,18,734.9459228515625,small,10
val,19,0,19,1041.17431640625,medium,10
val,19,0,20,1288.5670166015625,medium,10
val,19,0,21,2499.671142578125,medium,10
val,19,0,22,1788.922607421875,medium,10
val,19,0,23,176.47186279296875,small,1
val,19,0,24,883.385986328125,small,10
val,19,0,25,870.58837890625,small,10
val,19,0,26,199.302734375,small,2
val,19,0,27,364.3524475097656,small,7
val,19,0,28,473.3617858886719,small,9
val,19,0,29,775.7689819335938,small,10
val,19,0,30,599.9935913085938,small,9
val,19,0,31,225.25851440429688,small,6
val,19,0,32,317.646484375,small,6
val,19,0,33,285.4727783203125,small,5
val,19,0,34,144.6403350830078,small,3
val,19,0,35,11148.7939453125,large,10
val,19,0,36,280.2695617675781,small,6
val,19,0,37,1368.8623046875,medium,10
val,19,0,38,305.8858642578125,small,7
val,19,0,39,416.6048889160156,small,8
val,19,0,40,1899.6759033203125,medium,10
val,19,0,41,1430.433837890625,medium,9
val,19,0,42,1475.4449462890625,medium,10
val,19,0,43,243.5908966064453,small,4
val,19,0,44,203.4560089111328,small,4
val,19,0,45,135.63600158691406,small,3
val,19,0,46,152.9412841796875,small,3
val,19,0,47,193.7721710205078,small,4
val,19,0,48,151.21475219726562,small,3
val,19,0,49,108.9929428100586,small,2
val,19,0,50,121.80147552490234,small,2
val,19,0,51,177.16871643066406,small,4
val,19,0,52,120.41801452636719,small,4
val,19,0,53,74.74337005615234,small,2
val,19,0,54,66.43941497802734,small,2
val,19,0,55,65.74459838867188,small,2
val,19,0,56,58.82252502441406,small,1
val,19,0,57,58.13567352294922,small,3
val,19,0,58,57.092796325683594,small,2
val,19,0,59,53.98067855834961,small,4
val,19,0,60,71.97364044189453,small,2
val,19,0,61,53.97974395751953,small,2
val,19,0,62,60.89829635620117,small,1
val,19,0,63,56.05769348144531,small,1
val,19,0,64,85.47015380859375,small,5
val,19,0,65,64.70379638671875,small,4
val,19,0,66,110.7304458618164,small,1
val,19,0,67,72.31796264648438,small,1
val,19,0,68,662.2698974609375,small,10
val,19,0,69,223.5333251953125,small,2
val,19,0,70,103.80664825439453,small,0
val,19,0,71,38.06205749511719,small,1
val,19,0,72,111.42218017578125,small,2
val,19,0,73,49.82984924316406,small,0
val,19,0,74,110.7258529663086,small,0
val,19,0,75,210.7312469482422,small,4
val,19,0,76,78.89700317382812,small,2
val,19,0,77,712.0982666015625,small,10
val,19,0,78,103.80754852294922,small,1
val,19,0,79,605.1986694335938,small,10
val,19,0,80,102.76476287841797,small,2
val,19,0,81,90.31558990478516,small,0
val,19,0,82,83.04582214355469,small,2
val,19,0,83,80.97374725341797,small,0
val,19,0,84,129.40676879882812,small,2
val,19,0,85,99.99908447265625,small,2
val,19,0,86,98.6191635131836,small,0
val,19,0,87,99.65582275390625,small,1
val,19,0,88,193.7711639404297,small,3
val,19,0,89,705.8875732421875,small,10
val,19,0,90,541.865966796875,small,7
val,19,0,91,160.55685424804688,small,5
val,19,0,92,448.45184326171875,small,9
val,19,0,93,685.1121826171875,small,10
val,19,0,94,565.4019165039062,small,10
val,19,0,95,1464.3621826171875,medium,10
val,19,0,96,513.8369140625,small,8
val,19,0,97,215.9129638671875,small,2
val,19,0,98,305.18646240234375,small,4
val,19,0,99,249.82925415039062,small,5
val,19,0,100,236.6724090576172,small,1
val,19,0,101,228.37657165527344,small,0
val,19,0,102,356.0513610839844,small,5
val,19,0,103,217.98692321777344,small,3
val,19,0,104,276.81829833984375,small,1
val,19,0,105,249.13262939453125,small,3
val,19,0,106,41.17512893676758,small,0
val,19,0,107,69.20437622070312,small,2
val,19,0,108,58.12770462036133,small,0
val,19,0,109,63.66361618041992,small,0
val,19,0,110,49.823421478271484,small,1
val,19,0,111,41.175106048583984,small,0
val,19,0,112,41.17512893676758,small,0
val,19,0,113,29.40766716003418,small,0
val,19,0,114,35.98274612426758,small,2
val,19,0,115,25.948408126831055,small,0
val,19,0,116,17.99138069152832,small,0
val,19,0,117,112.4599838256836,small,4
val,19,0,118,836.682373046875,small,10
val,19,0,119,16.607807159423828,small,0
val,19,0,120,24.912771224975586,small,3
val,19,0,121,27.678037643432617,small,0
val,19,0,122,45.676937103271484,small,5
val,19,0,123,99.66085052490234,small,4
val,19,0,124,107.96437072753906,small,2
val,19,0,125,182.70249938964844,small,6
val,19,0,126,91.35387420654297,small,2
val,19,0,127,235.98394775390625,small,5
val,19,0,128,1179.2379150390625,medium,10
val,19,0,129,89.96688842773438,small,2
val,19,0,130,96.885498046875,small,1
val,19,0,131,145.32894897460938,small,4
val,19,0,132,76.4712905883789,small,2
val,19,0,133,101.72926330566406,small,2
val,19,0,134,114.18431854248047,small,3
val,19,0,135,93.43201446533203,small,0
val,19,0,136,125.95317077636719,small,2
val,19,0,137,57.09225845336914,small,1
val,19,0,138,240.82666015625,small,5
val,19,0,139,532.8630981445312,small,10
val,19,0,140,471.9678955078125,small,10
val,19,0,141,210.7211151123047,small,5
val,19,0,142,257.4396667480469,small,4
val,19,0,143,422.49627685546875,small,7
val,19,0,144,246.71705627441406,small,3
val,19,0,145,130.79319763183594,small,3
val,19,0,146,143.25201416015625,small,3
val,19,0,147,181.66014099121094,small,5
val,19,0,148,138.41018676757812,small,2
val,19,0,149,71.62972259521484,small,1
val,19,0,150,52.59315490722656,small,0
val,19,0,151,65.74604797363281,small,2
val,19,0,152,43.596866607666016,small,0
val,19,0,153,41.17512893676758,small,0
val,19,0,154,35.98323059082031,small,2
val,19,0,155,92.04228973388672,small,3
val,19,0,156,135.29251098632812,small,3
val,19,0,157,329.4046936035156,small,7
val,19,0,158,164.7023468017578,small,3
val,19,1,0,4507.2724609375,medium,10
val,19,1,1,10834.62890625,large,10
val,19,1,2,632.1942749023438,small,10
val,19,1,3,654.3257446289062,small,10
val,19,1,4,354.6640930175781,small,6
val,19,1,5,607.2603759765625,small,10
val,19,1,6,532.8630981445312,small,10
val,19,1,7,373.7076110839844,small,4
val,19,1,8,373.7076110839844,small,9
val,19,1,9,373.7076110839844,small,5
val,19,1,10,373.70654296875,small,4
val,19,1,11,351.22491455078125,small,5
val,19,1,12,363.32757568359375,small,4
val,19,1,13,361.2555236816406,small,7
val,19,1,14,373.70654296875,small,7
val,19,1,15,363.32757568359375,small,5
val,19,1,16,351.223876953125,small,5
val,19,1,17,351.222412109375,small,5
val,19,1,18,361.25445556640625,small,4
val,19,1,19,373.7076110839844,small,8
val,19,1,20,363.32757568359375,small,6
val,19,1,21,351.222412109375,small,6
val,19,1,22,363.32757568359375,small,7
val,19,1,23,363.32757568359375,small,7
val,19,1,24,351.2213439941406,small,6
val,19,1,25,363.32757568359375,small,5
val,19,1,26,351.2213439941406,small,4
val,19,1,27,361.25445556640625,small,6
val,19,1,28,361.2570495605469,small,7
val,19,1,29,373.7076110839844,small,7
val,19,1,30,296.8897399902344,small,4
val,19,1,31,296.8897399902344,small,5
val,19,1,32,305.88494873046875,small,5
val,19,1,33,296.88739013671875,small,3
val,19,1,34,447.0502014160156,small,9
val,19,1,35,447.0502014160156,small,7
val,19,1,36,361.2570495605469,small,8
val,19,1,37,422.8466491699219,small,8
val,19,1,38,413.8514709472656,small,4
val,19,1,39,413.8514709472656,small,7
val,19,1,40,413.8481750488281,small,8
val,19,1,41,305.8851623535156,small,6
val,19,1,42,305.88494873046875,small,3
val,19,1,43,484.4219055175781,small,10
val,19,1,44,363.3140563964844,small,8
val,19,1,45,342.2171325683594,small,8
val,19,1,46,2770.959228515625,medium,10
val,19,1,47,3269.90185546875,medium,10
val,19,1,48,1894.8143310546875,medium,10
val,19,1,49,761.2479248046875,small,10
val,19,1,50,784.7621459960938,small,10
val,19,1,51,1550.1802978515625,medium,10
val,19,1,52,770.23193359375,small,10
val,19,1,53,1337.023681640625,medium,9
val,19,1,54,709.3505859375,small,10
val,19,1,55,5871.25830078125,medium,10
val,19,1,56,2979.224365234375,medium,9
val,19,1,57,3404.848388671875,medium,10
val,19,1,58,2698.954345703125,medium,10
val,19,1,59,710.0469970703125,small,10
val,19,1,60,593.75830078125,small,10
val,19,1,61,392.3818054199219,small,3
val,19,1,62,1074.3973388671875,medium,10
val,19,1,63,135.6370086669922,small,0
val,19,1,64,409.68804931640625,small,10
val,19,1,65,901.0425415039062,small,8
val,19,1,66,759.8663330078125,small,6
val,19,1,67,1135.990234375,medium,8
val,19,1,68,1886.1470947265625,medium,10
val,19,1,69,1123.880126953125,medium,10
val,19,1,70,342.55316162109375,small,5
val,19,1,71,292.727783203125,small,5
val,19,1,72,406.9175720214844,small,6
val,19,1,73,259.5044250488281,small,4
val,19,1,74,327.32537841796875,small,7
val,19,1,75,334.9363098144531,small,4
val,19,1,76,292.7281188964844,small,3
val,19,1,77,302.4314270019531,small,6
val,19,1,78,232.53163146972656,small,3
val,19,1,79,223.5285186767578,small,3
val,19,1,80,315.57830810546875,small,1
val,19,1,81,143.9462432861328,small,4
val,19,1,82,243.93531799316406,small,3
val,19,1,83,124.56734466552734,small,0
val,19,1,84,269.8983459472656,small,5
val,19,1,85,179.93284606933594,small,3
val,19,1,86,203.4560089111328,small,4
val,19,1,87,179.93191528320312,small,3
val,19,1,88,159.16835021972656,small,2
val,19,1,89,240.82666015625,small,5
val,19,1,90,164.36532592773438,small,5
val,19,1,91,158.82293701171875,small,3
val,19,1,92,200.6909637451172,small,3
val,19,1,93,239.78851318359375,small,5
val,19,1,94,193.07614135742188,small,4
val,19,1,95,129.75454711914062,small,5
val,19,1,96,160.55526733398438,small,2
val,19,1,97,2694.80908203125,medium,10
val,19,1,98,1593.7733154296875,medium,10
val,19,1,99,2055.349853515625,medium,10
val,19,1,100,684.4373168945312,small,10
val,19,1,101,409.6819763183594,small,8
val,19,1,102,341.8666687011719,small,8
val,19,1,103,332.1812744140625,small,4
val,19,1,104,339.0940246582031,small,5
val,19,1,105,276.8135681152344,small,5
val,19,1,106,345.6748046875,small,5
val,19,1,107,298.9563903808594,small,5
val,19,1,108,280.97265625,small,7
val,19,1,109,278.8923034667969,small,4
val,19,1,110,529.4027099609375,small,10
val,19,1,111,317.6461181640625,small,5
val,19,2,0,10.381266593933105,small,1
val,19,2,1,10.381266593933105,small,1
val,19,2,2,8.649469375610352,small,0
val,19,2,3,6.919840335845947,small,1
val,19,2,4,8.649469375610352,small,1
val,19,2,5,14.532289505004883,small,1
val,19,2,6,19.37538719177246,small,2
val,19,2,7,14.533137321472168,small,1
val,19,2,8,8.649469375610352,small,0
val,19,2,9,26.989765167236328,small,0
val,19,2,10,45.67259979248047,small,4
val,19,2,11,49.4817008972168,small,4
val,19,2,12,251.89944458007812,small,5
val,19,2,13,287.8847351074219,small,7
val,19,2,14,539.7918090820312,small,10
val,19,2,15,1322.4954833984375,medium,10
val,19,2,16,1446.3599853515625,medium,10
val,19,2,17,1511.4259033203125,medium,10
val,19,2,18,920.4190063476562,small,9
val,19,2,19,1675.08251953125,medium,10
val,19,2,20,1305.8828125,medium,10
val,19,2,21,2412.471435546875,medium,10
val,19,2,22,1391.0087890625,medium,10
val,19,2,23,1248.4490966796875,medium,10
val,19,2,24,1010.3804931640625,small,10
val,19,2,25,1217.9921875,medium,10
val,19,2,26,981.9968872070312,small,10
val,19,2,27,812.7944946289062,small,10
val,19,2,28,752.5855102539062,small,8
val,19,2,29,746.0200805664062,small,7
val,19,2,30,841.5146484375,small,10
val,19,2,31,642.2085571289062,small,10
val,19,2,32,481.6533203125,small,10
val,19,2,33,224.9198455810547,small,3
val,19,2,34,262.63018798828125,small,4
val,19,2,35,174.3942108154297,small,4
val,19,2,36,181.65725708007812,small,2
val,19,2,37,170.93963623046875,small,3
val,19,2,38,39.44907760620117,small,0
val,19,2,39,191.00901794433594,small,3
val,19,2,40,166.0913543701172,small,4
val,19,2,41,138.41018676757812,small,2
val,19,2,42,159.85861206054688,small,3
val,19,2,43,174.3892822265625,small,4
val,19,2,44,197.9268035888672,small,3
val,19,2,45,105.88043212890625,small,2
val,19,2,46,193.7770538330078,small,2
val,19,2,47,179.92735290527344,small,4
val,19,2,48,204.84471130371094,small,3
val,19,2,49,66.43675994873047,small,1
val,19,2,50,57.09103775024414,small,3
val,19,2,51,169.55172729492188,small,3
val,19,2,52,1814.540771484375,medium,10
val,19,2,53,123.52647399902344,small,4
val,19,2,54,111.76667022705078,small,2
val,19,2,55,103.80779266357422,small,2
val,19,2,56,31.486783981323242,small,2
val,19,2,57,44.293758392333984,small,1
val,19,2,58,51.901798248291016,small,2
val,19,2,59,35.98857116699219,small,3
val,19,2,60,117.64688110351562,small,2
val,19,2,61,55.36349868774414,small,3
val,19,2,62,83.73486328125,small,2
val,19,2,63,147.05386352539062,small,3
val,19,2,64,46.716007232666016,small,2
val,19,2,65,44.28758239746094,small,1
val,19,2,66,152.9420928955078,small,3
val,19,2,67,88.236083984375,small,2
val,19,2,68,440.83526611328125,small,7
val,19,2,69,358.472412109375,small,3
val,19,2,70,328.72589111328125,small,10
val,19,2,71,228.3649444580078,small,4
val,19,2,72,342.2171325683594,small,7
val,19,2,73,133.2162628173828,small,2
val,19,2,74,53.286468505859375,small,0
val,19,2,75,72.6649169921875,small,2
val,19,2,76,74.74552917480469,small,0
val,19,2,77,59.17377471923828,small,2
val,19,2,78,80.96890258789062,small,3
val,19,2,79,103.81261444091797,small,4
val,19,2,80,79.58458709716797,small,0
val,19,2,81,9.687603950500488,small,0
val,19,2,82,6.228708744049072,small,0
val,19,2,83,2.768961191177368,small,0
val,19,2,84,5.190709590911865,small,0
val,19,2,85,9.343460083007812,small,0
val,19,2,86,13.495169639587402,small,0
val,19,2,87,13.840228080749512,small,0
val,19,2,88,24.221458435058594,small,3
val,19,2,89,48.442325592041016,small,0
val,19,2,90,60.89521026611328,small,0
val,19,2,91,177.51095581054688,small,4
val,19,2,92,95.15452575683594,small,2
val,19,2,93,45.676937103271484,small,0
val,19,2,94,53.286468505859375,small,0
val,19,2,95,38.057926177978516,small,0
val,19,2,96,36.328216552734375,small,0
val,19,2,97,45.676937103271484,small,0
val,19,2,98,2172.313232421875,medium,10
val,19,3,0,467.82818603515625,small,10
val,19,3,1,564.6995849609375,small,10
val,19,3,2,256.05609130859375,small,3
val,19,3,3,477.51531982421875,small,4
val,19,3,4,922.144287109375,small,10
val,19,3,5,1024.227294921875,medium,10
val,19,3,6,2375.099853515625,medium,10
val,19,3,7,2078.22119140625,medium,10
val,19,3,8,639.4569702148438,small,10
val,19,3,9,485.8058776855469,small,10
val,19,3,10,890.6455688476562,small,10
val,19,3,11,1508.984130859375,medium,10
val,19,3,12,929.3982543945312,small,10
val,19,3,13,1339.7862548828125,medium,10
val,19,3,14,811.428955078125,small,10
val,19,3,15,564.6994018554688,small,10
val,19,3,16,290.6577453613281,small,8
val,19,3,17,2564.0234375,medium,10
val,19,3,18,2852.9296875,medium,10
val,19,3,19,3334.27587890625,medium,10
val,19,3,20,878.20361328125,small,10
val,19,3,21,634.2542114257812,small,10
val,19,3,22,80.97374725341797,small,0
val,19,3,23,80.97374725341797,small,0
val,19,3,24,62.974395751953125,small,0
val,19,3,25,41.51774215698242,small,0
val,19,3,26,77.50384521484375,small,0
val,19,3,27,58.13104248046875,small,0
val,19,3,28,77.85990905761719,small,0
val,19,3,29,351.2025451660156,small,8
val,19,3,30,80.96906280517578,small,4
val,19,3,31,66.43941497802734,small,4
val,19,3,32,155.7031707763672,small,3
val,19,3,33,74.74606323242188,small,0
val,19,3,34,302.7671813964844,small,6
val,19,3,35,305.8831787109375,small,6
val,19,3,36,148.4407958984375,small,4
val,19,3,37,298.956298828125,small,7
val,19,3,38,650.525146484375,small,10
val,19,3,39,566.7705688476562,small,10
val,19,3,40,210.38612365722656,small,4
val,19,3,41,182.6963348388672,small,2
val,19,3,42,112.1163558959961,small,4
val,19,3,43,130.79391479492188,small,3
val,19,3,44,124.564697265625,small,2
val,19,3,45,191.00054931640625,small,4
val,19,3,46,64.70339965820312,small,3
val,19,3,47,224.9193878173828,small,4
val,19,3,48,49.82956314086914,small,4
val,19,3,49,31.48655128479004,small,0
val,19,3,50,117.64693450927734,small,5
val,19,3,51,88.236083984375,small,1
val,19,3,52,62.28041076660156,small,3
val,19,3,53,26.641864776611328,small,2
val,19,3,54,22.14501190185547,small,3
val,19,3,55,8.305331230163574,small,0
val,19,3,56,35.29344940185547,small,0
val,19,4,0,457.7846984863281,small,10
val,19,4,1,503.80126953125,small,10
val,19,4,2,440.8361511230469,small,8
val,19,4,3,406.5666198730469,small,7
val,19,4,4,458.83441162109375,small,8
val,19,4,5,365.3866271972656,small,6
val,19,4,6,334.2532653808594,small,8
val,19,4,7,374.0538635253906,small,6
val,19,4,8,304.4981689453125,small,9
val,19,4,9,421.80499267578125,small,6
val,19,4,10,415.22088623046875,small,6
val,19,4,11,35.29569625854492,small,0
val,19,4,12,27.680313110351562,small,3
val,19,4,13,33.21970748901367,small,0
val,19,4,14,13.839635848999023,small,1
val,19,4,15,517.306396484375,small,7
val,19,4,16,72.66397094726562,small,3
val,19,4,17,26.642839431762695,small,0
val,19,4,18,334.9361877441406,small,9
val,19,4,19,542.5497436523438,small,10
val,19,4,20,297.9211730957031,small,8
val,19,4,21,269.8960266113281,small,4
val,19,4,22,458.4851989746094,small,8
val,19,4,23,31.144060134887695,small,1
val,19,4,24,27.679954528808594,small,3
val,19,4,25,26.64296531677246,small,1
val,19,4,26,18.68659782409668,small,2
val,19,4,27,22.145227432250977,small,2
val,19,4,28,423.8638916015625,small,7
val,19,4,29,315.57830810546875,small,8
val,19,4,30,397.92669677734375,small,10
val,19,4,31,83.04769134521484,small,1
val,19,4,32,24.915607452392578,small,3
val,19,4,33,12.108705520629883,small,1
val,19,4,34,41.86723327636719,small,6
val,19,4,35,22.144939422607422,small,0
val,19,4,36,418.6707763671875,small,6
val,19,4,37,246.71649169921875,small,4
val,19,4,38,274.0417175292969,small,7
val,19,4,39,395.8363952636719,small,10
val,19,4,40,350.16448974609375,small,5
val,19,4,41,262.97607421875,small,3
val,19,4,42,24.221647262573242,small,2
val,19,4,43,14.532320976257324,small,0
val,19,4,44,24.221288681030273,small,2
val,19,4,45,62.283775329589844,small,2
val,19,4,46,34.258060455322266,small,2
val,19,4,47,68.50904846191406,small,3
val,19,4,48,34.258060455322266,small,1
val,19,4,49,66.43252563476562,small,0
val,19,4,50,31.143144607543945,small,3
val,19,4,51,363.31463623046875,small,6
val,19,5,0,5379.92138671875,medium,10
val,19,5,1,7162.6318359375,medium,10
val,19,5,2,2586.169189453125,medium,10
val,19,5,3,3662.960205078125,medium,10
val,19,5,4,928.7269897460938,small,10
val,19,5,5,627.3345947265625,small,5
val,19,5,6,2728.040771484375,medium,10
val,19,5,7,2435.291015625,medium,10
val,19,5,8,2231.159423828125,medium,10
val,19,5,9,1834.251220703125,medium,10
val,19,5,10,383.04718017578125,small,8
val,19,5,11,319.72039794921875,small,0
val,19,5,12,141.1825714111328,small,4
val,19,5,13,525.59716796875,small,7
val,19,5,14,536.325439453125,small,4
val,19,5,15,563.3201904296875,small,8
val,19,5,16,4950.88232421875,medium,10
val,19,5,17,539.0985717773438,small,8
val,19,5,18,1889.2685546875,medium,10
val,19,5,19,539.0985717773438,small,10
val,19,5,20,269.8981628417969,small,1
val,19,5,21,210.7211151123047,small,2
val,19,5,22,1040.836181640625,medium,10
val,19,5,23,1503.447265625,medium,10
val,19,5,24,1275.0863037109375,medium,10
val,19,5,25,939.0960083007812,small,10
val,19,5,26,733.5767211914062,small,10
val,19,5,27,634.2550659179688,small,9
val,19,5,28,578.5435791015625,small,8
val,19,5,29,476.12982177734375,small,9
val,19,5,30,634.2548828125,small,9
val,19,5,31,116.95768737792969,small,5
val,19,5,32,310.03033447265625,small,5
val,19,5,33,294.1092529296875,small,4
val,19,5,34,1738.7581787109375,medium,10
val,19,5,35,1939.4434814453125,medium,10
val,19,5,36,1705.203125,medium,10
val,19,5,37,1096.1837158203125,medium,10
val,19,5,38,1276.8248291015625,medium,10
val,19,5,39,215.9168243408203,small,3
val,19,5,40,155.70553588867188,small,0
val,19,5,41,755.7044677734375,small,10
val,19,5,42,617.6520385742188,small,8
val,19,5,43,1363.9984130859375,medium,10
val,19,6,0,6516.94580078125,medium,10
val,19,6,1,3919.7294921875,medium,10
val,19,6,2,1705.88232421875,medium,10
val,19,6,3,4453.31103515625,medium,10
val,19,6,4,1270.59130859375,medium,10
val,19,6,5,1172.3197021484375,medium,10
val,19,6,6,1249.8297119140625,medium,10
val,19,6,7,661.2330932617188,small,10
val,19,6,8,597.9253540039062,small,10
val,19,6,9,697.2328491210938,small,10
val,19,6,10,1268.516357421875,medium,10
val,19,6,11,717.6411743164062,small,10
val,19,6,12,591.7041015625,small,10
val,19,6,13,7063.33642578125,medium,10
val,19,6,14,1705.2021484375,medium,10
val,19,6,15,674.7406616210938,small,10
val,19,6,16,993.0846557617188,small,10
val,19,6,17,620.0610961914062,small,10
val,19,6,18,675.4332885742188,small,10
val,19,6,19,934.25732421875,small,4
val,19,6,20,985.4649658203125,small,10
val,19,6,21,513.8329467773438,small,9
val,19,6,22,557.10595703125,small,9
val,19,6,23,4040.144775390625,medium,10
val,19,6,24,6307.3037109375,medium,10
val,19,6,25,8885.830078125,medium,10
val,19,6,26,13995.845703125,large,10
val,19,6,27,420.4110412597656,small,10
val,19,6,28,404.843017578125,small,7
val,19,6,29,286.50567626953125,small,4
val,19,6,30,332.8738708496094,small,7
val,19,6,31,1020.0722045898438,small,10
val,19,6,32,465.04718017578125,small,8
val,19,6,33,458.4851989746094,small,5
val,19,6,34,560.5565795898438,small,10
val,19,6,35,373.7044677734375,small,2
val,19,6,36,298.9558410644531,small,0
val,19,6,37,295.85107421875,small,6
val,19,6,38,477.51922607421875,small,10
val,19,6,39,461.5919494628906,small,10
val,19,6,40,159.86732482910156,small,0
val,19,6,41,192.04364013671875,small,0
val,19,6,42,199.30145263671875,small,1
val,19,6,43,229.40672302246094,small,3
val,19,6,44,223.52545166015625,small,2
val,19,6,45,429.06768798828125,small,9
val,19,6,46,482.6958923339844,small,7
val,19,6,47,276.8144836425781,small,3
val,19,6,48,259.5198669433594,small,3
val,19,6,49,102.76583099365234,small,3
val,19,6,50,95.50574493408203,small,3
val,19,6,51,86.5055160522461,small,2
val,19,6,52,174.4040069580078,small,3
val,19,6,53,350.16448974609375,small,4
val,19,6,54,186.8468017578125,small,0
val,19,6,55,398.62042236328125,small,10
val,19,6,56,252.940673828125,small,3
val,19,6,57,311.7645263671875,small,2
val,19,6,58,130.4507598876953,small,4
val,19,6,59,89.9650650024414,small,1
val,19,6,60,143.94740295410156,small,4
val,19,6,61,421.4478759765625,small,6
val,19,6,62,640.124755859375,small,10
val,19,6,63,799.3157958984375,small,10
val,19,6,64,453.6394958496094,small,2
val,19,6,65,121.79554748535156,small,0
val,19,6,66,110.37589263916016,small,2
val,19,6,67,135.63751220703125,small,3
val,19,6,68,87.53964233398438,small,1
val,19,6,69,117.64801025390625,small,1
val,19,6,70,214.5334930419922,small,5
val,19,6,71,134.95208740234375,small,3
val,19,6,72,548.0933227539062,small,10
val,19,6,73,1040.8370361328125,medium,10
val,19,6,74,411.41363525390625,small,7
val,19,6,75,276.12249755859375,small,0
val,19,6,76,311.4252624511719,small,7
val,19,6,77,111.76655578613281,small,1
val,19,6,78,159.85690307617188,small,3
val,19,6,79,176.46322631835938,small,2
val,19,6,80,140.82766723632812,small,0
val,19,6,81,2467.1416015625,medium,10
val,19,7,0,2179.233642578125,medium,10
val,19,7,1,1993.7603759765625,medium,10
val,19,7,2,586.8552856445312,small,10
val,19,7,3,532.87841796875,small,10
val,19,7,4,399.9961853027344,small,5
val,19,7,5,399.66290283203125,small,5
val,19,7,6,421.8031005859375,small,7
val,19,7,7,112.1163558959961,small,4
val,19,7,8,106.57132720947266,small,4
val,19,7,9,132.8788299560547,small,2
val,19,7,10,125.95317077636719,small,4
val,19,7,11,116.95774841308594,small,2
val,19,7,12,188.23486328125,small,3
val,19,7,13,199.31365966796875,small,3
val,19,7,14,194.1168212890625,small,4
val,19,7,15,87.2020034790039,small,1
val,19,7,16,38.75299835205078,small,1
val,19,7,17,41.1751594543457,small,0
val,19,7,18,38.75335693359375,small,0
val,19,7,19,106.57293701171875,small,3
val,19,7,20,135.6380157470703,small,1
val,19,7,21,160.55555725097656,small,0
val,19,7,22,179.93226623535156,small,3
val,19,7,23,35.98323059082031,small,2
val,19,7,24,121.79544830322266,small,3
val,19,7,25,83.04769134521484,small,1
val,19,7,26,397.9173278808594,small,5
val,19,7,27,355.0151062011719,small,4
val,19,7,28,390.3127136230469,small,5
val,19,7,29,374.052490234375,small,4
val,19,7,30,152.94293212890625,small,2
val,19,7,31,296.89129638671875,small,5
val,19,7,32,152.94293212890625,small,6
val,19,7,33,482.6957092285156,small,9
val,19,7,34,368.1606140136719,small,6
val,19,7,35,210.73150634765625,small,4
val,19,7,36,107.26620483398438,small,0
val,19,7,37,116.2683334350586,small,4
val,19,7,38,486.5018310546875,small,10
