image,gt,fixed_count,adaptive_count,delta_count,fixed_weight,adaptive_weight,delta_weight
images/train/0000080_00002_d_0000001.jpg,0,10,13,3,4.4967041015625,5.002974987030029,0.5062708854675293
images/train/0000080_00002_d_0000001.jpg,1,7,12,5,4.209084510803223,4.395023345947266,0.18593883514404297
images/train/0000080_00002_d_0000001.jpg,2,7,13,6,4.734305381774902,4.8739471435546875,0.13964176177978516
images/train/0000080_00002_d_0000001.jpg,3,6,13,7,3.3956127166748047,3.9799296855926514,0.5843169689178467
images/train/0000080_00002_d_0000001.jpg,4,10,13,3,4.524308204650879,4.579657554626465,0.05534934997558594
images/train/0000080_00002_d_0000001.jpg,5,8,13,5,4.788567543029785,5.082294940948486,0.29372739791870117
images/train/0000080_00002_d_0000001.jpg,6,9,13,4,2.6773598194122314,3.0558767318725586,0.37851691246032715
images/train/0000080_00002_d_0000001.jpg,7,10,13,3,5.639531135559082,5.79770565032959,0.1581745147705078
images/train/0000080_00002_d_0000001.jpg,8,7,13,6,4.297839164733887,4.928229331970215,0.6303901672363281
images/train/0000080_00002_d_0000001.jpg,9,5,13,8,1.3513764142990112,1.7388226985931396,0.3874462842941284
images/train/0000080_00002_d_0000001.jpg,10,7,13,6,3.520489454269409,3.680664300918579,0.16017484664916992
images/train/0000080_00002_d_0000001.jpg,11,10,13,3,5.059364318847656,5.328293800354004,0.26892948150634766
images/train/0000080_00002_d_0000001.jpg,12,7,12,5,4.618842601776123,4.759340763092041,0.14049816131591797
images/train/0000080_00002_d_0000001.jpg,13,9,12,3,3.6098361015319824,3.9392101764678955,0.3293740749359131
images/train/0000080_00002_d_0000001.jpg,14,8,13,5,2.6767892837524414,3.2391467094421387,0.5623574256896973
images/train/0000080_00002_d_0000001.jpg,15,4,6,2,1.4121119976043701,1.4139612913131714,0.0018492937088012695
images/train/0000080_00002_d_0000001.jpg,16,10,13,3,3.1851155757904053,3.226292610168457,0.04117703437805176
images/train/0000080_00002_d_0000001.jpg,17,7,13,6,2.1826062202453613,2.3460779190063477,0.16347169876098633
images/train/0000080_00002_d_0000001.jpg,18,8,12,4,3.6781299114227295,4.19727897644043,0.5191490650177002
images/train/0000080_00002_d_0000001.jpg,19,10,13,3,3.9454169273376465,4.505710124969482,0.5602931976318359
images/train/0000080_00002_d_0000001.jpg,20,10,13,3,5.487054347991943,5.605003833770752,0.1179494857788086
images/train/0000080_00002_d_0000001.jpg,21,10,13,3,3.993788480758667,4.389490604400635,0.3957021236419678
images/train/0000080_00002_d_0000001.jpg,22,10,13,3,5.92731237411499,6.183030128479004,0.25571775436401367
images/train/0000080_00002_d_0000001.jpg,23,10,13,3,6.095441818237305,6.936853408813477,0.8414115905761719
images/train/0000080_00002_d_0000001.jpg,24,6,13,7,4.608652114868164,5.4322309494018555,0.8235788345336914
images/train/0000080_00002_d_0000001.jpg,25,8,13,5,3.400499105453491,3.897940158843994,0.49744105339050293
images/train/0000080_00002_d_0000001.jpg,26,5,11,6,3.7302393913269043,3.87542724609375,0.1451878547668457
images/train/0000080_00002_d_0000001.jpg,27,6,12,6,2.813169240951538,3.0007669925689697,0.18759775161743164
images/train/0000080_00002_d_0000001.jpg,28,7,13,6,3.190445899963379,3.353445291519165,0.16299939155578613
images/train/0000084_01436_d_0000004.jpg,3,10,13,3,4.7216477394104,5.0550031661987305,0.3333554267883301
images/train/0000084_01436_d_0000004.jpg,11,10,12,2,3.7342097759246826,4.070860862731934,0.336651086807251
images/train/0000084_01436_d_0000004.jpg,14,10,13,3,3.7463538646698,4.697474956512451,0.9511210918426514
images/train/0000084_01436_d_0000004.jpg,16,10,13,3,7.23032283782959,7.508782386779785,0.2784595489501953
images/train/0000084_01436_d_0000004.jpg,17,9,13,4,3.4316272735595703,3.5953407287597656,0.1637134552001953
images/train/0000084_01436_d_0000004.jpg,18,7,13,6,3.867687225341797,3.9986579418182373,0.13097071647644043
images/train/0000084_01436_d_0000004.jpg,19,5,13,8,0.9807403683662415,1.0455117225646973,0.06477135419845581
images/train/0000084_01436_d_0000004.jpg,20,10,13,3,6.955158233642578,7.184321403503418,0.22916316986083984
images/train/0000084_01436_d_0000004.jpg,21,6,13,7,2.5150585174560547,2.679011106491089,0.16395258903503418
images/train/0000084_01436_d_0000004.jpg,22,7,13,6,3.0247974395751953,3.408456325531006,0.38365888595581055
images/train/0000084_01436_d_0000004.jpg,23,0,3,3,0.0,0.3849366307258606,0.3849366307258606
images/train/0000084_01436_d_0000004.jpg,24,10,13,3,4.455249786376953,4.754945755004883,0.2996959686279297
images/train/0000084_01436_d_0000004.jpg,25,10,13,3,5.9683966636657715,6.549484729766846,0.5810880661010742
images/train/0000084_01436_d_0000004.jpg,26,3,6,3,1.1982579231262207,1.5077528953552246,0.3094949722290039
images/train/0000084_01436_d_0000004.jpg,27,10,12,2,4.550474166870117,4.651158332824707,0.10068416595458984
images/train/0000084_01436_d_0000004.jpg,28,4,5,1,0.8305962681770325,0.9628777503967285,0.13228148221969604
images/train/0000084_01436_d_0000004.jpg,29,7,11,4,2.6160852909088135,2.6270363330841064,0.010951042175292969
images/train/0000084_01436_d_0000004.jpg,30,4,6,2,0.9482946395874023,0.9513809084892273,0.003086268901824951
images/train/0000084_01436_d_0000004.jpg,31,5,13,8,1.0506178140640259,1.1345583200454712,0.08394050598144531
images/train/0000084_01436_d_0000004.jpg,32,5,10,5,2.1336865425109863,2.163933753967285,0.030247211456298828
images/train/0000084_01436_d_0000004.jpg,33,3,8,5,0.9280877709388733,0.9579974412918091,0.02990967035293579
images/train/0000084_01436_d_0000004.jpg,34,3,7,4,1.6622591018676758,1.8512762784957886,0.1890171766281128
images/train/0000084_01436_d_0000004.jpg,35,3,6,3,1.3426084518432617,1.3580642938613892,0.015455842018127441
images/train/0000084_01436_d_0000004.jpg,36,4,11,7,1.2154061794281006,1.4316329956054688,0.21622681617736816
images/train/0000084_01436_d_0000004.jpg,37,1,2,1,0.15932966768741608,0.16216504573822021,0.002835378050804138
images/train/0000084_01436_d_0000004.jpg,38,6,10,4,0.9485202431678772,1.0905250310897827,0.14200478792190552
images/train/0000084_01436_d_0000004.jpg,39,0,1,1,0.0,0.0,0.0
images/train/0000084_01436_d_0000004.jpg,40,2,2,0,0.44084426760673523,0.44084426760673523,0.0
images/train/0000084_01436_d_0000004.jpg,41,3,7,4,0.8777738213539124,0.9340100288391113,0.056236207485198975
images/train/0000084_01436_d_0000004.jpg,42,6,10,4,1.696078896522522,1.6968722343444824,0.0007933378219604492
images/train/0000084_01436_d_0000004.jpg,43,4,7,3,1.0829622745513916,1.083959698677063,0.0009974241256713867
images/train/0000084_01436_d_0000004.jpg,44,5,7,2,1.2316341400146484,1.231828212738037,0.00019407272338867188
images/train/0000084_01436_d_0000004.jpg,45,1,3,2,0.4896416664123535,0.6222534775733948,0.13261181116104126
images/train/0000084_01436_d_0000004.jpg,46,6,8,2,1.3412902355194092,1.3412971496582031,6.9141387939453125e-06
images/train/0000084_01436_d_0000004.jpg,48,10,13,3,4.94997501373291,5.478207111358643,0.5282320976257324
images/train/0000084_01436_d_0000004.jpg,49,8,8,0,2.102172613143921,2.276329517364502,0.17415690422058105
images/train/0000084_01436_d_0000004.jpg,50,4,11,7,1.300974726676941,2.1367454528808594,0.8357707262039185
images/train/0000112_01120_d_0000074.jpg,2,3,6,3,0.7634421586990356,1.3488869667053223,0.5854448080062866
images/train/0000112_01120_d_0000074.jpg,3,4,10,6,1.8651365041732788,3.4415953159332275,1.5764588117599487
images/train/0000112_01120_d_0000074.jpg,4,2,6,4,0.776180624961853,1.8509637117385864,1.0747830867767334
images/train/0000112_01120_d_0000074.jpg,5,1,4,3,0.6592497825622559,0.6809709668159485,0.021721184253692627
images/train/0000112_01120_d_0000074.jpg,6,1,5,4,4.368597308282706e-24,0.7098090648651123,0.7098090648651123
images/train/0000112_01120_d_0000074.jpg,7,3,5,2,0.6788186430931091,0.679643988609314,0.000825345516204834
images/train/0000112_01120_d_0000074.jpg,8,4,6,2,0.7741853594779968,0.7741930484771729,7.68899917602539e-06
images/train/0000112_01120_d_0000074.jpg,9,10,13,3,3.31249737739563,3.777099847793579,0.4646024703979492
images/train/0000112_01120_d_0000074.jpg,10,8,12,4,2.4893991947174072,2.5279109477996826,0.03851175308227539
images/train/0000112_01120_d_0000074.jpg,11,2,4,2,0.9360939860343933,1.1382153034210205,0.2021213173866272
images/train/0000112_01120_d_0000074.jpg,12,6,13,7,3.462362051010132,4.933211326599121,1.4708492755889893
images/train/0000112_01120_d_0000074.jpg,13,5,13,8,4.064896106719971,4.707417964935303,0.642521858215332
images/train/0000112_01120_d_0000074.jpg,14,10,13,3,4.144291877746582,4.3762712478637695,0.2319793701171875
images/train/0000112_01120_d_0000074.jpg,15,1,5,4,0.4868362247943878,0.6532204151153564,0.16638419032096863
images/train/0000112_01120_d_0000074.jpg,16,4,7,3,2.1759567260742188,2.368694543838501,0.19273781776428223
images/train/0000112_01120_d_0000074.jpg,17,3,4,1,0.6691248416900635,1.0260429382324219,0.3569180965423584
images/train/0000112_01120_d_0000074.jpg,18,4,5,1,2.0373895168304443,2.2434308528900146,0.2060413360595703
images/train/0000112_01120_d_0000074.jpg,19,0,3,3,0.0,0.9708970785140991,0.9708970785140991
images/train/0000112_01120_d_0000074.jpg,20,0,3,3,0.0,0.5617533326148987,0.5617533326148987
images/train/0000112_01120_d_0000074.jpg,21,3,8,5,0.9156417846679688,1.030547857284546,0.11490607261657715
images/train/0000112_01120_d_0000074.jpg,22,3,4,1,1.2644259929656982,1.3036274909973145,0.03920149803161621
images/train/0000112_01120_d_0000074.jpg,23,3,3,0,0.6941537261009216,0.6941537261009216,0.0
images/train/0000112_01120_d_0000074.jpg,24,2,5,3,0.5923611521720886,0.5933372378349304,0.0009760856628417969
images/train/0000112_01120_d_0000074.jpg,25,1,1,0,0.44436371326446533,0.44436371326446533,0.0
images/train/0000112_01120_d_0000074.jpg,26,0,0,0,0.0,0.0,0.0
images/train/0000112_01120_d_0000074.jpg,27,3,5,2,0.7842981815338135,0.7842981815338135,0.0
images/train/0000112_01120_d_0000074.jpg,28,1,2,1,0.31283465027809143,0.31283465027809143,0.0
images/train/0000112_01120_d_0000074.jpg,29,3,4,1,0.9216028451919556,0.9511157274246216,0.029512882232666016
images/train/0000112_01120_d_0000074.jpg,30,1,3,2,0.3211430609226227,0.3220728635787964,0.0009298026561737061
images/train/0000112_01120_d_0000074.jpg,31,1,1,0,0.34197866916656494,0.34197866916656494,0.0
images/train/0000112_01120_d_0000074.jpg,32,2,2,0,0.39709484577178955,0.39709484577178955,0.0
images/train/0000112_01120_d_0000074.jpg,33,2,2,0,0.6622626781463623,0.6622626781463623,0.0
images/train/0000112_01120_d_0000074.jpg,34,10,13,3,2.0985515117645264,2.13319993019104,0.03464841842651367
images/train/0000112_01120_d_0000074.jpg,36,2,9,7,0.3192253112792969,0.3276039659976959,0.008378654718399048
images/train/0000112_01120_d_0000074.jpg,37,4,5,1,1.1131809949874878,1.1447690725326538,0.031588077545166016
images/train/0000112_01120_d_0000074.jpg,38,4,4,0,0.5627040266990662,0.5627040266990662,0.0
images/train/0000112_01120_d_0000074.jpg,39,3,5,2,0.6233217716217041,0.6233217716217041,0.0
images/train/0000112_01120_d_0000074.jpg,40,6,10,4,1.8892345428466797,1.8892388343811035,4.291534423828125e-06
images/train/0000112_01120_d_0000074.jpg,41,6,7,1,0.714299738407135,0.714299738407135,0.0
images/train/0000112_01120_d_0000074.jpg,42,4,5,1,0.9180080890655518,0.9180080890655518,0.0
images/train/0000112_01120_d_0000074.jpg,43,5,10,5,0.8528793454170227,0.853918731212616,0.0010393857955932617
images/train/0000112_01120_d_0000074.jpg,44,6,10,4,0.6917164325714111,0.6917164325714111,0.0
images/train/0000122_01200_d_0000119.jpg,0,8,13,5,5.878429412841797,5.880984783172607,0.002555370330810547
images/train/0000122_01200_d_0000119.jpg,1,4,13,9,2.06705904006958,3.5524637699127197,1.4854047298431396
images/train/0000122_01200_d_0000119.jpg,2,6,11,5,4.504462718963623,4.818480968475342,0.31401824951171875
images/train/0000122_01200_d_0000119.jpg,3,5,12,7,3.294257164001465,3.331475257873535,0.03721809387207031
images/train/0000122_01200_d_0000119.jpg,4,3,8,5,2.1709117889404297,3.059201240539551,0.8882894515991211
images/train/0000122_01200_d_0000119.jpg,5,5,13,8,3.3636698722839355,4.062735080718994,0.6990652084350586
images/train/0000122_01200_d_0000119.jpg,6,3,7,4,2.0076587200164795,2.2078146934509277,0.20015597343444824
images/train/0000122_01200_d_0000119.jpg,7,6,13,7,3.9132349491119385,5.311570644378662,1.3983356952667236
images/train/0000122_01200_d_0000119.jpg,8,4,11,7,3.1472432613372803,3.2935690879821777,0.14632582664489746
images/train/0000122_01200_d_0000119.jpg,9,5,11,6,2.9356985092163086,3.8172709941864014,0.8815724849700928
images/train/0000122_01200_d_0000119.jpg,10,8,13,5,4.719954967498779,5.801955223083496,1.0820002555847168
images/train/0000122_01200_d_0000119.jpg,11,9,13,4,5.252627372741699,5.256210803985596,0.0035834312438964844
images/train/0000122_01200_d_0000119.jpg,12,8,13,5,5.090948104858398,5.674063682556152,0.5831155776977539
images/train/0000122_01200_d_0000119.jpg,13,8,13,5,4.396258354187012,4.810986042022705,0.41472768783569336
images/train/0000122_01200_d_0000119.jpg,14,7,13,6,5.537600040435791,5.603625774383545,0.0660257339477539
images/train/0000122_01200_d_0000119.jpg,15,8,13,5,4.909786701202393,5.557372093200684,0.647585391998291
images/train/0000122_01200_d_0000119.jpg,16,9,13,4,6.383077621459961,6.388153076171875,0.0050754547119140625
images/train/0000122_01200_d_0000119.jpg,17,10,13,3,4.8022918701171875,4.805245876312256,0.0029540061950683594
images/train/0000122_01200_d_0000119.jpg,18,8,11,3,4.993130683898926,5.011377334594727,0.01824665069580078
images/train/0000122_01200_d_0000119.jpg,19,9,13,4,6.190038681030273,6.193427562713623,0.0033888816833496094
images/train/0000122_01200_d_0000119.jpg,21,8,13,5,2.809375762939453,2.9148476123809814,0.10547184944152832
images/train/0000122_01200_d_0000119.jpg,22,7,13,6,4.407552719116211,4.6164069175720215,0.20885419845581055
images/train/0000122_01200_d_0000119.jpg,23,8,13,5,4.250329971313477,4.273833274841309,0.02350330352783203
images/train/0000122_01200_d_0000119.jpg,24,8,13,5,4.107470512390137,4.324399948120117,0.21692943572998047
images/train/0000122_01200_d_0000119.jpg,25,7,13,6,5.286076068878174,5.8642778396606445,0.5782017707824707
images/train/0000122_01200_d_0000119.jpg,26,6,13,7,3.9308266639709473,4.094757556915283,0.16393089294433594
images/train/0000122_01200_d_0000119.jpg,27,10,13,3,6.28017520904541,6.3099799156188965,0.029804706573486328
images/train/0000122_01200_d_0000119.jpg,28,8,13,5,5.600571155548096,5.602879524230957,0.002308368682861328
images/train/0000122_01200_d_0000119.jpg,29,5,11,6,4.323904514312744,5.603663921356201,1.279759407043457
images/train/0000122_01200_d_0000119.jpg,30,8,12,4,6.117275714874268,6.149122714996338,0.03184700012207031
images/train/0000122_01200_d_0000119.jpg,31,3,10,7,0.8333020210266113,0.8344545364379883,0.0011525154113769531
images/train/0000122_01200_d_0000119.jpg,32,7,13,6,4.155783653259277,5.24915075302124,1.093367099761963
images/train/0000122_01200_d_0000119.jpg,33,10,13,3,0.7331695556640625,0.7336915135383606,0.0005219578742980957
images/train/0000122_01200_d_0000119.jpg,34,4,13,9,3.1620612144470215,5.675788879394531,2.5137276649475098
images/train/0000122_01200_d_0000119.jpg,35,10,13,3,7.905381679534912,7.9337921142578125,0.02841043472290039
images/train/0000122_01200_d_0000119.jpg,36,10,13,3,3.184265375137329,3.238049268722534,0.05378389358520508
images/train/0000122_01200_d_0000119.jpg,37,10,13,3,4.926577091217041,4.958534240722656,0.031957149505615234
images/train/0000122_01200_d_0000119.jpg,38,8,10,2,5.581845760345459,5.592538356781006,0.010692596435546875
images/train/0000122_01200_d_0000119.jpg,39,10,11,1,5.901369094848633,5.901369094848633,0.0
images/train/0000122_01200_d_0000119.jpg,40,9,13,4,4.78767204284668,5.201467037200928,0.41379499435424805
images/train/0000122_01200_d_0000119.jpg,41,8,13,5,5.922547340393066,6.065764427185059,0.1432170867919922
images/train/0000122_01200_d_0000119.jpg,42,8,13,5,6.193045139312744,6.2715744972229,0.07852935791015625
images/train/0000122_01200_d_0000119.jpg,43,9,13,4,6.706608295440674,6.728775501251221,0.022167205810546875
images/train/0000122_01200_d_0000119.jpg,44,8,13,5,6.565107822418213,6.62157678604126,0.056468963623046875
images/train/0000122_01200_d_0000119.jpg,45,9,13,4,6.400354862213135,6.654170513153076,0.2538156509399414
images/train/0000122_01200_d_0000119.jpg,46,6,13,7,3.5913217067718506,4.0279107093811035,0.43658900260925293
images/train/0000122_01200_d_0000119.jpg,47,8,12,4,6.064795970916748,6.080893516540527,0.016097545623779297
images/train/0000122_01200_d_0000119.jpg,48,7,11,4,4.278642177581787,4.351550579071045,0.07290840148925781
images/train/0000122_01200_d_0000119.jpg,49,8,11,3,4.969576835632324,4.969579219818115,2.384185791015625e-06
images/train/0000122_01200_d_0000119.jpg,50,4,6,2,0.6949871182441711,0.7134950160980225,0.01850789785385132
images/train/0000122_01200_d_0000119.jpg,51,9,13,4,5.4332275390625,5.434764385223389,0.0015368461608886719
images/train/0000122_01200_d_0000119.jpg,52,5,9,4,4.0296807289123535,4.3018975257873535,0.272216796875
images/train/0000122_01200_d_0000119.jpg,53,6,11,5,4.092991828918457,4.160719394683838,0.06772756576538086
images/train/0000122_01200_d_0000119.jpg,54,4,4,0,2.9568395614624023,2.9568395614624023,0.0
images/train/0000122_01200_d_0000119.jpg,55,7,8,1,3.87294340133667,3.8847477436065674,0.011804342269897461
images/train/0000122_01200_d_0000119.jpg,56,7,13,6,4.303183555603027,4.337617874145508,0.03443431854248047
images/train/0000122_01200_d_0000119.jpg,57,4,6,2,2.7245562076568604,2.739366054534912,0.014809846878051758
images/train/0000122_01200_d_0000119.jpg,58,4,9,5,3.5403237342834473,4.806455135345459,1.2661314010620117
images/train/0000122_01200_d_0000119.jpg,59,6,12,6,2.6754684448242188,2.749741554260254,0.07427310943603516
images/train/0000122_01200_d_0000119.jpg,60,4,5,1,1.9608323574066162,2.0256094932556152,0.06477713584899902
images/train/0000122_01200_d_0000119.jpg,61,7,10,3,3.8588104248046875,4.2181243896484375,0.35931396484375
images/train/0000122_01200_d_0000119.jpg,62,6,12,6,3.7051093578338623,5.083293914794922,1.3781845569610596
images/train/0000122_01200_d_0000119.jpg,63,5,10,5,3.7941739559173584,3.930026054382324,0.13585209846496582
images/train/0000122_01200_d_0000119.jpg,64,7,13,6,4.804502010345459,5.293802261352539,0.4893002510070801
images/train/0000122_01200_d_0000119.jpg,65,8,13,5,4.67952823638916,4.849392414093018,0.16986417770385742
images/train/0000122_01200_d_0000119.jpg,66,6,11,5,4.083601951599121,4.1164960861206055,0.032894134521484375
images/train/0000122_01200_d_0000119.jpg,67,8,10,2,3.238103151321411,3.2899487018585205,0.051845550537109375
images/train/0000122_01200_d_0000119.jpg,68,6,10,4,3.952336311340332,4.002923488616943,0.05058717727661133
images/train/0000122_01200_d_0000119.jpg,69,8,12,4,4.900882720947266,4.917840957641602,0.016958236694335938
images/train/0000122_01200_d_0000119.jpg,70,8,12,4,4.775478363037109,4.835765838623047,0.0602874755859375
images/train/0000122_01200_d_0000119.jpg,71,10,13,3,6.9161553382873535,6.9868035316467285,0.070648193359375
images/train/0000122_01200_d_0000119.jpg,72,7,12,5,3.6809792518615723,4.619251251220703,0.9382719993591309
images/train/0000122_01200_d_0000119.jpg,73,7,11,4,5.132673740386963,5.14369535446167,0.011021614074707031
images/train/0000122_01200_d_0000119.jpg,74,10,11,1,6.564486026763916,6.564513683319092,2.765655517578125e-05
images/train/0000122_01200_d_0000119.jpg,75,7,13,6,5.072767734527588,5.57910680770874,0.5063390731811523
images/train/0000122_01200_d_0000119.jpg,76,5,9,4,3.0056872367858887,3.512983560562134,0.5072963237762451
images/train/0000122_01200_d_0000119.jpg,77,6,8,2,1.3532689809799194,1.3533120155334473,4.303455352783203e-05
images/train/0000122_01200_d_0000119.jpg,78,6,13,7,4.224274158477783,4.283347129821777,0.05907297134399414
images/train/0000122_01200_d_0000119.jpg,79,8,13,5,4.340969562530518,4.427584648132324,0.08661508560180664
images/train/0000122_01200_d_0000119.jpg,80,4,7,3,2.694756269454956,3.3608498573303223,0.6660935878753662
images/train/0000122_01200_d_0000119.jpg,81,9,12,3,5.240156650543213,5.683143615722656,0.44298696517944336
images/train/0000122_01200_d_0000119.jpg,82,10,13,3,7.1035661697387695,7.16712760925293,0.06356143951416016
images/train/0000122_01200_d_0000119.jpg,83,9,12,3,3.145949363708496,3.1567280292510986,0.010778665542602539
images/train/0000122_01200_d_0000119.jpg,84,4,9,5,1.1204346418380737,1.1575549840927124,0.03712034225463867
images/train/0000122_01200_d_0000119.jpg,85,6,11,5,3.7837421894073486,4.03033447265625,0.24659228324890137
images/train/0000122_01200_d_0000119.jpg,86,5,7,2,2.1602420806884766,2.2228169441223145,0.06257486343383789
images/train/0000123_01819_d_0000120.jpg,0,9,13,4,4.1465349197387695,5.375152587890625,1.2286176681518555
images/train/0000123_01819_d_0000120.jpg,1,10,13,3,5.98672342300415,7.2538743019104,1.26715087890625
images/train/0000123_01819_d_0000120.jpg,2,10,13,3,7.479254722595215,7.48622465133667,0.006969928741455078
images/train/0000123_01819_d_0000120.jpg,3,10,13,3,6.636571884155273,6.6560893058776855,0.01951742172241211
images/train/0000123_01819_d_0000120.jpg,4,8,13,5,6.461784362792969,6.544464588165283,0.08268022537231445
images/train/0000123_01819_d_0000120.jpg,5,5,13,8,3.669207811355591,3.8759584426879883,0.20675063133239746
images/train/0000123_01819_d_0000120.jpg,6,4,13,9,2.7412896156311035,2.894474506378174,0.1531848907470703
images/train/0000123_01819_d_0000120.jpg,7,6,12,6,4.041373252868652,4.142226219177246,0.10085296630859375
images/train/0000123_01819_d_0000120.jpg,8,2,11,9,1.6694438457489014,3.077157497406006,1.4077136516571045
images/train/0000123_01819_d_0000120.jpg,9,10,13,3,5.956528186798096,6.385412216186523,0.42888402938842773
images/train/0000123_01819_d_0000120.jpg,10,3,13,10,2.407991886138916,3.5720951557159424,1.1641032695770264
images/train/0000123_01819_d_0000120.jpg,11,8,11,3,6.119996070861816,6.126506328582764,0.006510257720947266
images/train/0000123_01819_d_0000120.jpg,12,4,13,9,2.9482998847961426,3.380972146987915,0.43267226219177246
images/train/0000123_01819_d_0000120.jpg,13,7,12,5,4.5758819580078125,5.186161518096924,0.6102795600891113
images/train/0000123_01819_d_0000120.jpg,14,10,12,2,7.845651149749756,7.845692157745361,4.100799560546875e-05
images/train/0000123_01819_d_0000120.jpg,15,5,13,8,3.905013084411621,4.8766326904296875,0.9716196060180664
images/train/0000123_01819_d_0000120.jpg,16,10,13,3,8.188859939575195,8.284025192260742,0.09516525268554688
images/train/0000123_01819_d_0000120.jpg,17,10,13,3,7.463186740875244,7.477015972137451,0.013829231262207031
images/train/0000123_01819_d_0000120.jpg,18,6,13,7,4.119379043579102,5.339159965515137,1.2197809219360352
images/train/0000123_01819_d_0000120.jpg,19,8,12,4,4.018302917480469,4.725202560424805,0.7068996429443359
images/train/0000123_01819_d_0000120.jpg,20,8,13,5,5.982717037200928,5.988715171813965,0.005998134613037109
images/train/0000123_01819_d_0000120.jpg,21,8,13,5,6.055732727050781,6.196717262268066,0.14098453521728516
images/train/0000123_01819_d_0000120.jpg,22,3,12,9,2.3585033416748047,3.784289836883545,1.4257864952087402
images/train/0000123_01819_d_0000120.jpg,23,6,12,6,4.371105194091797,4.922049522399902,0.5509443283081055
images/train/0000123_01819_d_0000120.jpg,24,8,12,4,5.085824489593506,5.1256794929504395,0.039855003356933594
images/train/0000123_01819_d_0000120.jpg,25,10,10,0,6.556891918182373,6.556891918182373,0.0
images/train/0000123_01819_d_0000120.jpg,26,5,13,8,3.5795013904571533,5.561826705932617,1.9823253154754639
images/train/0000123_01819_d_0000120.jpg,27,7,13,6,5.297573566436768,5.306842803955078,0.009269237518310547
images/train/0000123_01819_d_0000120.jpg,28,4,13,9,3.3368489742279053,4.331089496612549,0.9942405223846436
images/train/0000123_01819_d_0000120.jpg,29,5,13,8,3.7016022205352783,5.154684543609619,1.4530823230743408
images/train/0000123_01819_d_0000120.jpg,30,8,11,3,5.6351704597473145,5.964176177978516,0.32900571823120117
images/train/0000123_01819_d_0000120.jpg,31,5,12,7,3.519232988357544,4.126917362213135,0.6076843738555908
images/train/0000123_01819_d_0000120.jpg,32,5,13,8,3.9217140674591064,4.790311813354492,0.8685977458953857
images/train/0000123_01819_d_0000120.jpg,33,10,13,3,7.862833499908447,8.364849090576172,0.5020155906677246
images/train/0000123_01819_d_0000120.jpg,34,5,13,8,3.860219955444336,4.215981960296631,0.3557620048522949
images/train/0000123_01819_d_0000120.jpg,35,5,13,8,3.604811906814575,3.8132333755493164,0.2084214687347412
images/train/0000123_01819_d_0000120.jpg,36,5,12,7,3.6130805015563965,5.560032844543457,1.9469523429870605
images/train/0000123_01819_d_0000120.jpg,37,4,7,3,3.4169695377349854,3.4886348247528076,0.07166528701782227
images/train/0000123_01819_d_0000120.jpg,38,10,13,3,2.56853985786438,2.7006969451904297,0.1321570873260498
images/train/0000123_01819_d_0000120.jpg,39,8,13,5,4.80186653137207,4.968113899230957,0.16624736785888672
images/train/0000123_01819_d_0000120.jpg,40,5,13,8,3.9787068367004395,4.675949573516846,0.6972427368164062
images/train/0000123_01819_d_0000120.jpg,41,9,13,4,7.045533657073975,7.205852031707764,0.16031837463378906
images/train/0000123_01819_d_0000120.jpg,42,5,12,7,3.3099231719970703,4.326191425323486,1.016268253326416
images/train/0000123_01819_d_0000120.jpg,43,8,13,5,6.720353126525879,7.63556432723999,0.9152112007141113
images/train/0000123_01819_d_0000120.jpg,44,8,13,5,4.282349586486816,4.626038551330566,0.34368896484375
images/train/0000123_01819_d_0000120.jpg,45,6,8,2,3.6937992572784424,3.8831093311309814,0.18931007385253906
images/train/0000123_01819_d_0000120.jpg,46,6,13,7,3.8842010498046875,4.3117780685424805,0.42757701873779297
images/train/0000123_01819_d_0000120.jpg,47,6,10,4,3.460709810256958,5.14839506149292,1.687685251235962
images/train/0000123_01819_d_0000120.jpg,48,7,9,2,5.509974002838135,5.510014057159424,4.00543212890625e-05
images/train/0000123_01819_d_0000120.jpg,49,4,13,9,3.503084421157837,3.8910136222839355,0.38792920112609863
images/train/0000123_01819_d_0000120.jpg,50,4,5,1,2.611382484436035,2.88431453704834,0.2729320526123047
images/train/0000123_01819_d_0000120.jpg,51,5,10,5,3.116478443145752,3.4591124057769775,0.3426339626312256
images/train/0000123_01819_d_0000120.jpg,52,9,13,4,5.607113838195801,6.338178634643555,0.7310647964477539
images/train/0000123_01819_d_0000120.jpg,53,10,13,3,6.711136341094971,6.752082347869873,0.040946006774902344
images/train/0000123_01819_d_0000120.jpg,54,3,11,8,2.355343818664551,3.8441781997680664,1.4888343811035156
images/train/0000123_01819_d_0000120.jpg,55,7,11,4,5.03858757019043,5.044919490814209,0.006331920623779297
images/train/0000123_01819_d_0000120.jpg,56,8,12,4,4.551503658294678,4.559325218200684,0.00782155990600586
images/train/0000123_01819_d_0000120.jpg,57,7,12,5,4.6770243644714355,4.6825690269470215,0.0055446624755859375
images/train/0000123_01819_d_0000120.jpg,58,5,10,5,2.2945985794067383,2.7313802242279053,0.436781644821167
images/train/0000123_01819_d_0000120.jpg,59,10,13,3,7.991365432739258,8.062007904052734,0.07064247131347656
images/train/0000123_01819_d_0000120.jpg,60,7,13,6,4.686089038848877,5.463412761688232,0.7773237228393555
images/train/0000123_01819_d_0000120.jpg,61,10,13,3,3.532546281814575,3.5328125953674316,0.0002663135528564453
images/train/0000123_01819_d_0000120.jpg,62,7,13,6,5.474038124084473,5.667582988739014,0.19354486465454102
images/train/0000123_01819_d_0000120.jpg,63,8,12,4,5.626213073730469,5.719473838806152,0.0932607650756836
images/train/0000123_01819_d_0000120.jpg,64,6,13,7,3.021627902984619,3.956289052963257,0.9346611499786377
images/train/0000123_01819_d_0000120.jpg,65,10,13,3,6.734236717224121,6.736976146697998,0.002739429473876953
images/train/0000123_01819_d_0000120.jpg,66,8,12,4,4.164533615112305,4.175647735595703,0.011114120483398438
images/train/0000123_01819_d_0000120.jpg,67,5,11,6,3.3142669200897217,3.4328696727752686,0.11860275268554688
images/train/0000123_01819_d_0000120.jpg,68,5,8,3,2.3393313884735107,2.36279296875,0.023461580276489258
images/train/0000123_01819_d_0000120.jpg,69,4,13,9,2.9530673027038574,5.650893211364746,2.6978259086608887
images/train/0000123_01819_d_0000120.jpg,70,10,13,3,4.919064044952393,4.922852516174316,0.003788471221923828
images/train/0000123_01819_d_0000120.jpg,71,6,8,2,3.1700453758239746,3.1700456142425537,2.384185791015625e-07
images/train/0000123_01819_d_0000120.jpg,72,6,12,6,3.3454184532165527,3.419454574584961,0.0740361213684082
images/train/0000123_01819_d_0000120.jpg,73,10,13,3,5.750736236572266,5.750854015350342,0.00011777877807617188
images/train/0000123_01819_d_0000120.jpg,74,5,13,8,3.1633362770080566,3.8682501316070557,0.704913854598999
images/train/0000123_01819_d_0000120.jpg,75,5,10,5,3.1464998722076416,3.3762588500976562,0.22975897789001465
images/train/0000123_01819_d_0000120.jpg,76,8,13,5,6.093716621398926,6.610320091247559,0.5166034698486328
images/train/0000123_01819_d_0000120.jpg,77,5,13,8,3.3938348293304443,3.573410749435425,0.17957592010498047
images/train/0000123_01819_d_0000120.jpg,78,4,13,9,2.6479601860046387,3.683335542678833,1.0353753566741943
images/train/0000123_01819_d_0000120.jpg,79,6,13,7,3.6431734561920166,3.6927340030670166,0.049560546875
images/train/0000123_01819_d_0000120.jpg,80,6,13,7,4.0483503341674805,4.558905601501465,0.5105552673339844
images/train/0000123_01819_d_0000120.jpg,81,6,13,7,3.719454288482666,4.16259765625,0.443143367767334
images/train/0000123_01819_d_0000120.jpg,82,7,13,6,4.027194976806641,4.9000654220581055,0.8728704452514648
images/train/0000123_01819_d_0000120.jpg,83,10,13,3,5.143474102020264,5.148857593536377,0.005383491516113281
images/train/0000123_01819_d_0000120.jpg,84,7,13,6,5.101202487945557,5.361029148101807,0.25982666015625
images/train/0000123_01819_d_0000120.jpg,85,6,13,7,3.780503511428833,4.506760597229004,0.7262570858001709
images/train/0000123_01819_d_0000120.jpg,86,10,12,2,5.521373748779297,5.7225022315979,0.20112848281860352
images/train/0000123_01819_d_0000120.jpg,87,8,10,2,6.024111747741699,6.024198055267334,8.630752563476562e-05
images/train/0000123_01819_d_0000120.jpg,88,8,11,3,5.307470798492432,5.433132171630859,0.12566137313842773
images/train/0000123_01819_d_0000120.jpg,89,8,10,2,6.065885066986084,6.073883533477783,0.007998466491699219
images/train/0000123_01819_d_0000120.jpg,90,6,12,6,4.381048202514648,4.395319938659668,0.014271736145019531
images/train/0000123_01819_d_0000120.jpg,91,8,11,3,5.002902030944824,5.395936489105225,0.3930344581604004
images/train/0000123_01819_d_0000120.jpg,92,8,11,3,3.4440884590148926,3.4519598484039307,0.007871389389038086
images/train/0000123_01819_d_0000120.jpg,93,7,10,3,3.908971071243286,3.9112389087677,0.0022678375244140625
images/train/0000123_01819_d_0000120.jpg,94,5,10,5,3.302839994430542,3.690227746963501,0.387387752532959
images/train/0000123_01819_d_0000120.jpg,95,8,10,2,5.077705383300781,5.077705383300781,0.0
images/train/0000123_01819_d_0000120.jpg,96,5,10,5,3.4290988445281982,3.5982303619384766,0.16913151741027832
images/train/0000123_01819_d_0000120.jpg,97,5,8,3,3.9416778087615967,4.033807754516602,0.09212994575500488
images/train/0000123_01819_d_0000120.jpg,98,9,10,1,5.473951816558838,5.48398494720459,0.010033130645751953
images/train/0000123_01819_d_0000120.jpg,99,5,6,1,3.5799050331115723,3.584118366241455,0.0042133331298828125
images/train/0000123_01819_d_0000120.jpg,100,6,10,4,3.7904720306396484,4.235629081726074,0.4451570510864258
images/train/0000123_01819_d_0000120.jpg,101,4,8,4,2.9041967391967773,2.962296485900879,0.05809974670410156
images/train/0000123_01819_d_0000120.jpg,102,8,11,3,4.514309406280518,4.51436185836792,5.245208740234375e-05
images/train/0000123_01819_d_0000120.jpg,103,4,6,2,2.817103862762451,3.2402915954589844,0.4231877326965332
images/train/0000123_01819_d_0000120.jpg,104,6,10,4,4.073443412780762,4.0966267585754395,0.023183345794677734
images/train/0000123_01819_d_0000120.jpg,105,7,9,2,3.7213146686553955,3.784468173980713,0.06315350532531738
images/train/0000123_01819_d_0000120.jpg,106,7,11,4,3.462979316711426,3.5425267219543457,0.07954740524291992
images/train/0000123_01819_d_0000120.jpg,107,4,8,4,2.9629135131835938,3.0551412105560303,0.09222769737243652
images/train/0000123_01819_d_0000120.jpg,108,3,9,6,1.7069414854049683,2.496734857559204,0.7897933721542358
images/train/0000123_01819_d_0000120.jpg,109,5,10,5,2.9722516536712646,3.3836421966552734,0.4113905429840088
images/train/0000123_01819_d_0000120.jpg,110,7,13,6,1.98490309715271,2.030869722366333,0.04596662521362305
images/train/0000123_01819_d_0000120.jpg,111,3,4,1,1.8666894435882568,1.8693960905075073,0.0027066469192504883
images/train/0000123_01819_d_0000120.jpg,112,7,10,3,2.6750426292419434,2.778257369995117,0.10321474075317383
images/train/0000123_01819_d_0000120.jpg,113,4,9,5,2.817491292953491,3.053467035293579,0.2359757423400879
images/train/0000123_01819_d_0000120.jpg,114,4,6,2,1.2887110710144043,1.6055047512054443,0.31679368019104004
images/train/0000123_01819_d_0000120.jpg,115,3,9,6,2.108124017715454,2.9119062423706055,0.8037822246551514
images/train/0000123_01819_d_0000120.jpg,116,8,11,3,4.754934310913086,4.805109024047852,0.050174713134765625
images/train/0000123_01819_d_0000120.jpg,117,4,9,5,2.3317511081695557,2.5685482025146484,0.23679709434509277
images/train/0000123_01819_d_0000120.jpg,118,2,7,5,1.3265597820281982,1.7047619819641113,0.3782021999359131
images/train/0000123_01819_d_0000120.jpg,119,3,9,6,2.181165933609009,2.801952838897705,0.6207869052886963
images/train/0000123_01819_d_0000120.jpg,120,4,8,4,2.4673447608947754,2.484192371368408,0.016847610473632812
images/train/0000123_01819_d_0000120.jpg,121,9,12,3,4.941924095153809,4.957413196563721,0.01548910140991211
images/train/0000123_01819_d_0000120.jpg,122,4,11,7,1.923133134841919,2.4590015411376953,0.5358684062957764
images/train/0000123_01819_d_0000120.jpg,123,6,11,5,2.2871389389038086,2.3035316467285156,0.01639270782470703
images/train/0000123_01819_d_0000120.jpg,124,4,5,1,2.2135517597198486,2.264875888824463,0.05132412910461426
images/train/0000123_01819_d_0000120.jpg,125,1,3,2,0.7338218092918396,1.3333466053009033,0.5995247960090637
images/train/0000123_01819_d_0000120.jpg,126,4,5,1,0.5529428124427795,0.5529428124427795,0.0
images/train/0000123_01819_d_0000120.jpg,127,3,4,1,0.7245911955833435,0.9224265217781067,0.19783532619476318
images/train/0000123_01819_d_0000120.jpg,128,5,13,8,2.445812702178955,2.45967698097229,0.013864278793334961
images/train/0000123_01819_d_0000120.jpg,129,3,5,2,0.5770726799964905,0.5770732760429382,5.960464477539062e-07
images/train/0000123_01819_d_0000120.jpg,130,1,5,4,0.36900973320007324,0.8179890513420105,0.44897931814193726
images/train/0000123_01819_d_0000120.jpg,131,3,6,3,0.5852633118629456,0.6332613825798035,0.04799807071685791
images/train/0000123_01819_d_0000120.jpg,132,2,5,3,0.5339265465736389,1.1920876502990723,0.6581611037254333
images/train/0000123_01819_d_0000120.jpg,133,2,4,2,0.7221361994743347,0.8301073908805847,0.10797119140625
images/train/0000123_01819_d_0000120.jpg,134,4,5,1,0.7418149709701538,0.7418149709701538,0.0
images/train/0000136_00162_d_0000154.jpg,0,4,5,1,1.308241844177246,1.3082419633865356,1.1920928955078125e-07
images/train/0000136_00162_d_0000154.jpg,1,3,6,3,1.2594767808914185,1.2679020166397095,0.008425235748291016
images/train/0000136_00162_d_0000154.jpg,2,1,5,4,0.7755804657936096,1.3519679307937622,0.5763874650001526
images/train/0000136_00162_d_0000154.jpg,3,5,7,2,2.0525925159454346,2.077909469604492,0.025316953659057617
images/train/0000136_00162_d_0000154.jpg,4,7,8,1,1.1829415559768677,1.1834626197814941,0.0005210638046264648
images/train/0000136_00162_d_0000154.jpg,5,1,2,1,0.6207976341247559,0.6223130822181702,0.0015154480934143066
images/train/0000136_00162_d_0000154.jpg,6,1,2,1,0.7693800926208496,0.7843698263168335,0.014989733695983887
images/train/0000136_00162_d_0000154.jpg,7,4,6,2,1.0949816703796387,1.1336547136306763,0.0386730432510376
images/train/0000136_00162_d_0000154.jpg,8,2,3,1,0.8346532583236694,0.8447747230529785,0.010121464729309082
images/train/0000136_00162_d_0000154.jpg,9,1,2,1,0.7374200820922852,0.7374200820922852,0.0
images/train/0000136_00162_d_0000154.jpg,10,1,3,2,0.6744022965431213,0.8434516787528992,0.16904938220977783
images/train/0000136_00162_d_0000154.jpg,11,3,2,-1,0.7602123618125916,0.7596265077590942,-0.0005858540534973145
images/train/0000136_00162_d_0000154.jpg,12,1,0,-1,0.4294063448905945,0.0,-0.4294063448905945
images/train/0000136_00162_d_0000154.jpg,13,3,4,1,1.4406100511550903,1.489108681678772,0.04849863052368164
images/train/0000136_00162_d_0000154.jpg,14,2,4,2,0.9723625183105469,1.10176682472229,0.12940430641174316
images/train/0000136_00162_d_0000154.jpg,15,1,3,2,0.9149088263511658,0.9175592660903931,0.002650439739227295
images/train/0000136_00162_d_0000154.jpg,16,4,6,2,0.8841907382011414,0.8977400660514832,0.013549327850341797
images/train/0000136_00162_d_0000154.jpg,17,4,5,1,1.4556437730789185,1.668041706085205,0.21239793300628662
images/train/0000136_00162_d_0000154.jpg,18,3,5,2,1.0252436399459839,1.1822993755340576,0.15705573558807373
images/train/0000136_00162_d_0000154.jpg,19,4,4,0,1.3966543674468994,1.3054383993148804,-0.09121596813201904
images/train/0000136_00162_d_0000154.jpg,20,2,2,0,1.1562844514846802,1.1562844514846802,0.0
images/train/0000136_00162_d_0000154.jpg,21,1,1,0,0.8356227278709412,0.8356227278709412,0.0
images/train/0000136_00162_d_0000154.jpg,22,3,5,2,0.78672856092453,0.8186556100845337,0.03192704916000366
images/train/0000136_00162_d_0000154.jpg,23,3,2,-1,0.6819566488265991,0.6852765083312988,0.003319859504699707
images/train/0000136_00162_d_0000154.jpg,24,1,5,4,0.6945686936378479,1.4128397703170776,0.7182710766792297
images/train/0000136_00162_d_0000154.jpg,25,2,5,3,0.9557124376296997,1.2965224981307983,0.34081006050109863
images/train/0000136_00162_d_0000154.jpg,26,3,5,2,1.1382488012313843,1.392589807510376,0.2543410062789917
images/train/0000136_00162_d_0000154.jpg,27,0,2,2,0.0,0.6189400553703308,0.6189400553703308
images/train/0000136_00162_d_0000154.jpg,30,10,13,3,2.517733573913574,2.556441307067871,0.038707733154296875
images/train/0000136_00162_d_0000154.jpg,31,10,11,1,2.714359760284424,2.733624219894409,0.01926445960998535
images/train/0000136_00162_d_0000154.jpg,33,2,6,4,0.6280872225761414,1.1437464952468872,0.5156592726707458
images/train/0000136_00162_d_0000154.jpg,34,3,5,2,0.7478813529014587,1.0100016593933105,0.2621203064918518
images/train/0000136_00162_d_0000154.jpg,35,3,5,2,0.6754499673843384,0.6754517555236816,1.7881393432617188e-06
images/train/0000136_00162_d_0000154.jpg,36,10,13,3,6.866289138793945,7.999791622161865,1.13350248336792
images/train/0000136_00162_d_0000154.jpg,37,5,3,-2,0.8776295185089111,1.0889256000518799,0.21129608154296875
images/train/0000136_00162_d_0000154.jpg,38,10,13,3,5.020639419555664,5.772271156311035,0.7516317367553711
images/train/0000136_00162_d_0000154.jpg,39,10,13,3,5.536740779876709,6.280930519104004,0.7441897392272949
images/train/0000136_00162_d_0000154.jpg,40,10,13,3,7.0003862380981445,7.436764717102051,0.43637847900390625
images/train/0000136_00162_d_0000154.jpg,41,7,10,3,2.567284107208252,2.8586645126342773,0.2913804054260254
images/train/0000136_00162_d_0000154.jpg,42,10,13,3,3.6485507488250732,3.7443203926086426,0.09576964378356934
images/train/0000136_00162_d_0000154.jpg,43,9,13,4,3.0001883506774902,3.0258138179779053,0.02562546730041504
images/train/0000136_00162_d_0000154.jpg,44,10,13,3,6.182504653930664,6.673555374145508,0.49105072021484375
images/train/0000136_00162_d_0000154.jpg,45,3,6,3,0.576569139957428,1.842181921005249,1.265612781047821
images/train/0000136_00162_d_0000154.jpg,46,7,10,3,3.4602601528167725,3.4611563682556152,0.0008962154388427734
images/train/0000136_00162_d_0000154.jpg,47,5,4,-1,1.9371702671051025,1.9047470092773438,-0.03242325782775879
images/train/0000136_00162_d_0000154.jpg,48,8,8,0,3.5338754653930664,3.5338754653930664,0.0
images/train/0000136_00162_d_0000154.jpg,49,2,4,2,0.9792230129241943,1.5843828916549683,0.6051598787307739
images/train/0000136_00162_d_0000154.jpg,50,3,3,0,0.770565390586853,0.770565390586853,0.0
images/train/0000136_00162_d_0000154.jpg,51,8,11,3,2.437426805496216,2.815652370452881,0.37822556495666504
images/train/0000136_00162_d_0000154.jpg,52,10,13,3,4.086097240447998,4.2247209548950195,0.13862371444702148
images/train/0000136_00162_d_0000154.jpg,53,8,11,3,3.0336403846740723,3.153287649154663,0.11964726448059082
images/train/0000136_00162_d_0000154.jpg,55,6,8,2,2.1293179988861084,2.201582193374634,0.07226419448852539
images/train/0000136_00162_d_0000154.jpg,56,10,13,3,4.937589168548584,5.0947651863098145,0.15717601776123047
images/train/0000136_00162_d_0000154.jpg,57,10,13,3,4.258584976196289,4.618169784545898,0.3595848083496094
images/train/0000136_00162_d_0000154.jpg,58,8,10,2,3.7330269813537598,3.994112014770508,0.26108503341674805
images/train/0000136_00162_d_0000154.jpg,59,10,13,3,2.199094533920288,2.2327375411987305,0.03364300727844238
images/train/0000136_00162_d_0000154.jpg,62,4,4,0,1.4538495540618896,1.4538495540618896,0.0
images/train/0000136_00162_d_0000154.jpg,64,5,6,1,2.0434188842773438,2.051380157470703,0.007961273193359375
images/train/0000136_00162_d_0000154.jpg,67,4,4,0,1.9336309432983398,1.9336309432983398,0.0
images/train/0000136_00162_d_0000154.jpg,68,6,8,2,1.4089545011520386,1.4473745822906494,0.03842008113861084
images/train/0000136_00162_d_0000154.jpg,69,10,12,2,3.788397789001465,3.8112080097198486,0.02281022071838379
images/train/0000136_00162_d_0000154.jpg,70,7,10,3,0.6428510546684265,0.6495169401168823,0.0066658854484558105
images/train/0000136_00162_d_0000154.jpg,71,10,10,0,1.6541987657546997,1.6536704301834106,-0.0005283355712890625
images/train/0000136_00162_d_0000154.jpg,72,7,8,1,1.2883269786834717,1.2899709939956665,0.0016440153121948242
images/train/0000136_00162_d_0000154.jpg,73,10,13,3,6.5213117599487305,7.041011810302734,0.5197000503540039
images/train/0000136_00162_d_0000154.jpg,75,5,6,1,3.274827241897583,3.438994884490967,0.1641676425933838
images/train/0000136_00162_d_0000154.jpg,76,6,7,1,2.9417097568511963,3.0464224815368652,0.10471272468566895
images/train/0000136_00162_d_0000154.jpg,77,8,10,2,2.1646363735198975,2.2121286392211914,0.047492265701293945
images/train/0000136_00162_d_0000154.jpg,78,10,11,1,1.051668643951416,1.0416709184646606,-0.009997725486755371
images/train/0000136_00162_d_0000154.jpg,79,4,8,4,1.423256754875183,1.5538268089294434,0.13057005405426025
images/train/0000136_00162_d_0000154.jpg,80,8,13,5,2.5891623497009277,2.9212656021118164,0.33210325241088867
images/train/0000136_00162_d_0000154.jpg,81,4,8,4,0.3889162242412567,0.42539265751838684,0.03647643327713013
images/train/0000136_00162_d_0000154.jpg,82,10,12,2,0.6213201880455017,0.6246461868286133,0.0033259987831115723
images/train/0000136_00162_d_0000154.jpg,83,9,13,4,0.7851958274841309,0.9230156540870667,0.1378198266029358
images/train/0000136_00162_d_0000154.jpg,84,8,10,2,0.5800425410270691,0.5921133756637573,0.012070834636688232
images/train/0000136_00162_d_0000154.jpg,85,4,6,2,0.4226815700531006,0.43340346217155457,0.01072189211845398
images/train/0000136_00162_d_0000154.jpg,86,10,13,3,1.1524224281311035,1.830310583114624,0.6778881549835205
images/train/0000136_00162_d_0000154.jpg,87,7,12,5,2.020638942718506,2.141594409942627,0.1209554672241211
images/train/0000136_00162_d_0000154.jpg,88,7,12,5,2.7199509143829346,2.8374176025390625,0.11746668815612793
images/train/0000136_00162_d_0000154.jpg,89,5,7,2,0.822007417678833,1.211417317390442,0.3894098997116089
images/train/0000136_00162_d_0000154.jpg,93,10,12,2,6.015141010284424,6.146464824676514,0.13132381439208984
images/train/0000136_00162_d_0000154.jpg,94,10,13,3,6.571152210235596,6.586368560791016,0.015216350555419922
images/train/0000136_00162_d_0000154.jpg,95,8,10,2,3.0481417179107666,3.054039239883423,0.00589752197265625
images/train/0000136_00162_d_0000154.jpg,96,5,5,0,1.888827919960022,1.888827919960022,0.0
images/train/0000136_00162_d_0000154.jpg,97,3,3,0,2.122504711151123,2.122504711151123,0.0
images/train/0000136_00162_d_0000154.jpg,98,5,6,1,2.030299186706543,2.030299425125122,2.384185791015625e-07
images/train/0000136_00162_d_0000154.jpg,99,3,3,0,1.0208449363708496,1.0208449363708496,0.0
images/train/0000136_00162_d_0000154.jpg,100,2,2,0,0.8047961592674255,0.8047961592674255,0.0
images/train/0000136_00162_d_0000154.jpg,101,3,3,0,0.8968280553817749,0.8968280553817749,0.0
images/train/0000136_00162_d_0000154.jpg,102,1,1,0,0.7812662720680237,0.7812662720680237,0.0
images/train/0000136_00162_d_0000154.jpg,103,2,1,-1,0.6973419189453125,0.697141706943512,-0.0002002120018005371
images/train/0000136_00162_d_0000154.jpg,104,2,3,1,0.593462347984314,0.5946798324584961,0.001217484474182129
images/train/0000136_00162_d_0000154.jpg,105,1,1,0,0.5207375288009644,0.5207375288009644,0.0
images/train/0000136_00162_d_0000154.jpg,106,1,2,1,0.8696833848953247,0.8696833848953247,0.0
images/train/0000136_00162_d_0000154.jpg,107,2,4,2,0.7507059574127197,0.7507059574127197,0.0
images/train/0000136_00162_d_0000154.jpg,108,4,7,3,1.7143821716308594,1.7251495122909546,0.010767340660095215
images/train/0000136_00162_d_0000154.jpg,109,2,2,0,0.5081555247306824,0.5081555247306824,0.0
images/train/0000136_00162_d_0000154.jpg,110,2,2,0,0.6220778226852417,0.6220778226852417,0.0
images/train/0000136_00162_d_0000154.jpg,111,2,2,0,0.7722814083099365,0.7722814083099365,0.0
images/train/0000136_00162_d_0000154.jpg,112,0,0,0,0.0,0.0,0.0
images/train/0000136_00162_d_0000154.jpg,113,3,3,0,0.7282291054725647,0.7282291054725647,0.0
images/train/0000136_00162_d_0000154.jpg,114,5,8,3,1.7533109188079834,2.4771299362182617,0.7238190174102783
images/train/0000136_00162_d_0000154.jpg,115,1,2,1,0.6964253783226013,0.6964253783226013,0.0
images/train/0000136_00162_d_0000154.jpg,116,1,1,0,0.3791825473308563,0.3791825473308563,0.0
images/train/0000136_00162_d_0000154.jpg,117,2,2,0,0.0023718480952084064,0.0023718480952084064,0.0
images/train/0000136_00162_d_0000154.jpg,118,2,2,0,0.49639302492141724,0.49639302492141724,0.0
images/train/0000136_00162_d_0000154.jpg,119,2,2,0,0.630085825920105,0.630085825920105,0.0
images/train/0000136_00162_d_0000154.jpg,120,0,2,2,0.0,0.3058317303657532,0.3058317303657532
images/train/0000136_00162_d_0000154.jpg,121,2,1,-1,0.475633442401886,0.47504672408103943,-0.0005867183208465576
images/train/0000136_00162_d_0000154.jpg,122,6,6,0,2.130208730697632,2.130208730697632,0.0
images/train/0000136_00162_d_0000154.jpg,123,4,5,1,0.7252415418624878,0.7486859560012817,0.023444414138793945
images/train/0000136_00162_d_0000154.jpg,124,3,3,0,0.7632361054420471,0.7632361054420471,0.0
images/train/0000136_00162_d_0000154.jpg,125,1,2,1,0.7558056116104126,0.7580316662788391,0.0022260546684265137
images/train/0000136_00162_d_0000154.jpg,126,1,1,0,0.3955771327018738,0.3955771327018738,0.0
images/train/0000136_00162_d_0000154.jpg,127,2,2,0,0.7928387522697449,0.7928387522697449,0.0
images/train/0000136_00162_d_0000154.jpg,128,4,4,0,1.2799566984176636,1.2799566984176636,0.0
images/train/0000136_00162_d_0000154.jpg,129,1,2,1,0.6104940176010132,0.6139048337936401,0.003410816192626953
images/train/0000136_00162_d_0000154.jpg,130,1,3,2,0.810947835445404,1.115732192993164,0.30478435754776
images/train/0000136_00162_d_0000154.jpg,131,2,1,-1,0.5788918733596802,0.5771250128746033,-0.0017668604850769043
images/train/0000136_00162_d_0000154.jpg,132,2,3,1,0.6658449769020081,0.6658449769020081,0.0
images/train/0000136_00162_d_0000154.jpg,133,1,1,0,0.35691171884536743,0.35691171884536743,0.0
images/train/0000136_00162_d_0000154.jpg,134,1,1,0,0.6754981279373169,0.6754981279373169,0.0
images/train/0000136_00162_d_0000154.jpg,135,0,0,0,0.0,0.0,0.0
images/train/0000136_00162_d_0000154.jpg,136,1,1,0,0.461861789226532,0.461861789226532,0.0
images/train/0000136_00162_d_0000154.jpg,137,2,2,0,0.807892918586731,0.807892918586731,0.0
images/train/0000136_00162_d_0000154.jpg,138,1,1,0,0.6232982277870178,0.6232982277870178,0.0
images/train/0000136_00162_d_0000154.jpg,139,4,4,0,1.842088222503662,1.842088222503662,0.0
images/train/0000136_00162_d_0000154.jpg,140,7,7,0,1.9010944366455078,1.9010944366455078,0.0
images/train/0000136_00162_d_0000154.jpg,141,9,13,4,7.255590915679932,7.589572906494141,0.333981990814209
images/train/0000136_00162_d_0000154.jpg,142,0,2,2,0.0,0.0,0.0
images/train/0000136_00162_d_0000154.jpg,143,1,1,0,0.2661067843437195,0.2661067843437195,0.0
images/train/0000136_00162_d_0000154.jpg,144,2,5,3,0.662198007106781,0.662198007106781,0.0
images/train/0000136_00162_d_0000154.jpg,145,0,2,2,0.0,0.0,0.0
images/train/0000136_00162_d_0000154.jpg,146,5,8,3,3.2636919021606445,3.520232915878296,0.25654101371765137
images/train/0000136_00162_d_0000154.jpg,147,6,8,2,1.7599449157714844,1.7615668773651123,0.0016219615936279297
images/train/0000136_00162_d_0000154.jpg,148,5,5,0,3.370450496673584,3.370450496673584,0.0
images/train/0000136_00162_d_0000154.jpg,149,4,6,2,1.4288105964660645,2.0475845336914062,0.6187739372253418
images/train/0000136_00162_d_0000154.jpg,150,0,0,0,0.0,0.0,0.0
images/train/0000136_00162_d_0000154.jpg,151,4,4,0,1.5181602239608765,1.5181602239608765,0.0
images/train/0000136_00162_d_0000154.jpg,152,2,2,0,0.75406813621521,0.75406813621521,0.0
images/train/0000136_00162_d_0000154.jpg,153,2,3,1,0.7771730422973633,0.9878514409065247,0.21067839860916138
images/train/0000136_00162_d_0000154.jpg,154,1,1,0,0.6892592310905457,0.6892592310905457,0.0
images/train/0000136_00162_d_0000154.jpg,155,0,0,0,0.0,0.0,0.0
images/train/0000136_00162_d_0000154.jpg,156,2,2,0,0.6201276779174805,0.6201276779174805,0.0
images/train/0000136_00162_d_0000154.jpg,157,1,2,1,0.3395704925060272,0.5303575992584229,0.19078710675239563
images/train/0000136_00162_d_0000154.jpg,158,1,0,-1,0.41185301542282104,0.0,-0.41185301542282104
images/train/0000136_00162_d_0000154.jpg,159,0,0,0,0.0,0.0,0.0
images/train/0000136_00162_d_0000154.jpg,160,4,4,0,0.7995262145996094,0.7995262145996094,0.0
images/train/0000136_00162_d_0000154.jpg,161,2,2,0,0.7469047904014587,0.7469047904014587,0.0
images/train/0000136_00162_d_0000154.jpg,162,2,3,1,0.5711938142776489,0.5711938142776489,0.0
images/train/0000136_00162_d_0000154.jpg,163,3,4,1,0.46249231696128845,0.7963615655899048,0.33386924862861633
images/train/0000136_00162_d_0000154.jpg,164,2,3,1,0.7985295653343201,0.8186560273170471,0.02012646198272705
images/train/0000136_00162_d_0000154.jpg,165,4,4,0,0.9322735071182251,0.9322735071182251,0.0
images/train/0000136_00162_d_0000154.jpg,166,2,2,0,0.11078151315450668,0.11078151315450668,0.0
images/train/0000136_00162_d_0000154.jpg,167,0,1,1,0.0,0.0,0.0
images/train/0000136_00162_d_0000154.jpg,168,1,2,1,0.12457061558961868,0.12457061558961868,0.0
images/train/0000136_00162_d_0000154.jpg,169,1,1,0,0.39770379662513733,0.39770379662513733,0.0
images/train/0000136_00162_d_0000154.jpg,170,0,0,0,0.0,0.0,0.0
images/train/0000136_00162_d_0000154.jpg,171,2,6,4,1.0943403244018555,1.6569393873214722,0.5625990629196167
images/train/0000136_00162_d_0000154.jpg,172,3,5,2,2.063270330429077,2.0646986961364746,0.001428365707397461
images/train/0000136_00162_d_0000154.jpg,173,3,2,-1,0.4541197419166565,0.4040820896625519,-0.050037652254104614
images/train/0000136_00162_d_0000154.jpg,174,1,1,0,0.5080531239509583,0.5080531239509583,0.0
images/train/0000136_00162_d_0000154.jpg,175,1,4,3,0.5632399916648865,1.481589674949646,0.9183496832847595
images/train/0000136_00162_d_0000154.jpg,176,0,1,1,0.0,0.0,0.0
images/train/0000136_00162_d_0000154.jpg,177,0,0,0,0.0,0.0,0.0
images/train/0000136_00162_d_0000154.jpg,178,1,1,0,4.1202987629711426e-22,0.0,-4.1202987629711426e-22
images/train/0000136_00162_d_0000154.jpg,179,2,2,0,0.6449978947639465,0.6449978947639465,0.0
images/train/0000136_00162_d_0000154.jpg,180,2,2,0,1.3659181594848633,1.3659181594848633,0.0
images/train/0000136_00162_d_0000154.jpg,181,3,4,1,1.4792097806930542,1.547673225402832,0.06846344470977783
images/train/0000136_00162_d_0000154.jpg,182,4,3,-1,0.9161816835403442,0.9161816835403442,0.0
images/train/0000136_00162_d_0000154.jpg,183,0,0,0,0.0,0.0,0.0
images/train/0000136_00162_d_0000154.jpg,184,0,0,0,0.0,0.0,0.0
images/train/0000136_00162_d_0000154.jpg,185,2,2,0,0.5663768649101257,0.5663768649101257,0.0
images/train/0000136_00162_d_0000154.jpg,186,3,4,1,1.180068016052246,1.1810317039489746,0.0009636878967285156
images/train/0000136_00162_d_0000154.jpg,187,1,4,3,0.39552435278892517,0.4758707880973816,0.08034643530845642
images/train/0000136_00162_d_0000154.jpg,188,2,3,1,0.8119096159934998,0.8119096159934998,0.0
images/train/0000136_00162_d_0000154.jpg,189,3,5,2,2.310586929321289,2.3638830184936523,0.05329608917236328
images/train/0000136_00162_d_0000154.jpg,190,5,9,4,2.056605815887451,2.1317877769470215,0.07518196105957031
images/train/0000136_00162_d_0000154.jpg,191,4,7,3,1.1534721851348877,1.3400734663009644,0.18660128116607666
images/train/0000136_00162_d_0000154.jpg,192,6,7,1,0.992100179195404,0.992100179195404,0.0
images/train/0000136_00162_d_0000154.jpg,193,8,13,5,3.6460933685302734,3.694776773452759,0.04868340492248535
images/train/0000136_00162_d_0000154.jpg,194,10,13,3,7.329112529754639,7.3293538093566895,0.00024127960205078125
images/train/0000136_00162_d_0000154.jpg,195,10,13,3,7.361680030822754,7.439262390136719,0.07758235931396484
images/train/0000136_00162_d_0000154.jpg,198,10,13,3,6.594882011413574,7.107519626617432,0.5126376152038574
images/train/0000136_00162_d_0000154.jpg,200,8,11,3,4.01744270324707,4.0828962326049805,0.06545352935791016
images/train/0000136_00162_d_0000154.jpg,201,4,5,1,0.705034613609314,0.705034613609314,0.0
images/train/0000136_00162_d_0000154.jpg,202,2,3,1,0.45897454023361206,0.45897454023361206,0.0
images/train/0000136_00162_d_0000154.jpg,203,1,1,0,0.4861738979816437,0.4861738979816437,0.0
images/train/0000136_00162_d_0000154.jpg,204,0,0,0,0.0,0.0,0.0
images/train/0000136_00162_d_0000154.jpg,205,2,2,0,0.5002760291099548,0.5002760291099548,0.0
images/train/0000136_00162_d_0000154.jpg,206,1,1,0,0.43950313329696655,0.43950313329696655,0.0
images/train/0000136_00162_d_0000154.jpg,207,0,1,1,0.0,0.3999161422252655,0.3999161422252655
images/train/0000136_00162_d_0000154.jpg,208,0,0,0,0.0,0.0,0.0
images/train/0000136_00162_d_0000154.jpg,209,3,5,2,0.8212871551513672,0.821287214756012,5.960464477539063e-08
images/train/0000136_00162_d_0000154.jpg,210,10,13,3,8.867427825927734,10.04847526550293,1.1810474395751953
images/train/0000136_00162_d_0000154.jpg,211,3,3,0,1.359872579574585,1.359872579574585,0.0
images/train/0000136_00162_d_0000154.jpg,212,2,1,-1,0.5598532557487488,0.2083779275417328,-0.351475328207016
images/train/0000136_00162_d_0000154.jpg,213,3,3,0,0.8317872285842896,0.8317872285842896,0.0
images/train/0000136_00162_d_0000154.jpg,214,1,0,-1,0.26985201239585876,0.0,-0.26985201239585876
images/train/0000136_00162_d_0000154.jpg,215,2,2,0,0.762543797492981,0.762543797492981,0.0
images/train/0000136_00162_d_0000154.jpg,216,3,3,0,0.8805636167526245,0.8805636167526245,0.0
images/train/0000136_00162_d_0000154.jpg,217,3,3,0,0.8463903665542603,0.8463903665542603,0.0
images/train/0000136_00162_d_0000154.jpg,218,3,4,1,1.5348610877990723,1.6806092262268066,0.14574813842773438
images/train/0000136_00162_d_0000154.jpg,219,2,2,0,0.6749155521392822,0.6749155521392822,0.0
images/train/0000136_00162_d_0000154.jpg,220,0,1,1,0.0,0.1110948994755745,0.1110948994755745
images/train/0000136_00162_d_0000154.jpg,221,0,0,0,0.0,0.0,0.0
images/train/0000136_00162_d_0000154.jpg,222,2,4,2,0.8663462996482849,1.0563080310821533,0.1899617314338684
images/train/0000136_00162_d_0000154.jpg,223,0,0,0,0.0,0.0,0.0
images/train/0000136_00162_d_0000154.jpg,224,0,0,0,0.0,0.0,0.0
images/train/0000136_00162_d_0000154.jpg,225,1,2,1,0.2088213860988617,0.2088213860988617,0.0
images/train/0000136_00162_d_0000154.jpg,226,1,2,1,0.17538975179195404,0.20056554675102234,0.0251757949590683
images/train/0000136_00162_d_0000154.jpg,227,0,0,0,0.0,0.0,0.0
images/train/0000136_00162_d_0000154.jpg,228,1,0,-1,0.09016488492488861,0.0,-0.09016488492488861
images/train/0000136_00162_d_0000154.jpg,229,1,1,0,0.15101732313632965,0.15101732313632965,0.0
images/train/0000136_00162_d_0000154.jpg,230,0,0,0,0.0,0.0,0.0
images/train/0000136_00162_d_0000154.jpg,231,2,2,0,0.1887820065021515,0.1887820065021515,0.0
images/train/0000136_00162_d_0000154.jpg,232,3,4,1,0.7531796097755432,0.7633752226829529,0.010195612907409668
images/train/0000136_00162_d_0000154.jpg,233,0,0,0,0.0,0.0,0.0
images/train/0000136_00162_d_0000154.jpg,234,1,2,1,0.49292638897895813,0.49292638897895813,0.0
images/train/0000136_00162_d_0000154.jpg,235,1,5,4,0.33443889021873474,0.33443889021873474,0.0
images/train/0000136_00162_d_0000154.jpg,236,3,5,2,0.48477643728256226,0.4848616123199463,8.51750373840332e-05
images/train/0000136_00162_d_0000154.jpg,237,1,3,2,0.34526902437210083,0.6098540425300598,0.264585018157959
images/train/0000136_00162_d_0000154.jpg,238,1,4,3,0.3043566644191742,0.5067734122276306,0.20241674780845642
images/train/0000136_00162_d_0000154.jpg,239,2,6,4,0.2974519431591034,0.5254526138305664,0.228000670671463
images/train/0000136_00162_d_0000154.jpg,240,1,5,4,0.10817465931177139,0.10817465931177139,0.0
images/train/0000136_00162_d_0000154.jpg,241,1,1,0,0.5030420422554016,0.5030420422554016,0.0
images/train/0000146_00601_d_0000060.jpg,1,10,13,3,6.593052864074707,6.997165679931641,0.4041128158569336
images/train/0000146_00601_d_0000060.jpg,2,5,12,7,3.166898250579834,3.213212251663208,0.04631400108337402
images/train/0000146_00601_d_0000060.jpg,3,10,13,3,7.992866516113281,8.373305320739746,0.38043880462646484
images/train/0000146_00601_d_0000060.jpg,4,10,13,3,7.022309303283691,7.744750499725342,0.7224411964416504
images/train/0000146_00601_d_0000060.jpg,5,5,9,4,2.6187379360198975,2.6446492671966553,0.025911331176757812
images/train/0000146_00601_d_0000060.jpg,6,10,13,3,4.515369892120361,4.579875946044922,0.06450605392456055
images/train/0000146_00601_d_0000060.jpg,12,10,13,3,5.507805824279785,5.512753486633301,0.004947662353515625
images/train/0000146_00601_d_0000060.jpg,13,7,11,4,1.8510462045669556,2.4007680416107178,0.5497218370437622
images/train/0000146_00601_d_0000060.jpg,14,10,12,2,3.941697597503662,4.311617374420166,0.3699197769165039
images/train/0000146_00601_d_0000060.jpg,16,10,13,3,2.8457438945770264,3.050171136856079,0.20442724227905273
images/train/0000146_00601_d_0000060.jpg,17,1,3,2,0.49722057580947876,0.5196040868759155,0.022383511066436768
images/train/0000146_00601_d_0000060.jpg,18,4,11,7,1.656805157661438,2.4236702919006348,0.7668651342391968
images/train/0000146_00601_d_0000060.jpg,19,0,1,1,0.0,0.0,0.0
images/train/0000146_00601_d_0000060.jpg,20,3,3,0,0.601190984249115,0.601190984249115,0.0
images/train/0000146_00601_d_0000060.jpg,21,4,9,5,1.2810866832733154,1.417629361152649,0.1365426778793335
images/train/0000146_00601_d_0000060.jpg,22,7,9,2,0.9726834297180176,0.9855343699455261,0.012850940227508545
images/train/0000146_00601_d_0000060.jpg,23,6,8,2,2.618213176727295,2.618333339691162,0.0001201629638671875
images/train/0000146_00601_d_0000060.jpg,24,3,3,0,0.3966515064239502,0.3966515064239502,0.0
images/train/0000146_00601_d_0000060.jpg,25,4,6,2,1.1001124382019043,1.1844496726989746,0.08433723449707031
images/train/0000146_00601_d_0000060.jpg,26,2,4,2,1.6455495357513428,1.6590452194213867,0.013495683670043945
images/train/0000146_00601_d_0000060.jpg,27,3,4,1,0.6377177834510803,0.6377177834510803,0.0
images/train/0000146_00601_d_0000060.jpg,28,1,2,1,0.5183558464050293,0.7392367720603943,0.220880925655365
images/train/0000146_00601_d_0000060.jpg,29,2,7,5,0.7799334526062012,1.796755313873291,1.0168218612670898
images/train/0000146_00601_d_0000060.jpg,30,4,5,1,3.389044761657715,3.393679618835449,0.004634857177734375
images/train/0000146_00601_d_0000060.jpg,31,2,3,1,1.4422245025634766,1.4422245025634766,0.0
images/train/0000146_00601_d_0000060.jpg,32,2,5,3,1.5429613590240479,1.8674023151397705,0.32444095611572266
images/train/0000146_00601_d_0000060.jpg,33,4,6,2,1.9675089120864868,1.9694539308547974,0.0019450187683105469
images/train/0000146_00601_d_0000060.jpg,34,0,0,0,0.0,0.0,0.0
images/train/0000146_00601_d_0000060.jpg,35,2,2,0,0.6979323029518127,0.6979323029518127,0.0
images/train/0000146_00601_d_0000060.jpg,36,3,4,1,0.9901595115661621,1.1137733459472656,0.12361383438110352
images/train/0000146_00601_d_0000060.jpg,37,2,3,1,0.7006754279136658,0.7006754279136658,0.0
images/train/0000146_00601_d_0000060.jpg,38,3,4,1,0.7767366766929626,0.7767366766929626,0.0
images/train/0000146_00601_d_0000060.jpg,39,5,9,4,2.651731491088867,3.5440402030944824,0.8923087120056152
images/train/0000146_00601_d_0000060.jpg,40,1,6,5,0.8594444394111633,1.2204498052597046,0.36100536584854126
images/train/0000146_00601_d_0000060.jpg,45,3,10,7,1.190758228302002,1.4460418224334717,0.2552835941314697
images/train/0000146_00601_d_0000060.jpg,46,7,9,2,1.386887550354004,1.3871721029281616,0.00028455257415771484
images/train/0000146_00601_d_0000060.jpg,47,2,8,6,0.8354638814926147,0.835469126701355,5.245208740234375e-06
images/train/0000146_00601_d_0000060.jpg,48,3,3,0,1.1218656301498413,1.1218656301498413,0.0
images/train/0000146_00601_d_0000060.jpg,49,2,8,6,0.7391036748886108,1.1810179948806763,0.44191431999206543
images/train/0000146_00601_d_0000060.jpg,50,3,3,0,0.3982027769088745,0.28396716713905334,-0.11423560976982117
images/train/0000146_00601_d_0000060.jpg,51,6,10,4,3.162051200866699,3.3470733165740967,0.18502211570739746
images/train/0000146_00601_d_0000060.jpg,52,9,11,2,4.229032039642334,4.298282623291016,0.06925058364868164
images/train/0000146_00601_d_0000060.jpg,53,8,13,5,3.861948013305664,4.0863423347473145,0.2243943214416504
images/train/0000146_00601_d_0000060.jpg,54,3,7,4,0.3876388669013977,0.388762891292572,0.0011240243911743164
images/train/0000146_00601_d_0000060.jpg,55,7,10,3,1.729396104812622,1.7294907569885254,9.465217590332031e-05
images/train/0000146_00601_d_0000060.jpg,56,2,3,1,0.6547427773475647,0.6782445311546326,0.02350175380706787
images/train/0000146_00601_d_0000060.jpg,57,2,2,0,0.5170990228652954,0.5170990228652954,0.0
images/train/0000146_00601_d_0000060.jpg,58,3,4,1,0.5475131273269653,0.5475131273269653,0.0
images/train/0000146_00601_d_0000060.jpg,59,2,2,0,0.5380358099937439,0.5380358099937439,0.0
images/train/0000146_00601_d_0000060.jpg,60,0,0,0,0.0,0.0,0.0
images/train/0000146_00601_d_0000060.jpg,61,0,0,0,0.0,0.0,0.0
images/train/0000146_00601_d_0000060.jpg,62,1,1,0,0.2536878287792206,0.2536878287792206,0.0
images/train/0000146_00601_d_0000060.jpg,63,0,2,2,0.0,0.0,0.0
images/train/0000146_00601_d_0000060.jpg,64,1,3,2,0.01834789477288723,0.01834789477288723,0.0
images/train/0000146_00601_d_0000060.jpg,65,3,3,0,0.6124239563941956,0.6124239563941956,0.0
images/train/0000146_00601_d_0000060.jpg,66,1,1,0,0.6163920760154724,0.6163920760154724,0.0
images/train/0000146_00601_d_0000060.jpg,67,1,2,1,0.5659494996070862,0.5659494996070862,0.0
images/train/0000146_00601_d_0000060.jpg,68,2,1,-1,0.7524076104164124,0.7524075508117676,-5.960464477539063e-08
images/train/0000146_00601_d_0000060.jpg,69,3,3,0,0.5241690874099731,0.5241690874099731,0.0
images/train/0000146_00601_d_0000060.jpg,70,0,0,0,0.0,0.0,0.0
images/train/0000146_00601_d_0000060.jpg,71,0,0,0,0.0,0.0,0.0
images/train/0000146_00601_d_0000060.jpg,72,0,0,0,0.0,0.0,0.0
images/train/0000146_00601_d_0000060.jpg,73,2,2,0,0.5707479119300842,0.5707479119300842,0.0
images/train/0000146_00601_d_0000060.jpg,74,1,2,1,0.24712491035461426,0.24712491035461426,0.0
images/train/0000146_00601_d_0000060.jpg,75,0,0,0,0.0,0.0,0.0
images/train/0000146_00601_d_0000060.jpg,76,0,2,2,0.0,0.0,0.0
images/train/0000146_00601_d_0000060.jpg,77,1,2,1,0.27273306250572205,0.27273306250572205,0.0
images/train/0000146_00601_d_0000060.jpg,78,0,0,0,0.0,0.0,0.0
images/train/0000146_00601_d_0000060.jpg,79,1,1,0,0.2735942304134369,0.2735942304134369,0.0
images/train/0000146_00601_d_0000060.jpg,80,1,1,0,0.3632757365703583,0.3632757365703583,0.0
images/train/0000146_00601_d_0000060.jpg,81,4,6,2,0.8137495517730713,0.8137496113777161,5.960464477539063e-08
images/train/0000146_00601_d_0000060.jpg,82,2,2,0,1.3276443481445312,1.3276443481445312,0.0
images/train/0000146_00601_d_0000060.jpg,83,3,3,0,1.5170292854309082,1.5170292854309082,0.0
images/train/0000146_00601_d_0000060.jpg,84,0,0,0,0.0,0.0,0.0
images/train/0000196_03072_d_0000141.jpg,4,3,6,3,0.5406716465950012,0.7350351214408875,0.19436347484588623
images/train/0000196_03072_d_0000141.jpg,5,4,5,1,0.40153154730796814,0.42414695024490356,0.022615402936935425
images/train/0000196_03072_d_0000141.jpg,6,1,0,-1,0.23978422582149506,0.0,-0.23978422582149506
images/train/0000196_03072_d_0000141.jpg,7,0,0,0,0.0,0.0,0.0
images/train/0000196_03072_d_0000141.jpg,8,6,12,6,1.8471932411193848,2.29815411567688,0.4509608745574951
images/train/0000196_03072_d_0000141.jpg,9,10,13,3,7.305614471435547,7.5968499183654785,0.29123544692993164
images/train/0000196_03072_d_0000141.jpg,10,7,13,6,5.2951884269714355,6.516549587249756,1.2213611602783203
images/train/0000196_03072_d_0000141.jpg,11,6,9,3,3.174955129623413,3.191620111465454,0.016664981842041016
images/train/0000196_03072_d_0000141.jpg,12,8,12,4,4.02864933013916,4.344760894775391,0.31611156463623047
images/train/0000196_03072_d_0000141.jpg,13,6,12,6,4.8034138679504395,5.160046100616455,0.3566322326660156
images/train/0000196_03072_d_0000141.jpg,14,9,12,3,5.830954074859619,5.832088470458984,0.0011343955993652344
images/train/0000196_03072_d_0000141.jpg,15,4,9,5,2.160106897354126,2.3034443855285645,0.14333748817443848
images/train/0000196_03072_d_0000141.jpg,16,5,9,4,3.3378968238830566,3.3378965854644775,-2.384185791015625e-07
images/train/0000196_03072_d_0000141.jpg,17,2,3,1,0.8208338022232056,0.9252963066101074,0.10446250438690186
images/train/0000196_03072_d_0000141.jpg,18,4,9,5,1.008061408996582,1.0407847166061401,0.032723307609558105
images/train/0000196_03072_d_0000141.jpg,19,4,4,0,0.8223912119865417,1.0516682863235474,0.22927707433700562
images/train/0000196_03072_d_0000141.jpg,20,5,5,0,2.947594165802002,2.947594165802002,0.0
images/train/0000196_03072_d_0000141.jpg,21,5,6,1,1.5711981058120728,1.5711981058120728,0.0
images/train/0000196_03072_d_0000141.jpg,22,3,6,3,1.017927646636963,1.1398597955703735,0.12193214893341064
images/train/0000196_03072_d_0000141.jpg,23,2,3,1,0.9547405242919922,0.9550560116767883,0.0003154873847961426
images/train/0000196_03072_d_0000141.jpg,24,4,4,0,0.7691671252250671,0.7702608704566956,0.001093745231628418
images/train/0000196_03072_d_0000141.jpg,25,2,3,1,0.8739179968833923,0.8739179968833923,0.0
images/train/0000196_03072_d_0000141.jpg,26,3,6,3,0.8925043940544128,0.8925295472145081,2.5153160095214844e-05
images/train/0000196_03072_d_0000141.jpg,27,1,2,1,0.8064751029014587,0.8076338768005371,0.0011587738990783691
images/train/0000196_03072_d_0000141.jpg,28,1,1,0,0.6973786950111389,0.6973786950111389,0.0
images/train/0000196_03072_d_0000141.jpg,29,0,3,3,0.0,0.1722327470779419,0.1722327470779419
images/train/0000196_03072_d_0000141.jpg,30,1,2,1,0.6908969879150391,0.7322031259536743,0.041306138038635254
images/train/0000196_03072_d_0000141.jpg,31,2,4,2,0.6575056314468384,0.8757718801498413,0.21826624870300293
images/train/0000196_03072_d_0000141.jpg,32,1,4,3,0.44409045577049255,0.8638863563537598,0.4197959005832672
images/train/0000196_03072_d_0000141.jpg,33,1,3,2,0.7732981443405151,0.7733031511306763,5.0067901611328125e-06
images/train/0000196_03072_d_0000141.jpg,34,2,2,0,1.1466872692108154,1.1466872692108154,0.0
images/train/0000196_03072_d_0000141.jpg,35,2,4,2,0.7577913999557495,0.7577913999557495,0.0
images/train/0000196_03072_d_0000141.jpg,36,1,1,0,0.4735497832298279,0.4735497832298279,0.0
images/train/0000196_03072_d_0000141.jpg,37,0,1,1,0.0,0.0,0.0
images/train/0000196_03072_d_0000141.jpg,38,0,2,2,0.0,0.0,0.0
images/train/0000196_03072_d_0000141.jpg,39,2,2,0,0.8427383899688721,0.8427383899688721,0.0
images/train/0000196_03072_d_0000141.jpg,40,1,1,0,0.5377254486083984,0.5377254486083984,0.0
images/train/0000196_03072_d_0000141.jpg,41,1,1,0,0.44808462262153625,0.44808462262153625,0.0
images/train/0000196_03072_d_0000141.jpg,42,1,4,3,0.5576257705688477,1.0127317905426025,0.4551060199737549
images/train/0000196_03072_d_0000141.jpg,43,2,3,1,0.26664474606513977,0.26664474606513977,0.0
images/train/0000196_03072_d_0000141.jpg,44,0,4,4,0.0,0.0,0.0
images/train/0000196_03072_d_0000141.jpg,45,1,3,2,0.4249543249607086,0.4249543249607086,0.0
images/train/0000196_03072_d_0000141.jpg,46,3,3,0,0.6921056509017944,0.6921056509017944,0.0
images/train/0000196_03072_d_0000141.jpg,47,0,2,2,0.0,0.0,0.0
images/train/0000196_03072_d_0000141.jpg,48,1,3,2,0.2167503535747528,0.2167503535747528,0.0
images/train/0000196_03072_d_0000141.jpg,49,0,0,0,0.0,0.0,0.0
images/train/0000196_03072_d_0000141.jpg,50,0,0,0,0.0,0.0,0.0
images/train/0000196_03072_d_0000141.jpg,51,0,0,0,0.0,0.0,0.0
images/train/0000196_03072_d_0000141.jpg,52,0,0,0,0.0,0.0,0.0
images/train/0000196_03072_d_0000141.jpg,53,0,0,0,0.0,0.0,0.0
images/train/0000196_03072_d_0000141.jpg,54,0,0,0,0.0,0.0,0.0
images/train/0000196_03072_d_0000141.jpg,55,1,1,0,0.6864587664604187,0.6864587664604187,0.0
images/train/0000196_03072_d_0000141.jpg,56,0,0,0,0.0,0.0,0.0
images/train/0000196_03072_d_0000141.jpg,57,1,1,0,0.5582445859909058,0.5582445859909058,0.0
images/train/0000196_03072_d_0000141.jpg,58,1,1,0,0.2937242090702057,0.2937242090702057,0.0
images/train/0000196_03072_d_0000141.jpg,59,1,1,0,0.33585336804389954,0.33585336804389954,0.0
images/train/0000196_03072_d_0000141.jpg,60,3,3,0,1.3392276763916016,1.3392276763916016,0.0
images/train/0000196_03072_d_0000141.jpg,61,1,2,1,0.9010253548622131,0.9010310173034668,5.662441253662109e-06
images/train/0000196_03072_d_0000141.jpg,62,2,2,0,0.934223473072052,0.934223473072052,0.0
images/train/0000196_03072_d_0000141.jpg,63,1,1,0,0.5397676825523376,0.0,-0.5397676825523376
images/train/0000196_03072_d_0000141.jpg,64,2,2,0,0.5500192046165466,0.5500192046165466,0.0
images/train/0000196_03072_d_0000141.jpg,65,5,5,0,0.9153198599815369,0.9153198599815369,0.0
images/train/0000196_03072_d_0000141.jpg,66,0,0,0,0.0,0.0,0.0
images/train/0000196_03072_d_0000141.jpg,67,3,3,0,1.3527741432189941,1.3527741432189941,0.0
images/train/0000196_03072_d_0000141.jpg,68,2,3,1,1.3140422105789185,1.505249261856079,0.19120705127716064
images/train/0000196_03072_d_0000141.jpg,69,1,3,2,0.5337289571762085,0.9134395718574524,0.3797106146812439
images/train/0000196_03072_d_0000141.jpg,70,3,3,0,1.0873000621795654,1.0873000621795654,0.0
images/train/0000196_03072_d_0000141.jpg,71,2,3,1,1.0974841117858887,1.3475303649902344,0.2500462532043457
images/train/0000196_03072_d_0000141.jpg,72,3,5,2,1.0248517990112305,1.713149070739746,0.6882972717285156
images/train/0000196_03072_d_0000141.jpg,73,1,1,0,0.5848076343536377,0.5848076343536377,0.0
images/train/0000196_03072_d_0000141.jpg,74,3,5,2,0.8302891254425049,0.8302903175354004,1.1920928955078125e-06
images/train/0000196_03072_d_0000141.jpg,75,1,2,1,0.3009910583496094,0.3126644194126129,0.01167336106300354
images/train/0000196_03072_d_0000141.jpg,76,1,3,2,0.8807277679443359,1.439329743385315,0.558601975440979
images/train/0000196_03072_d_0000141.jpg,77,1,0,-1,0.7624905109405518,0.0,-0.7624905109405518
images/train/0000196_03072_d_0000141.jpg,78,1,6,5,0.7879894375801086,2.2614052295684814,1.4734157919883728
images/train/0000196_03072_d_0000141.jpg,79,4,10,6,1.255556344985962,2.038414716720581,0.7828583717346191
images/train/0000196_03072_d_0000141.jpg,80,1,1,0,0.595346987247467,0.0,-0.595346987247467
images/train/0000196_03072_d_0000141.jpg,81,2,5,3,1.4030296802520752,1.5400232076644897,0.13699352741241455
images/train/0000196_03072_d_0000141.jpg,82,0,2,2,0.0,0.6045542359352112,0.6045542359352112
images/train/0000196_03072_d_0000141.jpg,83,7,11,4,4.551002502441406,4.554495334625244,0.0034928321838378906
images/train/0000196_03072_d_0000141.jpg,84,1,2,1,0.8464653491973877,0.9016596078872681,0.05519425868988037
images/train/0000196_03072_d_0000141.jpg,85,3,8,5,2.190779685974121,2.3494873046875,0.1587076187133789
images/train/0000196_03072_d_0000141.jpg,86,0,0,0,0.0,0.0,0.0
images/train/0000196_03072_d_0000141.jpg,87,1,0,-1,0.4834035038948059,0.0,-0.4834035038948059
images/train/0000196_03072_d_0000141.jpg,88,3,7,4,1.5094228982925415,1.77033269405365,0.2609097957611084
images/train/0000196_03072_d_0000141.jpg,89,1,2,1,0.6212150454521179,0.6931524276733398,0.07193738222122192
images/train/0000196_03072_d_0000141.jpg,90,4,8,4,1.5583356618881226,2.07611346244812,0.5177778005599976
images/train/0000196_03072_d_0000141.jpg,91,4,8,4,1.7977676391601562,2.079667091369629,0.28189945220947266
images/train/0000196_03072_d_0000141.jpg,92,3,5,2,1.1440708637237549,1.8451061248779297,0.7010352611541748
images/train/0000196_03072_d_0000141.jpg,93,5,8,3,1.6785428524017334,1.7355481386184692,0.05700528621673584
images/train/0000196_03072_d_0000141.jpg,94,4,7,3,1.5295295715332031,1.5346958637237549,0.005166292190551758
images/train/0000196_03072_d_0000141.jpg,95,3,5,2,0.8886106014251709,0.9014930129051208,0.012882411479949951
images/train/0000196_03072_d_0000141.jpg,96,5,5,0,1.5256242752075195,1.5256242752075195,0.0
images/train/0000196_03072_d_0000141.jpg,97,2,5,3,0.7772907614707947,0.9844125509262085,0.20712178945541382
images/train/0000196_03072_d_0000141.jpg,98,5,6,1,1.1225347518920898,1.1326206922531128,0.01008594036102295
images/train/0000196_03072_d_0000141.jpg,99,6,10,4,1.3833904266357422,1.6905930042266846,0.3072025775909424
images/train/0000196_03072_d_0000141.jpg,100,1,4,3,0.3746887147426605,0.39216411113739014,0.017475396394729614
images/train/0000196_03072_d_0000141.jpg,101,2,2,0,0.35090765357017517,0.35090765357017517,0.0
images/train/0000196_03072_d_0000141.jpg,102,10,13,3,0.37047314643859863,0.38612431287765503,0.015651166439056396
images/train/0000196_03072_d_0000141.jpg,103,5,7,2,1.3092094659805298,1.3121132850646973,0.0029038190841674805
images/train/0000196_03072_d_0000141.jpg,104,1,3,2,0.6216477751731873,1.2235188484191895,0.6018710732460022
images/train/0000196_03072_d_0000141.jpg,105,4,5,1,1.3072885274887085,1.3072885274887085,0.0
images/train/0000196_03072_d_0000141.jpg,106,4,5,1,1.162086009979248,1.162086009979248,0.0
images/train/0000196_03072_d_0000141.jpg,107,1,2,1,0.8803136348724365,0.9084352850914001,0.028121650218963623
images/train/0000196_03072_d_0000141.jpg,108,2,3,1,0.41854703426361084,0.41854703426361084,0.0
images/train/0000196_03072_d_0000141.jpg,109,2,2,0,0.6459766626358032,0.6240852475166321,-0.021891415119171143
images/train/0000196_03072_d_0000141.jpg,110,3,5,2,1.6348910331726074,1.6659685373306274,0.03107750415802002
images/train/0000196_03072_d_0000141.jpg,111,4,4,0,0.5881766080856323,0.5881766080856323,0.0
images/train/0000196_03072_d_0000141.jpg,112,2,2,0,0.7652673721313477,0.7652673721313477,0.0
images/train/0000196_03072_d_0000141.jpg,113,0,1,1,0.0,0.0,0.0
images/train/0000196_03072_d_0000141.jpg,114,0,1,1,0.0,0.0,0.0
images/train/0000196_03072_d_0000141.jpg,115,3,3,0,0.7447240352630615,0.7440550327301025,-0.0006690025329589844
images/train/0000196_03072_d_0000141.jpg,116,5,6,1,2.1963021755218506,2.1963021755218506,0.0
images/train/0000196_03072_d_0000141.jpg,117,3,5,2,0.7375243902206421,1.235206961631775,0.4976825714111328
images/train/0000196_03072_d_0000141.jpg,118,1,2,1,0.5960906147956848,0.5965688824653625,0.0004782676696777344
images/train/0000196_03072_d_0000141.jpg,119,1,0,-1,0.17725622653961182,0.0,-0.17725622653961182
images/train/0000196_03072_d_0000141.jpg,120,0,3,3,0.0,0.5871083736419678,0.5871083736419678
images/train/0000196_03072_d_0000141.jpg,121,2,1,-1,0.6980880498886108,0.6774612665176392,-0.02062678337097168
images/train/0000196_03072_d_0000141.jpg,122,5,5,0,1.2106812000274658,1.2106812000274658,0.0
images/train/0000196_03072_d_0000141.jpg,123,1,3,2,0.490684449672699,0.49493589997291565,0.004251450300216675
images/train/0000196_03072_d_0000141.jpg,124,5,5,0,1.6021397113800049,1.6021397113800049,0.0
images/train/0000196_03072_d_0000141.jpg,125,0,0,0,0.0,0.0,0.0
images/train/0000196_03072_d_0000141.jpg,126,2,4,2,1.3583319187164307,1.4672355651855469,0.10890364646911621
images/train/0000196_03072_d_0000141.jpg,127,3,1,-2,0.7193187475204468,0.711059033870697,-0.008259713649749756
images/train/0000196_03072_d_0000141.jpg,128,2,6,4,0.6616175770759583,0.681309163570404,0.0196915864944458
images/train/0000196_03072_d_0000141.jpg,129,2,5,3,0.5906379222869873,0.6240131855010986,0.03337526321411133
images/train/0000196_03072_d_0000141.jpg,130,2,4,2,0.35058918595314026,0.3521057367324829,0.0015165507793426514
images/train/0000196_03072_d_0000141.jpg,131,1,1,0,0.08580924570560455,0.08580924570560455,0.0
images/train/0000196_03072_d_0000141.jpg,132,2,4,2,0.716499924659729,0.7189692854881287,0.002469360828399658
images/train/0000196_03072_d_0000141.jpg,133,2,2,0,0.34940290451049805,0.34940290451049805,0.0
images/train/0000196_03072_d_0000141.jpg,134,3,6,3,0.40453070402145386,0.4128841757774353,0.008353471755981445
images/train/0000196_03072_d_0000141.jpg,135,1,4,3,0.41285473108291626,0.7337310910224915,0.3208763599395752
images/train/0000196_03072_d_0000141.jpg,136,1,2,1,0.4311254620552063,0.4311254620552063,0.0
images/train/0000196_03072_d_0000141.jpg,137,3,2,-1,0.7952720522880554,0.7952605485916138,-1.150369644165039e-05
images/train/0000196_03072_d_0000141.jpg,138,1,2,1,0.6688112020492554,0.6688479781150818,3.6776065826416016e-05
images/train/0000196_03072_d_0000141.jpg,139,2,2,0,0.6290028691291809,0.6290028691291809,0.0
images/train/0000196_03072_d_0000141.jpg,140,3,3,0,0.7422498464584351,0.7422498464584351,0.0
images/train/0000196_03072_d_0000141.jpg,141,3,3,0,0.6192001104354858,0.6192001104354858,0.0
images/train/0000196_03072_d_0000141.jpg,142,1,5,4,0.7526121735572815,0.7526121735572815,0.0
images/train/0000196_03072_d_0000141.jpg,143,1,3,2,0.752498209476471,0.8316554427146912,0.07915723323822021
images/train/0000196_03072_d_0000141.jpg,144,1,3,2,0.7711563110351562,0.7711563110351562,0.0
images/train/0000196_03072_d_0000141.jpg,145,0,2,2,0.0,0.0,0.0
images/train/0000196_03072_d_0000141.jpg,146,2,3,1,0.3464255928993225,0.3464255928993225,0.0
images/train/0000196_03072_d_0000141.jpg,147,2,4,2,0.7456899285316467,0.7457049489021301,1.5020370483398438e-05
images/train/0000196_03072_d_0000141.jpg,148,1,2,1,0.5571997165679932,0.5589001774787903,0.0017004609107971191
images/train/0000196_03072_d_0000141.jpg,149,3,4,1,0.954808235168457,0.9590164422988892,0.004208207130432129
images/train/0000196_03072_d_0000141.jpg,150,1,1,0,0.7801859378814697,0.7801859378814697,0.0
images/train/0000196_03072_d_0000141.jpg,151,2,3,1,0.734168529510498,0.734168529510498,0.0
images/train/0000196_03072_d_0000141.jpg,152,2,2,0,0.7942351698875427,0.7942351698875427,0.0
images/train/0000196_03072_d_0000141.jpg,153,0,1,1,0.0,0.0,0.0
images/train/0000196_03072_d_0000141.jpg,154,2,3,1,0.4434509873390198,0.4434509873390198,0.0
images/train/0000196_03072_d_0000141.jpg,155,2,3,1,0.5423869490623474,0.6569410562515259,0.11455410718917847
images/train/0000196_03072_d_0000141.jpg,156,3,5,2,0.7009317278862,0.7233644723892212,0.02243274450302124
images/train/0000196_03072_d_0000141.jpg,157,3,3,0,1.1746245622634888,1.1736538410186768,-0.0009707212448120117
images/train/0000196_03072_d_0000141.jpg,158,1,1,0,0.01626332476735115,0.4804099500179291,0.4641466252505779
images/train/0000196_03072_d_0000141.jpg,159,2,3,1,0.7510170936584473,1.3040086030960083,0.552991509437561
images/train/0000196_03072_d_0000141.jpg,160,2,3,1,0.4605514407157898,0.4611635208129883,0.0006120800971984863
images/train/0000196_03072_d_0000141.jpg,161,2,2,0,0.513173520565033,0.513173520565033,0.0
images/train/0000196_03072_d_0000141.jpg,162,1,1,0,0.28415796160697937,0.28415796160697937,0.0
images/train/0000196_03072_d_0000141.jpg,163,1,1,0,0.6077356338500977,0.6077356338500977,0.0
images/train/0000196_03072_d_0000141.jpg,164,1,2,1,0.7270538210868835,0.7445345520973206,0.01748073101043701
images/train/0000196_03072_d_0000141.jpg,165,1,1,0,0.7377318739891052,0.7377318739891052,0.0
images/train/0000196_03072_d_0000141.jpg,166,1,0,-1,0.00027506693731993437,0.0,-0.00027506693731993437
images/train/0000196_03072_d_0000141.jpg,167,0,0,0,0.0,0.0,0.0
images/train/0000196_03072_d_0000141.jpg,168,3,4,1,0.9515602588653564,0.952372133731842,0.0008118748664855957
images/train/0000196_03072_d_0000141.jpg,169,2,2,0,0.3772791624069214,0.3772791624069214,0.0
images/train/0000196_03072_d_0000141.jpg,170,1,1,0,0.6636375188827515,0.6636375188827515,0.0
images/train/0000196_03072_d_0000141.jpg,171,1,1,0,0.15000756084918976,0.15000756084918976,0.0
images/train/0000196_03072_d_0000141.jpg,172,1,1,0,0.20328235626220703,0.20328235626220703,0.0
images/train/0000196_03072_d_0000141.jpg,173,1,1,0,0.5024393200874329,0.5024393200874329,0.0
images/train/0000196_03072_d_0000141.jpg,174,0,0,0,0.0,0.0,0.0
images/train/0000196_03072_d_0000141.jpg,175,1,2,1,0.0780257135629654,0.0780257135629654,0.0
images/train/0000196_03072_d_0000141.jpg,176,0,0,0,0.0,0.0,0.0
images/train/0000196_03072_d_0000141.jpg,177,2,4,2,0.6236005425453186,0.6236005425453186,0.0
images/train/0000196_03072_d_0000141.jpg,178,1,2,1,0.3758527934551239,0.3758527934551239,0.0
images/train/0000196_03072_d_0000141.jpg,179,0,2,2,0.0,0.0,0.0
images/train/0000196_03072_d_0000141.jpg,180,2,3,1,0.6744685173034668,0.6744685173034668,0.0
images/train/0000196_03072_d_0000141.jpg,181,2,2,0,0.6402443647384644,0.6402443647384644,0.0
images/train/0000196_03072_d_0000141.jpg,182,0,0,0,0.0,0.0,0.0
images/train/0000196_03072_d_0000141.jpg,183,1,5,4,0.25507816672325134,0.49266400933265686,0.23758584260940552
images/train/0000196_03072_d_0000141.jpg,184,3,7,4,0.5213481783866882,0.5220864415168762,0.0007382631301879883
images/train/0000196_03072_d_0000141.jpg,185,2,2,0,0.4482877254486084,0.4482877254486084,0.0
images/train/0000196_03072_d_0000141.jpg,186,2,5,3,0.7632572054862976,0.7692124843597412,0.0059552788734436035
images/train/0000196_03072_d_0000141.jpg,187,4,5,1,1.3402992486953735,1.3403027057647705,3.4570693969726562e-06
images/train/0000196_03072_d_0000141.jpg,188,3,5,2,1.2493948936462402,1.5329134464263916,0.28351855278015137
images/train/0000196_03072_d_0000141.jpg,189,1,5,4,0.6851468086242676,1.2446560859680176,0.55950927734375
images/train/0000196_03072_d_0000141.jpg,190,2,6,4,0.9415343999862671,1.5689643621444702,0.6274299621582031
images/train/0000196_03072_d_0000141.jpg,191,2,3,1,0.47559958696365356,0.47573819756507874,0.0001386106014251709
images/train/0000196_03072_d_0000141.jpg,192,2,6,4,0.7614277005195618,0.7734943628311157,0.012066662311553955
images/train/0000196_03072_d_0000141.jpg,193,0,2,2,0.0,0.0,0.0
images/train/0000196_03072_d_0000141.jpg,194,4,3,-1,1.1542108058929443,1.1542108058929443,0.0
images/train/0000196_03072_d_0000141.jpg,195,0,0,0,0.0,0.0,0.0
images/train/0000196_03072_d_0000141.jpg,196,1,1,0,0.4846583902835846,0.4846583902835846,0.0
images/train/0000196_03072_d_0000141.jpg,197,1,2,1,0.18232852220535278,0.18232852220535278,0.0
images/train/0000196_03072_d_0000141.jpg,198,0,0,0,0.0,0.0,0.0
images/train/0000196_03072_d_0000141.jpg,199,1,1,0,0.22735998034477234,0.22735998034477234,0.0
images/train/0000196_03072_d_0000141.jpg,200,2,2,0,0.4434172213077545,0.4434172213077545,0.0
images/train/0000196_03072_d_0000141.jpg,201,1,3,2,0.7508507370948792,0.8262521028518677,0.07540136575698853
images/train/0000196_03072_d_0000141.jpg,202,0,3,3,0.0,0.39607906341552734,0.39607906341552734
images/train/0000196_03072_d_0000141.jpg,203,0,1,1,0.0,0.0,0.0
images/train/0000196_03072_d_0000141.jpg,204,3,3,0,0.5945255756378174,0.5945255756378174,0.0
images/train/0000196_03072_d_0000141.jpg,205,2,3,1,0.3760649561882019,0.3860228359699249,0.009957879781723022
images/train/0000196_03072_d_0000141.jpg,206,0,1,1,0.0,0.0,0.0
images/train/0000196_03072_d_0000141.jpg,207,0,0,0,0.0,0.0,0.0
images/train/0000196_03072_d_0000141.jpg,208,1,1,0,0.49503764510154724,0.49503764510154724,0.0
images/train/0000196_03072_d_0000141.jpg,209,2,4,2,0.8398047089576721,0.8398047089576721,0.0
images/train/0000196_03072_d_0000141.jpg,210,0,1,1,0.0,0.42690157890319824,0.42690157890319824
images/train/0000196_03072_d_0000141.jpg,211,2,2,0,0.49254536628723145,0.49254536628723145,0.0
images/train/0000196_03072_d_0000141.jpg,212,1,0,-1,0.14988406002521515,0.0,-0.14988406002521515
images/train/0000196_03072_d_0000141.jpg,213,0,0,0,0.0,0.0,0.0
images/train/0000196_03072_d_0000141.jpg,214,1,1,0,0.24823296070098877,0.24823296070098877,0.0
images/train/0000196_03072_d_0000141.jpg,215,2,5,3,0.2086634784936905,0.2086634784936905,0.0
images/train/0000196_03072_d_0000141.jpg,216,7,9,2,1.397401213645935,1.397628664970398,0.00022745132446289062
images/train/0000199_00000_d_0000162.jpg,0,3,4,1,0.9398782253265381,0.9398782253265381,0.0
images/train/0000199_00000_d_0000162.jpg,1,4,5,1,0.656170129776001,0.656170129776001,0.0
images/train/0000199_00000_d_0000162.jpg,2,4,5,1,0.5496859550476074,0.5496859550476074,0.0
images/train/0000199_00000_d_0000162.jpg,3,10,13,3,7.727293014526367,7.810778617858887,0.08348560333251953
images/train/0000199_00000_d_0000162.jpg,4,5,10,5,2.9581899642944336,4.828586578369141,1.870396614074707
images/train/0000199_00000_d_0000162.jpg,5,4,10,6,1.050188660621643,1.155072808265686,0.10488414764404297
images/train/0000199_00000_d_0000162.jpg,6,4,6,2,2.220534324645996,2.3193161487579346,0.09878182411193848
images/train/0000199_00000_d_0000162.jpg,7,5,13,8,3.5926778316497803,5.372783184051514,1.7801053524017334
images/train/0000199_00000_d_0000162.jpg,11,10,13,3,6.678823471069336,7.148712158203125,0.46988868713378906
images/train/0000199_00000_d_0000162.jpg,12,10,13,3,6.106997489929199,6.749929904937744,0.6429324150085449
images/train/0000199_00000_d_0000162.jpg,13,2,3,1,0.5610396265983582,0.5610396265983582,0.0
images/train/0000199_00000_d_0000162.jpg,14,1,3,2,0.17162050306797028,0.24998009204864502,0.07835958898067474
images/train/0000199_00000_d_0000162.jpg,15,3,6,3,0.5827363133430481,0.877047061920166,0.2943107485771179
images/train/0000199_00000_d_0000162.jpg,16,2,4,2,0.9153407216072083,0.9572101831436157,0.04186946153640747
images/train/0000199_00000_d_0000162.jpg,17,2,5,3,0.8114715218544006,0.9257401823997498,0.11426866054534912
images/train/0000199_00000_d_0000162.jpg,18,3,5,2,1.4394619464874268,1.6131539344787598,0.173691987991333
images/train/0000199_00000_d_0000162.jpg,19,6,10,4,0.9339087605476379,1.0675219297409058,0.13361316919326782
images/train/0000199_00000_d_0000162.jpg,20,3,3,0,0.43047624826431274,0.43047624826431274,0.0
images/train/0000199_00000_d_0000162.jpg,21,5,9,4,1.169613242149353,1.1696772575378418,6.401538848876953e-05
images/train/0000199_00000_d_0000162.jpg,22,4,5,1,0.5244176983833313,0.5244176983833313,0.0
images/train/0000199_00000_d_0000162.jpg,23,3,3,0,0.9129325747489929,0.9129325747489929,0.0
images/train/0000199_00000_d_0000162.jpg,24,2,0,-2,0.33940190076828003,0.0,-0.33940190076828003
images/train/0000199_00000_d_0000162.jpg,25,4,10,6,1.9570434093475342,2.0594875812530518,0.10244417190551758
images/train/0000199_00000_d_0000162.jpg,26,5,9,4,0.9560983180999756,1.222923994064331,0.26682567596435547
images/train/0000199_00000_d_0000162.jpg,27,3,3,0,0.69585782289505,0.69585782289505,0.0
images/train/0000199_00000_d_0000162.jpg,28,2,5,3,1.158945083618164,1.6230865716934204,0.46414148807525635
images/train/0000199_00000_d_0000162.jpg,29,1,3,2,0.6504759192466736,1.3740326166152954,0.7235566973686218
images/train/0000199_00000_d_0000162.jpg,30,2,2,0,0.5681324005126953,0.5681324005126953,0.0
images/train/0000199_00000_d_0000162.jpg,31,2,2,0,1.1956098079681396,1.1956098079681396,0.0
images/train/0000199_00000_d_0000162.jpg,32,1,1,0,0.6608743071556091,0.6608743071556091,0.0
images/train/0000199_00000_d_0000162.jpg,33,2,3,1,0.6731085777282715,0.6731088161468506,2.384185791015625e-07
images/train/0000199_00000_d_0000162.jpg,34,1,4,3,0.5749596357345581,0.5749651789665222,5.543231964111328e-06
images/train/0000199_00000_d_0000162.jpg,35,2,5,3,1.1364927291870117,1.136639952659607,0.00014722347259521484
images/train/0000199_00000_d_0000162.jpg,36,2,3,1,0.616184413433075,0.616184413433075,0.0
images/train/0000199_00000_d_0000162.jpg,37,3,5,2,1.3568716049194336,1.4094350337982178,0.05256342887878418
images/train/0000199_00000_d_0000162.jpg,38,3,4,1,0.635691225528717,0.635691225528717,0.0
images/train/0000199_00000_d_0000162.jpg,39,1,2,1,0.16124305129051208,0.16124305129051208,0.0
images/train/0000200_00000_d_0000168.jpg,0,9,13,4,4.476437568664551,4.527883529663086,0.051445960998535156
images/train/0000200_00000_d_0000168.jpg,1,2,3,1,0.7402680516242981,0.7402680516242981,0.0
images/train/0000200_00000_d_0000168.jpg,2,1,2,1,0.5870937705039978,0.63941490650177,0.05232113599777222
images/train/0000200_00000_d_0000168.jpg,3,3,9,6,1.5766063928604126,1.72378671169281,0.14718031883239746
images/train/0000200_00000_d_0000168.jpg,5,9,13,4,6.711931228637695,6.855243682861328,0.1433124542236328
images/train/0000200_00000_d_0000168.jpg,6,1,0,-1,0.08240407705307007,0.0,-0.08240407705307007
images/train/0000200_00000_d_0000168.jpg,7,4,12,8,1.8578927516937256,2.1446166038513184,0.2867238521575928
images/train/0000200_00000_d_0000168.jpg,8,0,0,0,0.0,0.0,0.0
images/train/0000200_00000_d_0000168.jpg,9,0,2,2,0.0,0.7439125180244446,0.7439125180244446
images/train/0000200_00000_d_0000168.jpg,10,8,13,5,4.517854690551758,4.669992446899414,0.15213775634765625
images/train/0000200_00000_d_0000168.jpg,12,10,13,3,4.9385786056518555,5.090364933013916,0.15178632736206055
images/train/0000200_00000_d_0000168.jpg,15,2,8,6,1.5516152381896973,2.1555604934692383,0.603945255279541
images/train/0000200_00000_d_0000168.jpg,16,2,7,5,1.689842700958252,1.8099597692489624,0.12011706829071045
images/train/0000200_00000_d_0000168.jpg,17,3,11,8,1.360367774963379,2.2289462089538574,0.8685784339904785
images/train/0000200_00000_d_0000168.jpg,18,5,13,8,3.078666925430298,4.307199478149414,1.2285325527191162
images/train/0000200_00000_d_0000168.jpg,19,5,8,3,2.8266568183898926,2.8460805416107178,0.019423723220825195
images/train/0000200_00000_d_0000168.jpg,20,3,5,2,1.6292645931243896,1.6292645931243896,0.0
images/train/0000200_00000_d_0000168.jpg,21,2,10,8,1.3004987239837646,2.991218328475952,1.6907196044921875
images/train/0000200_00000_d_0000168.jpg,22,10,13,3,4.071330547332764,4.483755111694336,0.41242456436157227
images/train/0000200_00000_d_0000168.jpg,23,3,3,0,0.42964857816696167,0.42964857816696167,0.0
images/train/0000200_00000_d_0000168.jpg,24,2,2,0,0.5968668460845947,0.5968668460845947,0.0
images/train/0000200_00000_d_0000168.jpg,25,2,5,3,0.6311215758323669,0.6796555519104004,0.04853397607803345
images/train/0000200_00000_d_0000168.jpg,26,2,0,-2,0.31411126255989075,0.0,-0.31411126255989075
images/train/0000200_00000_d_0000168.jpg,27,0,1,1,0.0,0.0,0.0
images/train/0000200_00000_d_0000168.jpg,28,3,3,0,0.7291104197502136,0.7291104197502136,0.0
images/train/0000200_00000_d_0000168.jpg,29,1,4,3,0.7401289343833923,0.7401289343833923,0.0
images/train/0000200_00000_d_0000168.jpg,30,0,2,2,0.0,0.0,0.0
images/train/0000200_00000_d_0000168.jpg,31,3,3,0,0.9770036339759827,0.9770036339759827,0.0
images/train/0000200_00000_d_0000168.jpg,32,5,5,0,0.4839574694633484,0.4839574694633484,0.0
images/train/0000200_00000_d_0000168.jpg,33,3,3,0,0.4320930540561676,0.4320930540561676,0.0
images/train/0000200_00000_d_0000168.jpg,34,5,5,0,1.1226524114608765,1.1226524114608765,0.0
images/train/0000200_00000_d_0000168.jpg,35,6,6,0,0.7499539256095886,0.7499539256095886,0.0
images/train/0000226_01146_d_0000004.jpg,4,10,13,3,7.987208366394043,9.22606372833252,1.2388553619384766
images/train/0000226_01146_d_0000004.jpg,5,10,13,3,8.712776184082031,9.004916191101074,0.29214000701904297
images/train/0000226_01146_d_0000004.jpg,7,10,13,3,6.224516868591309,6.651671409606934,0.427154541015625
images/train/0000226_01146_d_0000004.jpg,8,10,13,3,7.094980239868164,7.098728179931641,0.0037479400634765625
images/train/0000226_01146_d_0000004.jpg,9,4,13,9,2.4691476821899414,2.932175636291504,0.4630279541015625
images/train/0000226_01146_d_0000004.jpg,10,7,13,6,3.2515110969543457,3.2836873531341553,0.03217625617980957
images/train/0000226_01146_d_0000004.jpg,11,5,13,8,3.8820860385894775,4.373126029968262,0.4910399913787842
images/train/0000226_01146_d_0000004.jpg,12,3,9,6,2.028928279876709,2.533923387527466,0.5049951076507568
images/train/0000226_01146_d_0000004.jpg,13,0,1,1,0.0,0.0,0.0
images/train/0000226_01146_d_0000004.jpg,14,4,4,0,0.8287720084190369,0.8287720084190369,0.0
images/train/0000226_01146_d_0000004.jpg,15,5,6,1,1.3359392881393433,1.3359392881393433,0.0
images/train/0000226_01146_d_0000004.jpg,16,5,5,0,1.1130080223083496,1.1130080223083496,0.0
images/train/0000226_01146_d_0000004.jpg,17,4,5,1,1.1652523279190063,1.1652523279190063,0.0
images/train/0000226_01146_d_0000004.jpg,18,5,5,0,0.807549774646759,0.807549774646759,0.0
images/train/0000226_01146_d_0000004.jpg,19,2,3,1,0.8708840608596802,0.8708840608596802,0.0
images/train/0000226_01146_d_0000004.jpg,20,5,5,0,1.465885043144226,1.465885043144226,0.0
images/train/0000226_01146_d_0000004.jpg,21,2,4,2,0.5953542590141296,0.5953542590141296,0.0
images/train/0000226_01146_d_0000004.jpg,22,4,4,0,0.5369148850440979,0.5369148850440979,0.0
images/train/0000226_01146_d_0000004.jpg,23,3,4,1,0.7317833304405212,0.7317833304405212,0.0
images/train/0000226_01146_d_0000004.jpg,24,0,1,1,0.0,0.0,0.0
images/train/0000226_01146_d_0000004.jpg,25,1,2,1,0.35013946890830994,0.35013946890830994,0.0
images/train/0000226_01146_d_0000004.jpg,26,1,5,4,3.563164864317514e-05,3.563164864317514e-05,0.0
images/train/0000226_01146_d_0000004.jpg,27,0,0,0,0.0,0.0,0.0
images/train/0000226_01146_d_0000004.jpg,28,2,5,3,0.5071266293525696,0.5071266293525696,0.0
images/train/0000226_01146_d_0000004.jpg,29,1,3,2,0.38020291924476624,0.38020291924476624,0.0
images/train/0000226_01146_d_0000004.jpg,30,2,1,-1,0.2545801103115082,0.0,-0.2545801103115082
images/train/0000226_01146_d_0000004.jpg,31,0,2,2,0.0,0.38803842663764954,0.38803842663764954
images/train/0000226_01146_d_0000004.jpg,32,5,5,0,1.0941098928451538,1.0941098928451538,0.0
images/train/0000226_01146_d_0000004.jpg,33,4,9,5,2.619703769683838,3.7057039737701416,1.0860002040863037
images/train/0000226_01146_d_0000004.jpg,34,2,3,1,1.287017583847046,1.2900094985961914,0.002991914749145508
images/train/0000226_01146_d_0000004.jpg,35,4,7,3,1.5038304328918457,1.7669966220855713,0.2631661891937256
images/train/0000226_01146_d_0000004.jpg,36,3,9,6,1.9168435335159302,2.637242317199707,0.7203987836837769
images/train/0000226_01146_d_0000004.jpg,37,2,4,2,0.9863061904907227,0.9869962334632874,0.0006900429725646973
images/train/0000226_01146_d_0000004.jpg,38,3,3,0,1.0666224956512451,1.0666224956512451,0.0
images/train/0000226_01146_d_0000004.jpg,39,2,3,1,1.0708231925964355,1.1386547088623047,0.06783151626586914
images/train/0000226_01146_d_0000004.jpg,40,4,6,2,0.9128507375717163,0.9452866315841675,0.03243589401245117
images/train/0000226_01146_d_0000004.jpg,41,2,7,5,1.7631118297576904,2.089629888534546,0.32651805877685547
images/train/0000226_01146_d_0000004.jpg,42,1,2,1,0.5454837083816528,0.7913609147071838,0.245877206325531
images/train/0000226_01146_d_0000004.jpg,43,2,5,3,0.9989834427833557,1.0680955648422241,0.06911212205886841
images/train/0000226_01146_d_0000004.jpg,44,2,1,-1,0.5984377264976501,0.556653618812561,-0.04178410768508911
images/train/0000226_01146_d_0000004.jpg,45,3,3,0,0.6875520944595337,0.6925161480903625,0.004964053630828857
images/train/0000226_01146_d_0000004.jpg,46,3,4,1,1.1851643323898315,1.1851643323898315,0.0
images/train/0000226_01146_d_0000004.jpg,47,1,1,0,0.4745106101036072,0.4745106101036072,0.0
images/train/0000226_01146_d_0000004.jpg,48,1,3,2,0.20762671530246735,0.20762671530246735,0.0
images/train/0000226_01146_d_0000004.jpg,49,1,1,0,0.539449155330658,0.539449155330658,0.0
images/train/0000226_01146_d_0000004.jpg,50,1,3,2,0.7116335034370422,0.7149969339370728,0.0033634305000305176
images/train/0000226_01146_d_0000004.jpg,51,2,2,0,0.7977869510650635,0.7977869510650635,0.0
images/train/0000226_01146_d_0000004.jpg,52,2,2,0,1.1309149265289307,1.1309149265289307,0.0
images/train/0000226_01146_d_0000004.jpg,53,1,1,0,0.33331289887428284,0.33331289887428284,0.0
images/train/0000226_01146_d_0000004.jpg,54,2,1,-1,0.7057744860649109,0.7051525712013245,-0.0006219148635864258
images/train/0000226_01146_d_0000004.jpg,55,2,2,0,0.5674616098403931,0.5674616098403931,0.0
images/train/0000226_01146_d_0000004.jpg,56,2,2,0,0.8759505748748779,0.8759505748748779,0.0
images/train/0000226_01146_d_0000004.jpg,57,1,1,0,0.8301777839660645,0.8301777839660645,0.0
images/train/0000226_01146_d_0000004.jpg,58,1,1,0,0.26129981875419617,0.26129981875419617,0.0
images/train/0000226_01146_d_0000004.jpg,59,1,2,1,0.2782663404941559,0.3741286098957062,0.09586226940155029
images/train/0000226_01146_d_0000004.jpg,60,2,2,0,0.5013949871063232,0.5013949871063232,0.0
images/train/0000226_01146_d_0000004.jpg,61,2,2,0,0.6749969720840454,0.6749969720840454,0.0
images/train/0000226_01146_d_0000004.jpg,62,1,1,0,0.7715454697608948,0.7715454697608948,0.0
images/train/0000226_01146_d_0000004.jpg,63,1,5,4,0.771259069442749,0.852631151676178,0.08137208223342896
images/train/0000226_01146_d_0000004.jpg,64,1,0,-1,0.0028004199266433716,0.0,-0.0028004199266433716
images/train/0000226_01146_d_0000004.jpg,65,2,2,0,0.5839163661003113,0.5839163661003113,0.0
images/train/0000226_01146_d_0000004.jpg,66,2,2,0,0.7250819206237793,0.7250819206237793,0.0
images/train/0000226_01146_d_0000004.jpg,67,1,2,1,0.6662806868553162,0.6975184679031372,0.031237781047821045
images/train/0000226_01146_d_0000004.jpg,68,2,2,0,0.7028142809867859,0.7028142809867859,0.0
images/train/0000226_01146_d_0000004.jpg,69,1,1,0,0.40491005778312683,0.40491005778312683,0.0
images/train/0000226_01146_d_0000004.jpg,70,1,1,0,0.7400425672531128,0.7400425672531128,0.0
images/train/0000226_01146_d_0000004.jpg,71,2,2,0,0.6161885857582092,0.6200334429740906,0.0038448572158813477
images/train/0000226_01146_d_0000004.jpg,72,3,2,-1,0.7457601428031921,0.7457600831985474,-5.960464477539063e-08
images/train/0000226_01146_d_0000004.jpg,73,1,2,1,0.628179669380188,0.628179669380188,0.0
images/train/0000226_01146_d_0000004.jpg,74,0,0,0,0.0,0.0,0.0
images/train/0000226_01146_d_0000004.jpg,75,1,1,0,0.831489622592926,0.831489622592926,0.0
images/train/0000226_01146_d_0000004.jpg,76,0,0,0,0.0,0.0,0.0
images/train/0000226_01146_d_0000004.jpg,77,0,1,1,0.0,0.11637216806411743,0.11637216806411743
images/train/0000226_01146_d_0000004.jpg,78,2,2,0,0.5360584855079651,0.5360584855079651,0.0
images/train/0000226_01146_d_0000004.jpg,79,1,1,0,0.3029279112815857,0.3029279112815857,0.0
images/train/0000226_01146_d_0000004.jpg,80,1,1,0,0.6837071776390076,0.6837071776390076,0.0
images/train/0000226_01146_d_0000004.jpg,81,1,2,1,0.6326526403427124,0.6326526403427124,0.0
images/train/0000226_01146_d_0000004.jpg,82,0,0,0,0.0,0.0,0.0
images/train/0000226_01146_d_0000004.jpg,83,0,0,0,0.0,0.0,0.0
images/train/0000226_01146_d_0000004.jpg,84,2,2,0,0.8323712944984436,0.8323712944984436,0.0
images/train/0000226_01146_d_0000004.jpg,85,3,4,1,0.9435391426086426,0.9435391426086426,0.0
images/train/0000226_01146_d_0000004.jpg,86,0,0,0,0.0,0.0,0.0
images/train/0000226_01146_d_0000004.jpg,87,1,1,0,0.3947720229625702,0.3947720229625702,0.0
images/train/0000226_01146_d_0000004.jpg,88,0,0,0,0.0,0.0,0.0
images/train/0000226_01146_d_0000004.jpg,89,2,2,0,0.5080531239509583,0.5080531239509583,0.0
images/train/0000226_01146_d_0000004.jpg,90,0,0,0,0.0,0.0,0.0
images/train/0000226_01146_d_0000004.jpg,91,2,2,0,0.7438408136367798,0.7438408136367798,0.0
images/train/0000226_01146_d_0000004.jpg,92,1,2,1,0.5068763494491577,0.5068763494491577,0.0
images/train/0000226_01146_d_0000004.jpg,93,0,0,0,0.0,0.0,0.0
images/train/0000226_01146_d_0000004.jpg,94,1,1,0,0.758751630783081,0.758751630783081,0.0
images/train/0000226_01146_d_0000004.jpg,95,1,3,2,0.6278241276741028,0.6278241276741028,0.0
images/train/0000226_01146_d_0000004.jpg,96,1,1,0,0.6115836501121521,0.6115836501121521,0.0
images/train/0000226_01146_d_0000004.jpg,97,1,1,0,0.4743981659412384,0.4743981659412384,0.0
images/train/0000226_01146_d_0000004.jpg,98,0,0,0,0.0,0.0,0.0
images/train/0000226_01146_d_0000004.jpg,99,0,0,0,0.0,0.0,0.0
images/train/0000226_01146_d_0000004.jpg,100,1,1,0,0.23139461874961853,0.23139461874961853,0.0
images/train/0000226_01146_d_0000004.jpg,101,1,2,1,0.18120156228542328,0.18120156228542328,0.0
images/train/0000226_01146_d_0000004.jpg,102,2,2,0,0.6426486968994141,0.6426486968994141,0.0
images/train/0000226_01146_d_0000004.jpg,103,1,1,0,0.4331250786781311,0.4331250786781311,0.0
images/train/0000226_01146_d_0000004.jpg,104,0,0,0,0.0,0.0,0.0
images/train/0000226_01146_d_0000004.jpg,105,1,1,0,0.5955684781074524,0.5955684781074524,0.0
images/train/0000226_01146_d_0000004.jpg,106,0,0,0,0.0,0.0,0.0
images/train/0000226_01146_d_0000004.jpg,107,1,2,1,0.5696669220924377,0.5696669220924377,0.0
images/train/0000226_01146_d_0000004.jpg,108,0,0,0,0.0,0.0,0.0
images/train/0000226_01146_d_0000004.jpg,109,0,0,0,0.0,0.0,0.0
images/train/0000226_01146_d_0000004.jpg,110,2,2,0,0.7289956212043762,0.7289956212043762,0.0
images/train/0000226_01146_d_0000004.jpg,111,0,0,0,0.0,0.0,0.0
images/train/0000226_01146_d_0000004.jpg,112,0,1,1,0.0,0.0,0.0
images/train/0000226_01146_d_0000004.jpg,113,1,1,0,0.02664506621658802,0.02664506621658802,0.0
images/train/0000226_01146_d_0000004.jpg,114,1,1,0,0.4952915608882904,0.4952915608882904,0.0
images/train/0000226_01146_d_0000004.jpg,115,0,0,0,0.0,0.0,0.0
images/train/0000226_01146_d_0000004.jpg,116,1,1,0,0.499691903591156,0.499691903591156,0.0
images/train/0000226_01146_d_0000004.jpg,117,1,1,0,0.01994890533387661,0.01994890533387661,0.0
images/train/0000226_01146_d_0000004.jpg,118,1,1,0,5.555154796780872e-26,5.555154796780872e-26,0.0
images/train/0000226_01146_d_0000004.jpg,119,3,4,1,0.5617149472236633,0.5617149472236633,0.0
images/train/0000226_01146_d_0000004.jpg,120,0,1,1,0.0,0.0,0.0
images/train/0000226_01146_d_0000004.jpg,121,0,0,0,0.0,0.0,0.0
images/train/0000226_01146_d_0000004.jpg,122,1,1,0,0.6717432141304016,0.6717432141304016,0.0
images/train/0000226_01146_d_0000004.jpg,123,1,1,0,0.4535757899284363,0.4535757899284363,0.0
images/train/0000226_01146_d_0000004.jpg,124,0,0,0,0.0,0.0,0.0
images/train/0000226_01146_d_0000004.jpg,125,0,0,0,0.0,0.0,0.0
images/train/0000226_01146_d_0000004.jpg,126,2,3,1,0.2656712532043457,0.2656712532043457,0.0
images/train/0000226_01146_d_0000004.jpg,127,0,0,0,0.0,0.0,0.0
images/train/0000226_01146_d_0000004.jpg,128,0,0,0,0.0,0.0,0.0
images/train/0000226_01146_d_0000004.jpg,129,0,0,0,0.0,0.0,0.0
images/train/0000226_01146_d_0000004.jpg,130,0,0,0,0.0,0.0,0.0
images/train/0000226_01146_d_0000004.jpg,131,1,1,0,0.23252040147781372,0.23252040147781372,0.0
images/train/0000226_01146_d_0000004.jpg,132,0,0,0,0.0,0.0,0.0
images/train/0000226_01146_d_0000004.jpg,133,0,0,0,0.0,0.0,0.0
images/train/0000226_01146_d_0000004.jpg,134,1,1,0,0.39587682485580444,0.39587682485580444,0.0
images/train/0000226_01146_d_0000004.jpg,135,2,3,1,0.3076171278953552,0.3076171278953552,0.0
images/train/0000226_01146_d_0000004.jpg,136,4,13,9,2.8368167877197266,5.372740745544434,2.535923957824707
images/train/0000226_01146_d_0000004.jpg,137,6,13,7,3.425689697265625,4.061417579650879,0.6357278823852539
images/train/0000226_01146_d_0000004.jpg,138,4,2,-2,0.6078089475631714,0.5589740872383118,-0.04883486032485962
images/train/0000226_01146_d_0000004.jpg,139,10,13,3,5.937436103820801,6.161059379577637,0.22362327575683594
images/train/0000226_01146_d_0000004.jpg,140,6,8,2,2.1995620727539062,2.200300693511963,0.0007386207580566406
images/train/0000226_01146_d_0000004.jpg,141,5,6,1,1.6353967189788818,1.6450996398925781,0.009702920913696289
images/train/0000226_01146_d_0000004.jpg,142,3,3,0,0.9417206645011902,1.0303373336791992,0.08861666917800903
images/train/0000226_01146_d_0000004.jpg,143,7,10,3,3.195448398590088,3.35261869430542,0.15717029571533203
images/train/0000226_01146_d_0000004.jpg,144,6,9,3,2.3958001136779785,2.4638893604278564,0.06808924674987793
images/train/0000226_01146_d_0000004.jpg,145,10,13,3,3.592787981033325,3.6447858810424805,0.05199790000915527
images/train/0000226_01146_d_0000004.jpg,146,8,9,1,2.9959754943847656,3.113656997680664,0.11768150329589844
images/train/0000226_01146_d_0000004.jpg,147,3,5,2,1.0850083827972412,1.1894258260726929,0.10441744327545166
images/train/0000226_01146_d_0000004.jpg,148,2,1,-1,0.361707866191864,0.23000042140483856,-0.13170744478702545
images/train/0000226_01146_d_0000004.jpg,150,8,12,4,2.361816167831421,2.3726189136505127,0.010802745819091797
images/train/0000226_01146_d_0000004.jpg,151,4,6,2,1.855536699295044,1.946864128112793,0.09132742881774902
images/train/0000235_00467_d_0000002.jpg,0,2,3,1,0.7948828339576721,1.367216944694519,0.5723341107368469
images/train/0000235_00467_d_0000002.jpg,1,5,6,1,2.714246988296509,2.714246988296509,0.0
images/train/0000235_00467_d_0000002.jpg,2,1,3,2,0.456058531999588,0.8789610862731934,0.42290255427360535
images/train/0000235_00467_d_0000002.jpg,3,4,4,0,0.5515000820159912,0.5515000820159912,0.0
images/train/0000235_00467_d_0000002.jpg,4,2,7,5,1.2095295190811157,1.634639859199524,0.4251103401184082
images/train/0000235_00467_d_0000002.jpg,5,10,13,3,2.728288173675537,2.7295656204223633,0.0012774467468261719
images/train/0000235_00467_d_0000002.jpg,6,4,12,8,2.6695618629455566,4.8366498947143555,2.167088031768799
images/train/0000235_00467_d_0000002.jpg,7,9,13,4,3.9943056106567383,4.952592372894287,0.9582867622375488
images/train/0000235_00467_d_0000002.jpg,8,7,13,6,3.140401601791382,4.282899379730225,1.1424977779388428
images/train/0000235_00467_d_0000002.jpg,9,10,13,3,7.646084308624268,8.594560623168945,0.9484763145446777
images/train/0000235_00467_d_0000002.jpg,10,4,7,3,0.3618767261505127,0.3604182004928589,-0.0014585256576538086
images/train/0000235_00467_d_0000002.jpg,11,3,7,4,1.0348570346832275,1.059762954711914,0.024905920028686523
images/train/0000235_00467_d_0000002.jpg,13,1,3,2,0.5383622050285339,1.1883751153945923,0.6500129103660583
images/train/0000235_00467_d_0000002.jpg,14,2,7,5,1.171637773513794,1.662976861000061,0.4913390874862671
images/train/0000235_00467_d_0000002.jpg,16,0,0,0,0.0,0.0,0.0
images/train/0000235_00467_d_0000002.jpg,17,0,2,2,0.0,0.2840312123298645,0.2840312123298645
images/train/0000235_00467_d_0000002.jpg,18,10,13,3,5.409326553344727,5.560664653778076,0.1513381004333496
images/train/0000235_00467_d_0000002.jpg,21,10,13,3,3.805981397628784,3.9019908905029297,0.09600949287414551
images/train/0000235_00467_d_0000002.jpg,25,6,10,4,0.9468601942062378,0.9469296336174011,6.943941116333008e-05
images/train/0000235_00467_d_0000002.jpg,26,6,11,5,1.4686343669891357,1.5286030769348145,0.05996870994567871
images/train/0000235_00467_d_0000002.jpg,27,10,13,3,5.652442455291748,5.9505085945129395,0.2980661392211914
images/train/0000235_00467_d_0000002.jpg,28,8,13,5,4.244651794433594,4.65473747253418,0.41008567810058594
images/train/0000260_01408_d_0000107.jpg,4,10,13,3,7.941774845123291,7.952400207519531,0.010625362396240234
images/train/0000260_01408_d_0000107.jpg,5,10,13,3,8.074892044067383,8.435388565063477,0.36049652099609375
images/train/0000260_01408_d_0000107.jpg,6,10,13,3,8.62877368927002,9.368880271911621,0.7401065826416016
images/train/0000260_01408_d_0000107.jpg,8,8,13,5,6.654061794281006,6.837378978729248,0.1833171844482422
images/train/0000260_01408_d_0000107.jpg,9,8,13,5,5.681309700012207,5.736598968505859,0.055289268493652344
images/train/0000260_01408_d_0000107.jpg,10,10,12,2,5.65144157409668,5.651590824127197,0.00014925003051757812
images/train/0000260_01408_d_0000107.jpg,11,8,13,5,5.45277214050293,5.570126056671143,0.11735391616821289
images/train/0000260_01408_d_0000107.jpg,12,4,10,6,2.4133119583129883,3.099543333053589,0.6862313747406006
images/train/0000260_01408_d_0000107.jpg,13,2,4,2,1.5267915725708008,2.1872353553771973,0.6604437828063965
images/train/0000260_01408_d_0000107.jpg,14,4,8,4,2.3071300983428955,2.3535306453704834,0.04640054702758789
images/train/0000260_01408_d_0000107.jpg,15,1,4,3,0.7123587727546692,1.6237627267837524,0.9114039540290833
images/train/0000260_01408_d_0000107.jpg,16,4,5,1,0.9638356566429138,0.9638357162475586,5.960464477539063e-08
images/train/0000260_01408_d_0000107.jpg,17,9,13,4,6.835543632507324,7.257460117340088,0.42191648483276367
images/train/0000260_01408_d_0000107.jpg,18,4,6,2,2.4806149005889893,2.738848924636841,0.25823402404785156
images/train/0000260_01408_d_0000107.jpg,19,2,6,4,0.7730847001075745,0.99625164270401,0.22316694259643555
images/train/0000260_01408_d_0000107.jpg,20,10,13,3,8.12311840057373,8.223326683044434,0.10020828247070312
images/train/0000260_01408_d_0000107.jpg,21,6,13,7,3.5778703689575195,3.6235461235046387,0.04567575454711914
images/train/0000260_01408_d_0000107.jpg,22,4,4,0,1.385542631149292,1.385542631149292,0.0
images/train/0000260_01408_d_0000107.jpg,23,2,2,0,1.3845986127853394,1.3845986127853394,0.0
images/train/0000260_01408_d_0000107.jpg,24,3,5,2,2.3662290573120117,2.3919835090637207,0.025754451751708984
images/train/0000260_01408_d_0000107.jpg,25,4,5,1,0.7727866172790527,0.7727866172790527,0.0
images/train/0000260_01408_d_0000107.jpg,26,5,5,0,0.6956872344017029,0.6956872344017029,0.0
images/train/0000260_01408_d_0000107.jpg,27,2,6,4,1.6114988327026367,2.508223056793213,0.8967242240905762
images/train/0000260_01408_d_0000107.jpg,28,3,5,2,0.9903904795646667,0.9908390045166016,0.00044852495193481445
images/train/0000260_01408_d_0000107.jpg,29,2,5,3,1.006461501121521,1.7970612049102783,0.7905997037887573
images/train/0000260_01408_d_0000107.jpg,30,1,3,2,0.24755032360553741,0.24755032360553741,0.0
images/train/0000260_01408_d_0000107.jpg,31,1,2,1,0.2083035111427307,0.2083035111427307,0.0
images/train/0000260_01408_d_0000107.jpg,32,1,2,1,0.49563533067703247,0.49563533067703247,0.0
images/train/0000260_01408_d_0000107.jpg,33,0,0,0,0.0,0.0,0.0
images/train/0000260_01408_d_0000107.jpg,34,0,0,0,0.0,0.0,0.0
images/train/0000260_01408_d_0000107.jpg,35,4,5,1,0.45629245042800903,0.45629245042800903,0.0
images/train/0000260_01408_d_0000107.jpg,36,3,5,2,0.8000742793083191,0.8000743389129639,5.960464477539063e-08
images/train/0000260_01408_d_0000107.jpg,37,1,2,1,0.5640952587127686,0.5640952587127686,0.0
images/train/0000260_01408_d_0000107.jpg,38,3,4,1,0.6756680011749268,0.6756680011749268,0.0
images/train/0000260_01408_d_0000107.jpg,39,2,3,1,0.5297470688819885,0.5297470688819885,0.0
images/train/0000260_01408_d_0000107.jpg,40,5,8,3,1.9152917861938477,1.9336036443710327,0.01831185817718506
images/train/0000260_01408_d_0000107.jpg,41,2,4,2,1.0373175144195557,1.0754374265670776,0.03811991214752197
images/train/0000260_01408_d_0000107.jpg,42,2,4,2,1.162041187286377,1.1636896133422852,0.0016484260559082031
images/train/0000260_01408_d_0000107.jpg,43,3,3,0,0.9702852368354797,0.9702852368354797,0.0
images/train/0000260_01408_d_0000107.jpg,44,4,4,0,1.5947253704071045,1.5947253704071045,0.0
images/train/0000260_01408_d_0000107.jpg,45,3,6,3,2.1623079776763916,2.218017339706421,0.0557093620300293
images/train/0000260_01408_d_0000107.jpg,46,3,10,7,1.903993010520935,3.637385606765747,1.733392596244812
images/train/0000260_01408_d_0000107.jpg,47,4,8,4,2.2566232681274414,2.269273042678833,0.012649774551391602
images/train/0000260_01408_d_0000107.jpg,48,4,7,3,0.8082234263420105,0.8091418147087097,0.0009183883666992188
images/train/0000260_01408_d_0000107.jpg,49,4,8,4,1.2867833375930786,1.4917303323745728,0.20494699478149414
images/train/0000260_01408_d_0000107.jpg,50,7,13,6,3.946150064468384,4.259494781494141,0.31334471702575684
images/train/0000260_01408_d_0000107.jpg,51,4,7,3,0.8099654912948608,0.8157249093055725,0.00575941801071167
images/train/0000260_01408_d_0000107.jpg,52,5,5,0,0.7482126951217651,0.7482092380523682,-3.4570693969726562e-06
images/train/0000260_01408_d_0000107.jpg,53,1,3,2,0.5891590118408203,1.021483302116394,0.43232429027557373
images/train/0000260_01408_d_0000107.jpg,54,3,2,-1,0.18013107776641846,0.17510002851486206,-0.0050310492515563965
images/train/0000260_01408_d_0000107.jpg,55,2,4,2,0.497027188539505,0.5373679399490356,0.04034075140953064
images/train/0000260_01408_d_0000107.jpg,56,8,10,2,1.2612156867980957,1.2618311643600464,0.0006154775619506836
images/train/0000260_01408_d_0000107.jpg,57,4,8,4,0.8773379921913147,0.8785061836242676,0.0011681914329528809
images/train/0000260_01408_d_0000107.jpg,58,2,7,5,0.4465094804763794,0.8062108755111694,0.35970139503479004
images/train/0000260_01408_d_0000107.jpg,59,3,6,3,0.19590255618095398,0.35960686206817627,0.1637043058872223
images/train/0000260_01408_d_0000107.jpg,60,7,9,2,2.802868366241455,2.802868366241455,0.0
images/train/0000260_01408_d_0000107.jpg,61,2,6,4,1.3918771743774414,1.6732035875320435,0.28132641315460205
images/train/0000260_01408_d_0000107.jpg,62,6,8,2,2.2659008502960205,2.3424129486083984,0.07651209831237793
images/train/0000260_01408_d_0000107.jpg,63,0,0,0,0.0,0.0,0.0
images/train/0000260_01408_d_0000107.jpg,64,5,5,0,0.5453736186027527,0.5453736186027527,0.0
images/train/0000260_01408_d_0000107.jpg,65,1,2,1,0.09650757908821106,0.09650757908821106,0.0
images/train/0000260_01408_d_0000107.jpg,66,5,5,0,0.7813737392425537,0.7813737392425537,0.0
images/train/0000260_01408_d_0000107.jpg,67,2,6,4,0.9284329414367676,0.9284329414367676,0.0
images/train/0000260_01408_d_0000107.jpg,68,4,6,2,1.0425047874450684,1.0425047874450684,0.0
images/train/0000260_01408_d_0000107.jpg,69,4,11,7,2.5148043632507324,3.355588674545288,0.8407843112945557
images/train/0000260_01408_d_0000107.jpg,70,7,10,3,2.4534711837768555,2.689038038253784,0.2355668544769287
images/train/0000260_01408_d_0000107.jpg,71,7,9,2,2.6992292404174805,2.7991466522216797,0.09991741180419922
images/train/0000260_01408_d_0000107.jpg,72,10,12,2,3.8104281425476074,4.017236709594727,0.20680856704711914
images/train/0000260_01408_d_0000107.jpg,73,8,11,3,3.1580545902252197,3.289609909057617,0.13155531883239746
images/train/0000260_01408_d_0000107.jpg,74,10,13,3,4.315652847290039,4.415439128875732,0.09978628158569336
images/train/0000260_01408_d_0000107.jpg,75,10,11,1,5.441805362701416,5.490446090698242,0.04864072799682617
images/train/0000260_01408_d_0000107.jpg,76,4,8,4,1.7662534713745117,2.2457168102264404,0.4794633388519287
images/train/0000260_01408_d_0000107.jpg,77,10,13,3,5.928853988647461,6.133725166320801,0.20487117767333984
images/train/0000260_01408_d_0000107.jpg,78,1,3,2,0.3074493408203125,0.40559184551239014,0.09814250469207764
images/train/0000260_01408_d_0000107.jpg,79,2,5,3,1.1903430223464966,1.2238402366638184,0.03349721431732178
images/train/0000290_03001_d_0000862.jpg,0,5,9,4,2.3212013244628906,2.393054962158203,0.0718536376953125
images/train/0000290_03001_d_0000862.jpg,1,3,4,1,1.680638074874878,1.8963921070098877,0.21575403213500977
images/train/0000290_03001_d_0000862.jpg,2,10,13,3,8.050639152526855,8.245609283447266,0.19497013092041016
images/train/0000290_03001_d_0000862.jpg,3,10,13,3,7.137017250061035,7.377272605895996,0.24025535583496094
images/train/0000290_03001_d_0000862.jpg,4,6,7,1,2.6018784046173096,2.588200569152832,-0.013677835464477539
images/train/0000290_03001_d_0000862.jpg,5,2,4,2,1.6413977146148682,2.9983503818511963,1.3569526672363281
images/train/0000290_03001_d_0000862.jpg,7,9,13,4,6.721411228179932,6.777581691741943,0.05617046356201172
images/train/0000290_03001_d_0000862.jpg,9,10,13,3,8.283987045288086,8.904162406921387,0.6201753616333008
images/train/0000290_03001_d_0000862.jpg,10,10,13,3,8.305644989013672,8.342292785644531,0.036647796630859375
images/train/0000290_03001_d_0000862.jpg,12,10,13,3,8.464914321899414,9.29791259765625,0.8329982757568359
images/train/0000290_03001_d_0000862.jpg,13,8,13,5,5.540654182434082,7.4527692794799805,1.9121150970458984
images/train/0000290_03001_d_0000862.jpg,14,5,13,8,3.3872272968292236,4.59841251373291,1.2111852169036865
images/train/0000290_03001_d_0000862.jpg,15,8,13,5,4.8524169921875,4.912503719329834,0.060086727142333984
images/train/0000290_03001_d_0000862.jpg,16,10,13,3,7.959721565246582,8.053359985351562,0.09363842010498047
images/train/0000290_03001_d_0000862.jpg,17,5,12,7,3.2869346141815186,3.8522586822509766,0.565324068069458
images/train/0000290_03001_d_0000862.jpg,18,10,13,3,7.372289657592773,7.920289993286133,0.5480003356933594
images/train/0000290_03001_d_0000862.jpg,19,9,13,4,5.975849628448486,6.042746067047119,0.06689643859863281
images/train/0000290_03001_d_0000862.jpg,20,10,13,3,3.648860454559326,3.656827449798584,0.007966995239257812
images/train/0000290_03001_d_0000862.jpg,21,2,6,4,0.698270320892334,0.7037525177001953,0.005482196807861328
images/train/0000290_03001_d_0000862.jpg,22,2,6,4,0.3966236710548401,0.4063010513782501,0.009677380323410034
images/train/0000290_03001_d_0000862.jpg,24,2,5,3,0.4124239981174469,0.5118339657783508,0.09940996766090393
images/train/0000290_03001_d_0000862.jpg,25,4,8,4,3.1065099239349365,3.142348527908325,0.03583860397338867
images/train/0000290_03001_d_0000862.jpg,26,3,7,4,2.1268081665039062,2.425687551498413,0.29887938499450684
images/train/0000290_03001_d_0000862.jpg,28,4,5,1,0.7923915982246399,0.7926100492477417,0.00021845102310180664
images/train/0000290_03001_d_0000862.jpg,29,3,6,3,1.8730096817016602,1.901714563369751,0.02870488166809082
images/train/0000290_03001_d_0000862.jpg,30,3,5,2,0.5656117796897888,0.5656117796897888,0.0
images/train/0000290_03001_d_0000862.jpg,31,2,6,4,1.500478982925415,2.6943142414093018,1.1938352584838867
images/train/0000290_03001_d_0000862.jpg,32,2,6,4,1.6451544761657715,2.148346185684204,0.5031917095184326
images/train/0000290_03001_d_0000862.jpg,33,4,5,1,2.285792350769043,2.3177380561828613,0.03194570541381836
images/train/0000290_03001_d_0000862.jpg,34,2,4,2,1.1143094301223755,1.567408561706543,0.4530991315841675
images/train/0000290_03001_d_0000862.jpg,35,2,7,5,0.8497568368911743,1.0405746698379517,0.19081783294677734
images/train/0000290_03001_d_0000862.jpg,36,1,5,4,0.8821314573287964,1.1190189123153687,0.23688745498657227
images/train/0000290_03001_d_0000862.jpg,37,2,4,2,0.7271279096603394,0.7326284050941467,0.005500495433807373
images/train/0000290_03001_d_0000862.jpg,38,3,8,5,1.8644914627075195,1.8699184656143188,0.005427002906799316
images/train/0000290_03001_d_0000862.jpg,39,4,5,1,2.501253128051758,2.501253128051758,0.0
images/train/0000290_03001_d_0000862.jpg,40,1,5,4,0.8391799330711365,0.9717446565628052,0.1325647234916687
images/train/0000290_03001_d_0000862.jpg,41,2,2,0,0.39347317814826965,0.7761446833610535,0.3826715052127838
images/train/0000290_03001_d_0000862.jpg,42,4,10,6,1.9553416967391968,2.3048365116119385,0.3494948148727417
images/train/0000290_03001_d_0000862.jpg,43,2,4,2,0.7498146891593933,1.2920457124710083,0.542231023311615
images/train/0000290_03001_d_0000862.jpg,44,3,6,3,1.4318175315856934,1.438902735710144,0.007085204124450684
images/train/0000290_03001_d_0000862.jpg,45,6,13,7,3.310326337814331,3.6997268199920654,0.3894004821777344
images/train/0000290_03001_d_0000862.jpg,46,10,13,3,6.110030174255371,6.516371250152588,0.4063410758972168
images/train/0000290_03001_d_0000862.jpg,47,10,13,3,7.7536821365356445,8.338202476501465,0.5845203399658203
images/train/0000290_03001_d_0000862.jpg,48,10,13,3,7.768308639526367,7.769132137298584,0.0008234977722167969
images/train/0000290_03001_d_0000862.jpg,49,10,13,3,8.071465492248535,8.121506690979004,0.05004119873046875
images/train/0000290_03001_d_0000862.jpg,50,10,13,3,8.673808097839355,8.758668899536133,0.08486080169677734
images/train/0000290_03001_d_0000862.jpg,51,8,12,4,3.2791316509246826,3.302685499191284,0.023553848266601562
images/train/0000290_03001_d_0000862.jpg,52,4,9,5,2.099900960922241,2.2297327518463135,0.12983179092407227
images/train/0000290_03001_d_0000862.jpg,53,3,3,0,0.7083754539489746,0.9765956997871399,0.2682202458381653
images/train/0000290_03001_d_0000862.jpg,54,10,13,3,8.016249656677246,8.336699485778809,0.3204498291015625
images/train/0000290_03001_d_0000862.jpg,55,10,13,3,4.424089431762695,4.4250311851501465,0.0009417533874511719
images/train/0000290_03001_d_0000862.jpg,56,10,13,3,7.849905967712402,9.10265064239502,1.2527446746826172
images/train/0000290_03001_d_0000862.jpg,57,10,13,3,3.140906572341919,3.302319049835205,0.16141247749328613
images/train/0000290_03001_d_0000862.jpg,58,6,10,4,3.0409626960754395,3.176854372024536,0.13589167594909668
images/train/0000290_03001_d_0000862.jpg,59,5,6,1,1.4218649864196777,1.4240596294403076,0.002194643020629883
images/train/0000290_03001_d_0000862.jpg,60,4,6,2,2.5386149883270264,2.6616060733795166,0.12299108505249023
images/train/0000290_03001_d_0000862.jpg,61,6,9,3,1.5287562608718872,1.5632593631744385,0.03450310230255127
images/train/0000290_03001_d_0000862.jpg,62,7,10,3,2.491018533706665,2.624356269836426,0.13333773612976074
images/train/0000290_03001_d_0000862.jpg,63,2,6,4,0.9260067343711853,1.2621285915374756,0.3361218571662903
images/train/0000290_03001_d_0000862.jpg,64,2,3,1,1.460860252380371,1.550539493560791,0.08967924118041992
images/train/0000290_03001_d_0000862.jpg,65,4,6,2,1.991414189338684,1.9918391704559326,0.00042498111724853516
images/train/0000290_03001_d_0000862.jpg,66,3,5,2,1.4761860370635986,1.5376639366149902,0.0614778995513916
images/train/0000290_03001_d_0000862.jpg,67,3,5,2,0.8898748159408569,1.0759007930755615,0.1860259771347046
images/train/0000290_03001_d_0000862.jpg,68,6,8,2,0.6941768527030945,0.6994803547859192,0.005303502082824707
images/train/0000290_03001_d_0000862.jpg,69,1,1,0,0.31576234102249146,0.31576234102249146,0.0
images/train/0000290_03001_d_0000862.jpg,70,1,2,1,0.45211780071258545,0.47559210658073425,0.023474305868148804
images/train/0000290_03001_d_0000862.jpg,71,1,1,0,0.10887183994054794,0.10887183994054794,0.0
images/train/0000290_03001_d_0000862.jpg,72,3,4,1,0.47770121693611145,0.4784964919090271,0.0007952749729156494
images/train/0000290_03001_d_0000862.jpg,73,4,5,1,1.350647211074829,1.350647211074829,0.0
images/train/0000290_03001_d_0000862.jpg,74,4,3,-1,0.7225930690765381,0.7215067744255066,-0.0010862946510314941
images/train/0000290_03001_d_0000862.jpg,75,3,4,1,1.8795616626739502,1.8795616626739502,0.0
images/train/0000290_03001_d_0000862.jpg,76,6,6,0,1.5673656463623047,1.5673656463623047,0.0
images/train/0000290_03001_d_0000862.jpg,77,2,1,-1,0.5935152173042297,0.5803377628326416,-0.013177454471588135
images/train/0000290_03001_d_0000862.jpg,78,6,9,3,3.29215145111084,3.306253433227539,0.014101982116699219
images/train/0000290_03001_d_0000862.jpg,79,3,5,2,1.4034465551376343,1.7217494249343872,0.31830286979675293
images/train/0000290_03001_d_0000862.jpg,80,6,9,3,1.4877142906188965,1.6082688570022583,0.12055456638336182
images/train/0000290_03001_d_0000862.jpg,81,7,11,4,3.1192030906677246,3.1310317516326904,0.01182866096496582
images/train/0000290_03001_d_0000862.jpg,82,2,6,4,1.4810233116149902,1.4810478687286377,2.4557113647460938e-05
images/train/0000290_03001_d_0000862.jpg,83,3,3,0,1.6643779277801514,1.6643779277801514,0.0
images/train/0000290_03001_d_0000862.jpg,84,3,5,2,0.6972022652626038,0.6922522187232971,-0.004950046539306641
images/train/0000290_03001_d_0000862.jpg,85,1,3,2,0.7117688655853271,0.7118886709213257,0.00011980533599853516
images/train/0000290_03001_d_0000862.jpg,86,3,6,3,1.3595322370529175,1.371080756187439,0.011548519134521484
images/train/0000290_03001_d_0000862.jpg,87,3,7,4,1.5691652297973633,1.7105270624160767,0.14136183261871338
images/train/0000290_03001_d_0000862.jpg,88,2,5,3,0.7802756428718567,0.9078490734100342,0.1275734305381775
images/train/0000290_03001_d_0000862.jpg,89,2,1,-1,0.3841457664966583,0.21175190806388855,-0.17239385843276978
images/train/0000290_03001_d_0000862.jpg,90,3,4,1,1.009260654449463,1.0128968954086304,0.0036362409591674805
images/train/0000290_03001_d_0000862.jpg,91,2,3,1,0.6082602143287659,0.6082718372344971,1.1622905731201172e-05
images/train/0000290_03001_d_0000862.jpg,92,2,6,4,0.7191259860992432,0.7714177966117859,0.052291810512542725
images/train/0000290_03001_d_0000862.jpg,93,4,5,1,2.706418991088867,2.706418991088867,0.0
images/train/0000290_03001_d_0000862.jpg,94,2,4,2,0.9186098575592041,0.9233871698379517,0.004777312278747559
images/train/0000290_03001_d_0000862.jpg,95,3,4,1,0.9349616765975952,0.9677971005439758,0.032835423946380615
images/train/0000290_03001_d_0000862.jpg,96,2,4,2,0.8872886896133423,0.8889026641845703,0.0016139745712280273
images/train/0000290_03001_d_0000862.jpg,97,2,4,2,1.1528738737106323,1.1582101583480835,0.005336284637451172
images/train/0000290_03001_d_0000862.jpg,98,2,3,1,0.2468641996383667,0.49910929799079895,0.25224509835243225
images/train/0000290_03001_d_0000862.jpg,99,4,5,1,0.9756941795349121,0.9756941795349121,0.0
images/train/0000290_03001_d_0000862.jpg,100,1,3,2,0.053247109055519104,0.053247109055519104,0.0
images/train/0000290_03001_d_0000862.jpg,101,3,4,1,0.44236207008361816,0.44236207008361816,0.0
images/train/0000290_03001_d_0000862.jpg,102,2,2,0,0.9791924953460693,0.9791924953460693,0.0
images/train/0000290_03001_d_0000862.jpg,103,2,2,0,0.4642948508262634,0.4642948508262634,0.0
images/train/0000290_03001_d_0000862.jpg,104,4,9,5,2.384793758392334,2.385619640350342,0.0008258819580078125
images/train/0000290_03001_d_0000862.jpg,105,2,7,5,1.454726219177246,1.7878968715667725,0.33317065238952637
images/train/0000290_03001_d_0000862.jpg,106,1,3,2,0.10284104943275452,0.10284104943275452,0.0
images/train/0000290_03001_d_0000862.jpg,107,2,6,4,1.4162299633026123,2.7319071292877197,1.3156771659851074
images/train/0000290_03001_d_0000862.jpg,108,1,4,3,0.6969612836837769,1.5167021751403809,0.819740891456604
images/train/0000290_03001_d_0000862.jpg,109,2,4,2,1.0279407501220703,1.029782772064209,0.0018420219421386719
images/train/0000290_03001_d_0000862.jpg,110,1,5,4,0.5884572863578796,0.7009091973304749,0.11245191097259521
images/train/0000290_03001_d_0000862.jpg,111,2,3,1,0.3041074573993683,0.32069286704063416,0.01658540964126587
images/train/0000290_03001_d_0000862.jpg,112,2,2,0,0.6420274972915649,0.6420274972915649,0.0
images/train/0000290_03001_d_0000862.jpg,113,2,2,0,0.9546821117401123,0.9546821117401123,0.0
images/train/0000290_03001_d_0000862.jpg,114,3,5,2,1.3579213619232178,1.3645784854888916,0.006657123565673828
images/train/0000290_03001_d_0000862.jpg,115,2,4,2,0.9044162034988403,0.9096406698226929,0.005224466323852539
images/train/0000290_03001_d_0000862.jpg,116,1,4,3,0.48663097620010376,0.4942307472229004,0.007599771022796631
images/train/0000290_03001_d_0000862.jpg,117,2,2,0,0.6944113969802856,0.6944113969802856,0.0
images/train/0000290_03001_d_0000862.jpg,118,1,1,0,0.44961094856262207,0.44961094856262207,0.0
images/train/0000290_03001_d_0000862.jpg,119,1,4,3,0.5423350930213928,0.5423350930213928,0.0
images/train/0000290_03001_d_0000862.jpg,120,3,3,0,0.7386996746063232,0.7386996746063232,0.0
images/train/0000290_03001_d_0000862.jpg,121,3,3,0,0.6265908479690552,0.6265908479690552,0.0
images/train/0000304_00201_d_0000203.jpg,4,10,13,3,6.687673091888428,7.2977423667907715,0.6100692749023438
images/train/0000304_00201_d_0000203.jpg,8,8,10,2,1.4822638034820557,1.4829262495040894,0.0006624460220336914
images/train/0000304_00201_d_0000203.jpg,9,10,13,3,2.699767589569092,2.704249858856201,0.004482269287109375
images/train/0000304_00201_d_0000203.jpg,10,4,5,1,1.2339437007904053,1.2339437007904053,0.0
images/train/0000304_00201_d_0000203.jpg,11,5,7,2,2.3434934616088867,2.3683557510375977,0.024862289428710938
images/train/0000304_00201_d_0000203.jpg,12,9,13,4,1.5115876197814941,1.5373520851135254,0.02576446533203125
images/train/0000304_00201_d_0000203.jpg,13,2,3,1,0.03443922847509384,0.03967326134443283,0.005234032869338989
images/train/0000304_00201_d_0000203.jpg,14,6,5,-1,0.9423401355743408,0.2759295701980591,-0.6664105653762817
images/train/0000304_00201_d_0000203.jpg,15,5,7,2,2.8975629806518555,2.9462690353393555,0.0487060546875
images/train/0000304_00201_d_0000203.jpg,19,10,12,2,4.603193283081055,4.604587078094482,0.0013937950134277344
images/train/0000304_00201_d_0000203.jpg,20,9,12,3,4.824451446533203,4.834609031677246,0.010157585144042969
images/train/0000304_00201_d_0000203.jpg,21,8,9,1,2.9976816177368164,3.037346601486206,0.03966498374938965
images/train/0000304_00201_d_0000203.jpg,22,5,7,2,1.9811588525772095,1.9842194318771362,0.003060579299926758
images/train/0000304_00201_d_0000203.jpg,23,7,11,4,2.75439715385437,2.9431817531585693,0.18878459930419922
images/train/0000304_00201_d_0000203.jpg,24,5,6,1,2.8621482849121094,3.0029640197753906,0.14081573486328125
images/train/0000304_00201_d_0000203.jpg,25,3,3,0,0.9057487845420837,0.9440057277679443,0.038256943225860596
images/train/0000304_00201_d_0000203.jpg,26,3,6,3,1.462903618812561,2.2624149322509766,0.7995113134384155
images/train/0000304_00201_d_0000203.jpg,27,2,5,3,0.9520860910415649,0.6134294271469116,-0.3386566638946533
images/train/0000304_00201_d_0000203.jpg,29,5,10,5,2.3579037189483643,2.532902240753174,0.17499852180480957
images/train/0000304_00201_d_0000203.jpg,31,6,12,6,2.7179417610168457,2.7232491970062256,0.005307435989379883
images/train/0000304_00201_d_0000203.jpg,32,10,13,3,5.492318153381348,5.589430332183838,0.09711217880249023
images/train/0000304_00201_d_0000203.jpg,33,10,13,3,4.932656764984131,5.217867851257324,0.28521108627319336
images/train/0000304_00201_d_0000203.jpg,34,6,8,2,1.9898464679718018,2.2578344345092773,0.2679879665374756
images/train/0000304_00201_d_0000203.jpg,39,6,11,5,1.7808940410614014,1.7890751361846924,0.008181095123291016
images/train/0000304_00201_d_0000203.jpg,40,10,13,3,4.803057670593262,5.296954154968262,0.493896484375
images/train/0000304_00201_d_0000203.jpg,41,5,8,3,0.7954277396202087,0.7955398559570312,0.00011211633682250977
images/train/0000304_00201_d_0000203.jpg,42,10,13,3,5.373346328735352,6.010140895843506,0.6367945671081543
images/train/0000304_00201_d_0000203.jpg,43,10,13,3,6.557947635650635,6.829183101654053,0.27123546600341797
images/train/0000304_00201_d_0000203.jpg,44,10,13,3,2.948500871658325,2.9941747188568115,0.04567384719848633
images/train/0000304_00201_d_0000203.jpg,45,3,5,2,1.2551926374435425,1.258202314376831,0.0030096769332885742
images/train/0000304_00201_d_0000203.jpg,46,10,13,3,7.891194820404053,8.468657493591309,0.5774626731872559
images/train/0000304_00201_d_0000203.jpg,48,10,12,2,5.6951398849487305,6.117779731750488,0.4226398468017578
images/train/0000304_00201_d_0000203.jpg,49,2,5,3,0.3922119736671448,0.8231090903282166,0.4308971166610718
images/train/0000304_00201_d_0000203.jpg,51,2,8,6,1.1764867305755615,1.4408262968063354,0.2643395662307739
images/train/0000304_00201_d_0000203.jpg,52,3,6,3,1.2844713926315308,2.023134231567383,0.738662838935852
images/train/0000304_00201_d_0000203.jpg,53,3,5,2,1.3138442039489746,1.3191041946411133,0.005259990692138672
images/train/9999943_00000_d_0000065.jpg,1,5,11,6,2.3679540157318115,3.2951900959014893,0.9272360801696777
images/train/9999943_00000_d_0000065.jpg,2,8,13,5,3.590134382247925,3.604288339614868,0.01415395736694336
images/train/9999943_00000_d_0000065.jpg,3,8,12,4,5.154993057250977,5.315856456756592,0.16086339950561523
images/train/9999943_00000_d_0000065.jpg,4,6,13,7,4.742380619049072,5.181641578674316,0.43926095962524414
images/train/9999943_00000_d_0000065.jpg,5,1,2,1,0.38617536425590515,0.38617536425590515,0.0
images/train/9999943_00000_d_0000065.jpg,6,4,10,6,1.7705707550048828,2.929365634918213,1.15879487991333
images/train/9999943_00000_d_0000065.jpg,7,10,13,3,8.148249626159668,8.334921836853027,0.18667221069335938
images/train/9999943_00000_d_0000065.jpg,13,3,7,4,0.379912793636322,0.39684662222862244,0.016933828592300415
images/train/9999943_00000_d_0000065.jpg,20,9,13,4,5.882402420043945,5.963906288146973,0.08150386810302734
images/train/9999943_00000_d_0000065.jpg,21,10,13,3,3.5968644618988037,3.7268714904785156,0.13000702857971191
images/train/9999943_00000_d_0000065.jpg,22,5,8,3,1.7348792552947998,1.7924996614456177,0.05762040615081787
images/train/9999943_00000_d_0000065.jpg,23,1,2,1,0.13562868535518646,0.17332293093204498,0.03769424557685852
images/train/9999943_00000_d_0000065.jpg,24,8,13,5,3.28240966796875,3.7123003005981445,0.42989063262939453
images/train/9999943_00000_d_0000065.jpg,25,5,12,7,1.6959195137023926,2.09898042678833,0.4030609130859375
